Species,Plant,GrowthCO2ppm,Obs,PARi,Photo,Ci,CO2R,Cond,vp_kPa
H. aturensis,1,200,4,1500,5.523659434478783,66.81476284842238,92.12618255615236,0.5726212515415026,2.891107671159203
H. aturensis,1,200,5,1500,4.9139552923524175,60.65323959606851,82.252716064453125,0.6160158888996121,2.9346274955340195
H. aturensis,1,200,6,1500,4.122568994003544,53.33687398827326,72.2342758178711,0.5893465389832878,2.9524943303903126
H. aturensis,1,200,7,1500,3.2911121703305324,46.06037829225876,62.06960678100586,0.553127472283344,2.9458147279731204
H. aturensis,1,200,8,1500,2.4865359846723476,38.93982054798319,51.93138885498047,0.5166538453568394,2.91889299983278
H. aturensis,1,200,21,400,3.117475943292257,74.16098001848064,92.28800964355469,0.4460434779841392,2.9654974034267796
H. aturensis,1,200,22,400,2.6826486047101183,67.8676493237557,82.429534912109375,0.5098368035424148,3.0147924450135326
H. aturensis,1,200,23,400,2.2894593494948543,60.46830001651366,72.396942138671875,0.5603368327613636,3.045137896268323
H. aturensis,1,200,24,400,1.713762086621541,53.08198226091199,62.20257186889648,0.5875215162336173,3.0616525263804943
H. aturensis,1,200,25,400,1.1761586926274004,45.41573720030676,52.11574172973633,0.6029933267789518,3.0662347818997513
H. aturensis,1,200,30,250,2.347271855623191,77.03187918870066,92.243743896484375,0.41543853581160906,2.9619802438820626
H. aturensis,1,200,31,250,2.0361281768472397,69.68220811032265,82.35443878173828,0.4578312092972548,2.9908119831090736
H. aturensis,1,200,32,250,1.6838460499539054,62.27660959200806,72.3463134765625,0.5058934769684377,2.9917679928792493
H. aturensis,1,200,33,250,1.1141640591973645,54.83948957607508,62.19928741455078,0.511403938272709,3.007145826540291
H. aturensis,1,200,34,250,0.6753692865630759,46.76622983405788,52.11022186279297,0.49783946092950143,3.002868346347648
H. aturensis,1,200,39,150,1.474149896717983,78.2201355186508,92.25657653808594,0.2787549938775152,2.823710467227065
H. aturensis,1,200,40,150,1.1863029307941162,71.8403912884857,82.39808654785156,0.33234909015325936,2.872007235725905
H. aturensis,1,200,41,150,0.9292186333942719,64.29785616419751,72.402252197265625,0.3766619505072034,2.8946381626046787
H. aturensis,1,200,42,150,0.5464669829699265,56.69156771383945,62.2680778503418,0.405280057912246,2.9120902313807164
H. aturensis,1,200,43,150,0.14386250868883355,48.90432550799884,52.20087814331055,0.41377714202737026,2.921045280982944
H. aturensis,1,200,48,100,0.7865951095027792,81.79889209694485,92.25760650634764,0.2358381060841901,2.719604696607683
H. aturensis,1,200,49,100,0.675197748429147,74.25734565426845,82.48729705810547,0.28841764574559475,2.7611289362917306
H. aturensis,1,200,50,100,0.4720743086241779,66.29926463716544,72.464630126953125,0.331000619633835,2.794630962573923
H. aturensis,1,200,51,100,0.14283362722738546,58.49230935466757,62.33829498291016,0.3530818632074447,2.8057662039652933
H. aturensis,1,200,52,100,-0.2514038708519586,50.84067945384642,52.27645492553711,0.35942309018362173,2.823930417273223
H. aturensis,2,800,4,1500,4.198943111743349,55.11899308057029,88.1795425415039,0.2890303048622237,2.2241794711326657
H. aturensis,2,800,5,1500,3.7763693866570605,49.31411195201485,78.81778717041016,0.2940861241487807,2.258967239298319
H. aturensis,2,800,6,1500,3.177580007854187,44.35020186294692,69.94611358642578,0.287230240653597,2.2650652480192512
H. aturensis,2,800,7,1500,2.5401068937907296,38.520697001011534,60.52408218383789,0.26829486482323367,2.2614449765618483
H. aturensis,2,800,8,1500,1.9867179859707536,32.88965475872337,51.34164047241211,0.25334890847889596,2.2547746946453406
H. aturensis,2,800,21,400,2.2768421451365732,61.233836375442365,87.40187072753906,0.19533860608214168,2.382792909041047
H. aturensis,2,800,22,400,2.024743444490471,55.79093928255246,78.236785888671875,0.2077862491877761,2.4101700054747197
H. aturensis,2,800,23,400,1.6546500385414695,50.555141273509136,69.109619140625,0.21257158050787112,2.426056900295589
H. aturensis,2,800,24,400,1.2734361122432671,44.91615081518389,59.82120513916016,0.2133967507366964,2.4381748982955904
H. aturensis,2,800,25,400,0.8984719041735899,39.244315578668875,50.54596328735352,0.21500488691926647,2.4491635551065847
H. aturensis,2,800,30,250,1.7475674158942007,66.83044896453285,88.16749572753906,0.19274276054698777,2.472100994799679
H. aturensis,2,800,31,250,1.4194043792093525,61.63533781930007,78.74947357177734,0.20537251522089237,2.4919593038040766
H. aturensis,2,800,32,250,1.2416117540617313,54.80269590999511,69.70378875732422,0.2120597311301308,2.497022895488102
H. aturensis,2,800,33,250,0.8176489736373113,49.58239941216357,60.39664077758789,0.21519631324823,2.506862713403534
H. aturensis,2,800,34,250,0.4962150738531579,43.38502468686184,51.13248825073242,0.21614289101801387,2.515409572259523
H. aturensis,2,800,39,150,1.0649100786790318,71.89994349492493,87.94921875,0.1712534808619866,2.4952049961292944
H. aturensis,2,800,40,150,0.8646587256627846,66.06212929027511,78.9040298461914,0.18731190001515372,2.5232525578867353
H. aturensis,2,800,41,150,0.5994229924109349,60.25415174051137,69.85578918457031,0.19911334200517963,2.5451110083824022
H. aturensis,2,800,42,150,0.37831514154227597,53.32181972127454,60.41547775268555,0.20827745145252216,2.5621985895165564
H. aturensis,2,800,43,150,0.013071565134013863,47.624165487424165,51.166500091552734,0.2141865483082682,2.5745695960355808
H. aturensis,2,800,48,100,0.5662717815276929,77.18100921248396,87.909088134765625,0.17209418028302698,2.525704566804925
H. aturensis,2,800,49,100,0.34781031192723627,70.88380422772713,78.74031829833984,0.1841204360757374,2.54748911081627
H. aturensis,2,800,50,100,0.16547966568119413,63.97746374333096,69.59754180908203,0.19163126339751205,2.571509093825371
H. aturensis,2,800,51,100,0.006641126283508547,56.47396316223107,60.25431823730469,0.19667074924394892,2.5895859816167213
H. aturensis,2,800,52,100,-0.24353176734519832,49.976525157852635,51.17643356323242,0.2003586685360313,2.6160795211313963
H. isocalycia,1,200,4,1500,2.4368758363945093,77.43516533689724,92.5875701904297,0.436934410293688,2.752216352034899
H. isocalycia,1,200,5,1500,1.9218198490409388,70.7058347652387,82.69026184082033,0.4697593634892606,2.7733159665698186
H. isocalycia,1,200,6,1500,1.4238781309889323,63.17784133178018,72.62688446044922,0.4814529458257448,2.7863588448642984
H. isocalycia,1,200,7,1500,0.8400712664623154,55.934380536946605,62.44400405883789,0.4993568531183693,2.789172208741307
H. isocalycia,1,200,8,1500,0.17469982339275908,48.84466476057872,52.32923889160156,0.49218634726995714,2.778973832398551
H. isocalycia,1,200,21,400,1.2133531246091978,76.60793516115224,92.658843994140625,0.2010850944384281,2.4618518727509073
H. isocalycia,1,200,22,400,1.0381843272924538,69.80134518786973,82.80470275878906,0.22786335265298305,2.4808565052954945
H. isocalycia,1,200,23,400,0.6504581736242401,63.469368403438,72.74694061279298,0.24225975145082207,2.4875020427646377
H. isocalycia,1,200,24,400,0.27319775208448865,56.52319950814783,62.59027862548828,0.249636324876097,2.4897429091912637
H. isocalycia,1,200,25,400,-0.09609398321556925,49.419850217549374,52.500755310058594,0.2526436313633184,2.487900261608156
H. isocalycia,1,200,30,250,0.8553866653106714,74.3530873998085,92.59455871582033,0.125227161577949,2.313380201384425
H. isocalycia,1,200,31,250,0.6340976035532866,70.24673193665657,82.75470733642578,0.16103013048808623,2.3535292644008585
H. isocalycia,1,200,32,250,0.41831220743669717,63.01851149754371,72.70923614501953,0.16710451914686178,2.3571170330064923
H. isocalycia,1,200,33,250,0.08712869080138402,56.638420809831054,62.533668518066406,0.16904494978473245,2.3513700878596575
H. isocalycia,1,200,34,250,-0.30395489682128274,50.87942032988616,52.474388122558594,0.1683006424374105,2.343436894287297
H. isocalycia,1,200,39,150,0.44411123844519457,78.29508902713204,92.7342529296875,0.1051884114750818,2.23065838522173
H. isocalycia,1,200,40,150,0.3734315973216088,71.81680740374063,82.784332275390625,0.13574085720369852,2.2679751121126466
H. isocalycia,1,200,41,150,0.1785840826125789,64.61978839476804,72.70600128173828,0.14034336508233156,2.266855818923766
H. isocalycia,1,200,42,150,-0.13526260170899776,58.54508900846454,62.564579010009766,0.13648420428293584,2.2548820957166753
H. isocalycia,1,200,43,150,-0.43639888506708546,52.554243673675735,52.48025131225586,0.13127787839820013,2.2429169419342654
H. isocalycia,1,200,48,100,0.11891786320313047,81.03415895510578,92.6275634765625,0.07579686682023629,2.134398096683901
H. isocalycia,1,200,49,100,0.09529880532574497,73.79276672019175,82.7867202758789,0.10076876458891484,2.1637733117259197
H. isocalycia,1,200,50,100,-0.1343721275591489,68.01969487955007,72.75543212890625,0.11229551455164688,2.174643690987548
H. isocalycia,1,200,51,100,-0.3215220314618121,61.00209866595535,62.64873504638672,0.11055425637473146,2.164385317163935
H. isocalycia,1,200,52,100,-0.48176565571466,53.63881533629982,52.49333572387695,0.10582329857563988,2.153214468723512
H. isocalycia,2,800,4,1500,2.0379922457735096,69.36816564374473,85.152496337890625,0.33544612947510416,2.609673413870856
H. isocalycia,2,800,5,1500,1.7162314194920574,63.46313027032775,76.46468353271484,0.3633693793073142,2.632569622053794
H. isocalycia,2,800,6,1500,1.1689122177744746,57.824123670151614,67.65867614746094,0.36466334529900907,2.63324428282358
H. isocalycia,2,800,7,1500,0.4609791573303212,52.45704511837802,58.52779769897461,0.34270940915225356,2.619122668620199
H. isocalycia,2,800,8,1500,-0.15935592054897807,46.97135952466578,49.466941833496094,0.31288627990035983,2.606932169740321
H. isocalycia,2,800,21,400,1.4230485553479655,71.48278047263756,86.96944427490233,0.24076572527705137,2.5558521368788933
H. isocalycia,2,800,22,400,0.9481907538835799,65.4501620346124,77.1500015258789,0.2401544216525516,2.557723787239054
H. isocalycia,2,800,23,400,0.547464957774788,59.75574609353954,68.2802963256836,0.2377859549463273,2.5563437959672592
H. isocalycia,2,800,24,400,0.10043250471421439,54.20299467095214,59.104835510253906,0.23830597271257423,2.555844656160625
H. isocalycia,2,800,25,400,-0.39942226628053357,49.081856642812234,49.969818115234375,0.2388477404982406,2.5557732283665975
H. isocalycia,2,800,30,250,0.8306543598113665,72.0511902576778,86.68812561035156,0.16235666108906596,2.4953541421853007
H. isocalycia,2,800,31,250,0.5322597959762398,67.47075207659357,77.9217300415039,0.1799429216390526,2.5130495984729206
H. isocalycia,2,800,32,250,0.2367198087485637,61.63398636922286,68.75481414794922,0.1896377252225501,2.5235433514390024
H. isocalycia,2,800,33,250,-0.16915808404325247,56.493957846807014,59.565059661865234,0.19535872162063264,2.5268494035603943
H. isocalycia,2,800,34,250,-0.4557435072386004,50.12095916972835,50.41536712646485,0.20106304198601505,2.532322044105182
H. isocalycia,2,800,39,150,0.5608728705767563,74.86879589673556,87.01509094238281,0.1547554822974128,2.49608865104105
H. isocalycia,2,800,40,150,0.3075428402012293,69.75808703058058,78.21858215332033,0.17303775042477867,2.5147089174352004
H. isocalycia,2,800,41,150,0.06970713782967375,63.56574025217683,69.29005432128906,0.18016729716231397,2.522684355670324
H. isocalycia,2,800,42,150,-0.2963966254668132,58.086498170402614,60.03628158569336,0.1859858896595963,2.5283623656131677
H. isocalycia,2,800,43,150,-0.6791122575414695,52.6825017665928,50.843997955322266,0.18883008133411716,2.5336423346283845
H. isocalycia,2,800,48,100,0.1287650396733212,79.16041798867462,86.6545639038086,0.14647614016450636,2.4946233780874607
H. isocalycia,2,800,49,100,-0.0013498251212037404,72.53727862593428,77.97795867919922,0.16350617087932748,2.5130000243386457
H. isocalycia,2,800,50,100,-0.2586666865997405,66.64075383206762,69.1411361694336,0.17196450695302792,2.5217763638383475
H. isocalycia,2,800,51,100,-0.4831274164772991,59.71481141544655,59.782344818115234,0.1759894283879065,2.5276919716536215
H. isocalycia,2,800,52,100,-0.7640186436806817,53.589076754337086,50.67230987548828,0.1773235669573766,2.526540707145061
F. sonorensis,1,800,4,1500,3.718890956826783,70.33512094123884,89.9630126953125,0.5230163874197877,2.3170120107727854
F. sonorensis,1,800,5,1500,3.104920636349471,63.76803716363463,79.94157409667967,0.5533723149502124,2.327968245316297
F. sonorensis,1,800,6,1500,2.401582887627646,57.262781287076265,69.96919250488281,0.5807009195083883,2.341804717597552
F. sonorensis,1,800,7,1500,1.5839859618709498,50.9395048011318,59.99885559082031,0.6064219250309196,2.357707577914698
F. sonorensis,1,800,8,1500,0.7659155623912873,44.37757517902303,49.99600601196289,0.6302244142334035,2.3727079942011913
F. sonorensis,1,800,21,400,1.807935679964981,79.15706556782179,92.96656036376953,0.4087989281378965,2.1199080296112514
F. sonorensis,1,800,22,400,1.314401696431807,72.3946099170684,83.10350799560547,0.43303137087119986,2.146615580721045
F. sonorensis,1,800,23,400,0.6537754891202052,65.98273999725232,73.0433349609375,0.4573059935236264,2.169689902191807
F. sonorensis,1,800,24,400,-0.008722163922400994,59.16428547587424,62.84259414672851,0.4774267147220382,2.1909274397340632
F. sonorensis,1,800,25,400,-0.6294258123929974,52.05629439390584,52.690818786621094,0.5020235557578917,2.2042454643371165
F. sonorensis,1,800,30,250,0.872497173635607,83.3499474479751,92.71122741699219,0.4078997692300648,2.105461014114204
F. sonorensis,1,800,31,250,0.742171860719925,74.84893525370141,82.98664093017578,0.4232939046448205,2.1056676153001317
F. sonorensis,1,800,32,250,0.15413824366245432,67.98612024268452,72.92564392089844,0.4453989197162298,2.1384729359932244
F. sonorensis,1,800,33,250,-0.39408715221290125,60.744222513356135,62.74016952514648,0.4553062366122651,2.132192081471294
F. sonorensis,1,800,34,250,-0.9710952297958664,53.54900100034607,52.64239501953125,0.46731584451379926,2.146451538871275
F. sonorensis,1,800,39,150,0.22046017591963968,85.95303065777264,92.8022232055664,0.303549017337782,1.962486234903976
F. sonorensis,1,800,40,150,-0.010039522327997263,78.07403085891164,82.9663314819336,0.3345642782194005,1.9960917391197728
F. sonorensis,1,800,41,150,-0.4583934267904075,70.91236681157784,72.911224365234375,0.35989249009096413,2.025667139523197
F. sonorensis,1,800,42,150,-0.8349605714290469,63.07400903743866,62.781944274902344,0.3809840656519596,2.0473556138631106
F. sonorensis,1,800,43,150,-1.1697979675085834,54.879081621013285,52.64658737182618,0.40140746273540234,2.066579080767231
F. sonorensis,1,800,48,100,-0.29955755305851084,89.39263249411684,92.95464324951172,0.2881913937077033,1.982637352397869
F. sonorensis,1,800,49,100,-0.4388342493366458,80.71756610521408,83.09113311767578,0.32464714122227595,2.036924405224185
F. sonorensis,1,800,50,100,-0.8647669411217138,73.35324329569437,73.01756286621094,0.347729687482431,2.07034509968292
F. sonorensis,1,800,51,100,-1.0638438080938446,64.52286080597524,62.84464263916016,0.36379602388441246,2.0895519522989927
F. sonorensis,1,800,52,100,-1.3999371546915194,56.40661365405478,52.76124954223633,0.38094438589933105,2.111843272705155
F. sonorensis,2,200,4,1500,4.454233099985203,60.74637400074125,89.92989349365236,0.3627257225258491,1.9590442495813911
F. sonorensis,2,200,5,1500,4.231061949411875,56.13342348358356,79.93357849121094,0.449421910904289,2.059637444709311
F. sonorensis,2,200,6,1500,3.64040407250492,50.677838481238375,70.12142181396484,0.4952355846684176,2.1099836727005896
F. sonorensis,2,200,7,1500,2.827212658181266,44.87864485593835,60.082172393798835,0.5169029352347311,2.137973129316175
F. sonorensis,2,200,8,1500,1.8633135682160864,39.16387709120697,49.93867874145508,0.524533516270084,2.1525143208988156
F. sonorensis,2,200,21,400,2.4458094263719556,71.03813381075537,88.54334259033203,0.384452729745094,2.048246772146682
F. sonorensis,2,200,22,400,1.6955842931436094,65.02522355976863,79.4029312133789,0.34108637319872004,2.0085981875774306
F. sonorensis,2,200,23,400,0.9189275048089681,58.17211247584196,69.84769439697266,0.2503196876390513,1.9019847599701023
F. sonorensis,2,200,24,400,0.5944743093809308,51.79790028863207,60.64297866821289,0.25625293339813526,1.913449459547366
F. sonorensis,2,200,25,400,0.10248225665432065,46.61358438326889,51.26188278198242,0.2948443358234718,1.9641406469708893
F. sonorensis,2,200,30,250,1.2253086462056295,76.27930643991138,89.47015380859375,0.29652636036837315,1.9697853029044927
F. sonorensis,2,200,31,250,0.2981292615202138,68.57775488718457,80.224761962890625,0.11774011869505673,1.7151463206939517
F. sonorensis,2,200,32,250,0.12023949821953478,61.95759347130296,70.69506072998047,0.1183122934606612,1.7162749942233204
F. sonorensis,2,200,33,250,-0.09708956456470008,56.670292030611755,61.19600296020508,0.17118276141897346,1.8008241436025128
F. sonorensis,2,200,34,250,-0.25707851242606516,49.315226795693725,51.70333480834961,0.27724526908680847,1.9478960626386104
F. sonorensis,2,200,39,150,0.3456977876548861,81.0967157873751,89.71759033203125,0.22836722020886663,1.8778001479811792
F. sonorensis,2,200,40,150,-0.03724364799655189,74.47779192425755,80.32331848144531,0.16947791136154283,1.7924081045388591
F. sonorensis,2,200,41,150,-0.3561007056990161,68.60724638394348,70.6990966796875,0.14190249587354686,1.7481408931850455
F. sonorensis,2,200,42,150,-0.4974869403923441,60.80228382664576,61.33868408203125,0.17916998701380404,1.805683340740594
F. sonorensis,2,200,43,150,-0.7916620199775395,53.12440691002324,51.762752532958984,0.2601473353216311,1.916837086499116
F. sonorensis,2,200,48,100,-0.07766996527134759,84.53999202298368,89.3914566040039,0.3124488406059977,1.9638562141759612
F. sonorensis,2,200,49,100,-0.3761749262467983,77.49979600500913,80.13563537597656,0.26427189759647934,1.903911567022704
F. sonorensis,2,200,50,100,-0.627238808012302,71.6584350100819,70.61921691894531,0.14763851772398554,1.7341704039390895
F. sonorensis,2,200,51,100,-0.7581869828497318,64.82078635501077,61.0943603515625,0.12631541541462282,1.697981367867207
F. sonorensis,2,200,52,100,-0.9754966923147708,56.46721184210504,51.628265380859375,0.16931495377071312,1.7633299504079625
F. cronquistii,2,200,4,1500,1.5328275418426238,73.47936229649954,89.964630126953125,0.25341929638953253,2.3380153337912923
F. cronquistii,2,200,5,1500,1.0872997006396279,68.2096812716057,79.8795166015625,0.2847654497289868,2.36176630332561
F. cronquistii,2,200,6,1500,0.620811314716017,62.23658739533764,70.01123046875,0.30645471437292465,2.4102920044995844
F. cronquistii,2,200,7,1500,-0.10946175540109584,57.480392680259165,59.93706512451172,0.3503607011527241,2.4680200829515377
F. cronquistii,2,200,8,1500,-0.7963379205277105,51.83661695408611,49.976043701171875,0.37915828135202984,2.502252981556012
F. cronquistii,2,200,21,400,0.6027703371809006,74.61927596259812,88.21966552734375,0.13085823603401744,2.124353195422038
F. cronquistii,2,200,22,400,0.3159695583518139,69.80505183464189,78.81511688232422,0.14113666495520766,2.1483571984409355
F. cronquistii,2,200,23,400,-0.008653866653675457,65.07053154855947,69.48162841796875,0.15329903237316997,2.167911869055388
F. cronquistii,2,200,24,400,-0.37518216916773595,60.20013271777026,60.125118255615234,0.16585072746390908,2.1908368927334085
F. cronquistii,2,200,25,400,-0.7672641895395834,55.06182817596693,50.790828704833984,0.18048908901920335,2.217219413659288
F. cronquistii,2,200,30,250,0.3940324553366256,77.42245719498453,88.68504333496094,0.1226855998635633,2.101518794085248
F. cronquistii,2,200,31,250,0.16427629893436205,71.91900920178085,79.31427001953125,0.13024251991955835,2.1140319792767404
F. cronquistii,2,200,32,250,-0.20505716059117557,67.70304891815414,69.76994323730469,0.13903801076503572,2.129449638993363
F. cronquistii,2,200,33,250,-0.5079622383182376,62.38539329360693,60.52021408081055,0.1488461889500392,2.1521933534334092
F. cronquistii,2,200,34,250,-0.7882278546045611,56.34268259517172,51.17322540283203,0.15893635250534657,2.1719839009223505
F. cronquistii,2,200,39,150,0.023749016652551636,82.70172391117316,89.16156768798828,0.10369682781285998,2.0478539916477603
F. cronquistii,2,200,40,150,-0.19802831983299007,77.41300054871722,79.83961486816406,0.11028945061047768,2.0574949268646305
F. cronquistii,2,200,41,150,-0.37746757469044523,70.78848130988388,70.24066162109375,0.11723201809045028,2.0731992121342917
F. cronquistii,2,200,42,150,-0.627453953468023,65.20532060349946,61.01021957397461,0.12544261054010328,2.0898743673742137
F. cronquistii,2,200,43,150,-0.8939987554227607,59.23122760094173,51.5406608581543,0.13394312720573778,2.10642164573881
F. cronquistii,2,200,48,100,-0.30294421024330254,87.60577426605461,88.37379455566406,0.09447618177399576,2.0087221922412866
F. cronquistii,2,200,49,100,-0.41566642833198636,80.54181193002462,79.12201690673828,0.09826802854365928,2.014525121776387
F. cronquistii,2,200,50,100,-0.579412567684896,74.2514314125952,69.9002685546875,0.10170103742730112,2.0218145670959786
F. cronquistii,2,200,51,100,-0.7950991080636302,68.48188805279474,60.646339416503906,0.1077003607093702,2.027408094570972
F. cronquistii,2,200,52,100,-0.9865259526786905,61.849472744437875,51.23906326293945,0.11335265368150788,2.0420635307144694
F. pringlei,1,200,4,1500,3.4247749650220265,75.81846404497036,93.27660369873047,0.6987076660306308,2.712573959039524
F. pringlei,1,200,5,1500,2.3594089761184813,70.93651630234483,83.38763427734375,0.745563068133748,2.742024327526975
F. pringlei,1,200,6,1500,1.1977024053983074,65.93430207345273,73.32408905029298,0.797040872856593,2.770171802001336
F. pringlei,1,200,7,1500,0.12270194276665766,60.211042518255475,63.17416000366211,0.8518450639194256,2.794954087387596
F. pringlei,1,200,8,1500,-0.7893844057113101,53.64321395832109,53.04723358154297,0.91041097362859,2.83440875569859
F. pringlei,1,200,21,400,1.358310844107786,80.56694112449595,93.38972473144531,0.3381513909100799,2.3364015860665095
F. pringlei,1,200,22,400,0.8469207118968916,74.97303086728533,83.557037353515625,0.3877572077824996,2.3979397674635403
F. pringlei,1,200,23,400,0.24193955726727254,68.98344228308015,73.49058532714844,0.44209531308783473,2.4594491441705033
F. pringlei,1,200,24,400,-0.3907141994383676,62.44940192694008,63.31696701049805,0.5068798154272659,2.519849478370452
F. pringlei,1,200,25,400,-1.0152139417943014,55.4575859402208,53.23484420776367,0.5661921770804768,2.586445411220484
F. pringlei,1,200,30,250,0.8484563788269114,84.3117817417727,93.269683837890625,0.39068323596469096,2.386258709118236
F. pringlei,1,200,31,250,0.465787958615246,77.32839475695313,83.491119384765625,0.4253145867779147,2.4195493212057047
F. pringlei,1,200,32,250,-0.10115939437147133,70.70409611246616,73.39913177490233,0.4621339595148233,2.459619702201933
F. pringlei,1,200,33,250,-0.6292860649617339,63.51128439839298,63.24501037597656,0.5055820129516156,2.5013292324864307
F. pringlei,1,200,34,250,-1.199791530906086,56.34061362671462,53.20501327514648,0.5486218953547499,2.547287294727692
F. pringlei,1,200,39,150,0.12783684065295212,88.0410283290529,93.31546783447266,0.28284156093505153,2.2341582384184147
F. pringlei,1,200,40,150,-0.16934956707585158,80.74982828466301,83.46919250488281,0.32695233335227536,2.2938200558814135
F. pringlei,1,200,41,150,-0.477962351336768,72.93948714174353,73.459381103515625,0.38392557716946363,2.359521925234003
F. pringlei,1,200,42,150,-0.9165688849145208,65.32598935259988,63.28211212158203,0.4303836088123832,2.427484264237937
F. pringlei,1,200,43,150,-1.3480885742151703,57.59191365684519,53.210723876953125,0.47059499299410656,2.470635021711147
F. pringlei,1,200,48,100,-0.22291947562818396,91.18638332472904,93.334075927734375,0.15105007237278167,1.9890759802824467
F. pringlei,1,200,49,100,-0.45387667898201484,83.61386519714665,83.52117156982422,0.20390182895201803,2.098386545357207
F. pringlei,1,200,50,100,-0.6690899684012179,74.84500798529238,73.49760437011719,0.28348755563021494,2.231393051641033
F. pringlei,1,200,51,100,-1.0307991470086684,66.83133010363622,63.35883331298828,0.3463395094262318,2.323154088791634
F. pringlei,1,200,52,100,-1.3883110433155554,58.8526440538751,53.234176635742195,0.3784339178348951,2.366463585708043
F. sonorensis,1,200,4,1500,6.525735745271229,67.5098727065674,93.66046142578124,0.7213399567532979,2.4648979424940336
F. sonorensis,1,200,5,1500,5.745373670988508,61.83529753422913,83.78009033203125,0.7951761687284259,2.51598439816061
F. sonorensis,1,200,6,1500,4.775420176036822,55.77213315303639,73.735992431640625,0.8428663106043289,2.5473686823667085
F. sonorensis,1,200,7,1500,3.7256683083531854,49.31962024782051,63.492671966552734,0.8712173470593355,2.565744514398859
F. sonorensis,1,200,8,1500,2.805398857656245,42.6064071319853,53.422218322753906,0.914694349665184,2.595466583779926
F. sonorensis,1,200,21,400,3.275363709151558,73.95636786850369,92.96105194091797,0.49050127407179406,2.2532689470145124
F. sonorensis,1,200,22,400,2.8171506490141085,67.71431981358172,83.0764923095703,0.5623153388297352,2.321995292523061
F. sonorensis,1,200,23,400,2.07072394882562,61.53469070430562,72.90962219238281,0.6212230829432781,2.3668226262184326
F. sonorensis,1,200,24,400,1.484942515886069,54.23608064165087,62.80382537841797,0.6549424406945833,2.3792691447385734
F. sonorensis,1,200,25,400,0.7241427933282076,47.33859525887068,52.72581100463867,0.6907654620108934,2.4168273625172443
F. sonorensis,1,200,30,250,2.4368911858014015,78.00774332810923,92.87525177001953,0.517454952280081,2.275935002546801
F. sonorensis,1,200,31,250,1.981301259950919,70.95945411249852,83.04157257080078,0.5576753382148316,2.309908642966475
F. sonorensis,1,200,32,250,1.466142880185973,63.66523908052865,72.94086456298828,0.6005379765074083,2.340109107133336
F. sonorensis,1,200,33,250,0.7708893750252108,56.73504949584806,62.819881439208984,0.6475960529520823,2.3824320297160737
F. sonorensis,1,200,34,250,0.1643732471491185,49.255104796585776,52.77468490600586,0.6572636929713044,2.3876096565802
F. sonorensis,1,200,39,150,1.3180059528189103,80.4955582108517,92.97371673583984,0.3514313350533833,2.0892243493358835
F. sonorensis,1,200,40,150,0.9518028615407074,73.90572665361817,83.10233306884764,0.4155334588725064,2.1627677060401767
F. sonorensis,1,200,41,150,0.602713242626288,66.42021645190587,73.07266998291016,0.4772729213194275,2.226366921505309
F. sonorensis,1,200,42,150,0.11625073952273152,58.98178648032079,62.949684143066406,0.5273872928026113,2.270661002544715
F. sonorensis,1,200,43,150,-0.3309949391175425,51.0718201462321,52.82140350341797,0.5633378168762454,2.3035175246167054
F. sonorensis,1,200,48,100,0.6255692334504356,83.89573518108176,92.97627258300781,0.3111694227647198,2.0398141095486353
F. sonorensis,1,200,49,100,0.43164104917372775,76.43242810578315,83.22298431396484,0.386900308789932,2.126801518663502
F. sonorensis,1,200,50,100,0.01184158702195623,69.10986820327403,73.16423034667967,0.4580795902382544,2.2085547340509946
F. sonorensis,1,200,51,100,-0.31344089956023685,60.783566048704344,62.97893905639648,0.5063388363036904,2.2575479232818907
F. sonorensis,1,200,52,100,-0.6059315270187986,52.26692001815886,52.90080261230469,0.5398799657957691,2.2891513920270663
H. glutinosa,1,200,4,1500,2.051730151636801,74.93493283032902,92.594268798828125,0.3204628736111448,2.3475105063312367
H. glutinosa,1,200,5,1500,1.609168305291177,69.1023770359193,82.73055267333984,0.3550349386784388,2.3941759947612735
H. glutinosa,1,200,6,1500,1.053416842525178,63.12397226770276,72.68933868408203,0.38293135044465915,2.4282397600065453
H. glutinosa,1,200,7,1500,0.47574129024194195,56.67381988597162,62.487060546875,0.40322286830460013,2.4512877703722333
H. glutinosa,1,200,8,1500,-0.16632461911916596,50.38292442652876,52.352317810058594,0.4174846504803949,2.465388833000412
H. glutinosa,1,200,21,400,1.6474627874884114,76.31315459008931,92.75589752197266,0.2817875168493405,2.2170571193293727
H. glutinosa,1,200,22,400,1.2590257970636123,70.14985141901468,82.87622833251953,0.30427403961036653,2.2471943803625183
H. glutinosa,1,200,23,400,0.8875200850750047,63.23638922148795,72.81364440917967,0.3222482392056883,2.2731124842272257
H. glutinosa,1,200,24,400,0.38249384676120357,56.78755544713449,62.61653518676758,0.339135694937657,2.2935029538360685
H. glutinosa,1,200,25,400,-0.17311488489296215,50.471657030547185,52.508602142333984,0.35462112778084326,2.3118219619279694
H. glutinosa,1,200,30,250,1.3759685258640164,77.72785906112331,92.64500427246094,0.27208913140897645,2.186070698378608
H. glutinosa,1,200,31,250,1.0719914768835772,70.7902989134462,82.83348083496094,0.28291378414470264,2.201140801003261
H. glutinosa,1,200,32,250,0.6702986292360493,64.12982916819132,72.7727813720703,0.2937149346824653,2.2156086331753615
H. glutinosa,1,200,33,250,0.2429640120977235,57.350188614109,62.588279724121094,0.30471870832339865,2.229528715351189
H. glutinosa,1,200,34,250,-0.17600016284406075,50.4614646972631,52.51787185668945,0.31542811595874365,2.2417337555226697
H. glutinosa,1,200,39,150,0.9359914683299251,78.14448452517719,92.66380310058594,0.18900057968444903,2.0227887211324704
H. glutinosa,1,200,40,150,0.6614966127029362,71.695836036896,82.8472671508789,0.19791728456419952,2.0387157555186715
H. glutinosa,1,200,41,150,0.3628003056732075,65.11351304343967,72.82952117919922,0.20932417807348305,2.057107819254947
H. glutinosa,1,200,42,150,0.023614630768274525,58.48788274527262,62.69908905029297,0.2227688160756729,2.0865393585072014
H. glutinosa,1,200,43,150,-0.34398687634463954,51.87436986861768,52.62394332885742,0.2361776964669293,2.1095177424936553
H. glutinosa,1,200,48,100,0.551745150176591,79.59716892668169,92.73681640625,0.1360791153001924,1.906321327699232
H. glutinosa,1,200,49,100,0.3253859334538427,73.48077634052495,82.92366790771484,0.145320340602679,1.9235846756635
H. glutinosa,1,200,50,100,0.12068931864558713,66.6399243534453,72.9375991821289,0.15897122717614617,1.9528496409207583
H. glutinosa,1,200,51,100,-0.15004062744555324,59.96002744560298,62.7799186706543,0.17439605831017077,1.9833346487153904
H. glutinosa,1,200,52,100,-0.40877334745818816,52.804758698800434,52.67837142944336,0.18918174233263688,2.0086221711472025
H. glutinosa,2,800,4,1500,1.5391384215777961,69.79291525616837,86.28209686279298,0.25587095155311607,2.585511242954424
H. glutinosa,2,800,5,1500,1.1269278092791837,65.16083019542923,77.1572494506836,0.2852172708599428,2.6380958306630493
H. glutinosa,2,800,6,1500,0.665337831796669,60.272801912643686,68.27875518798828,0.2999222152619994,2.672541565815918
H. glutinosa,2,800,7,1500,0.1837955739563151,54.861245401644865,59.02876281738281,0.3035954126395528,2.6840509131817374
H. glutinosa,2,800,8,1500,-0.33536013885837207,49.903763990366514,50.02385711669922,0.3007078472253084,2.688727074667462
H. glutinosa,2,800,21,400,1.0103127167867292,69.7173919979465,86.54532623291016,0.1523234962907031,2.458297455281019
H. glutinosa,2,800,22,400,0.7469798018033031,65.18938721300833,76.9166259765625,0.18373934469339684,2.524223904880797
H. glutinosa,2,800,23,400,0.41776220712263024,60.57468042878337,67.941619873046875,0.2099412330614059,2.5755985427119596
H. glutinosa,2,800,24,400,0.024520369847457035,55.551189744772294,58.753616333007805,0.23502656367908764,2.621654345469578
H. glutinosa,2,800,25,400,-0.38286292050547605,50.31267686922607,49.706485748291016,0.24156238793280144,2.6284658828277023
H. glutinosa,2,800,30,250,0.5624480777364118,71.01262772870415,86.36311340332033,0.09721688397958107,2.340916232312098
H. glutinosa,2,800,31,250,0.35545325021564955,67.65566758292262,77.488616943359375,0.11960748595621432,2.3966696959588445
H. glutinosa,2,800,32,250,0.1403519930971942,63.016116068910335,68.649505615234375,0.14613396851310015,2.4568958986119833
H. glutinosa,2,800,33,250,-0.15250986727074775,57.91820180063736,59.55263900756836,0.17332692746627198,2.5143593452088826
H. glutinosa,2,800,34,250,-0.49476366079674977,52.588503489329376,50.50114440917969,0.19527508172148864,2.556173498529053
H. glutinosa,2,800,39,150,0.2892631373769562,75.60378135611919,87.101226806640625,0.08318542685632196,2.317222781040182
H. glutinosa,2,800,40,150,0.18233535769733822,70.58001075954883,78.36344146728516,0.10498834363731772,2.3713078686976514
H. glutinosa,2,800,41,150,-0.03990275029225589,65.87189169920977,69.31251525878906,0.1312089129121645,2.429575113268424
H. glutinosa,2,800,42,150,-0.31211737154228775,60.30843619416033,60.02716064453125,0.157786114349407,2.491192709590774
H. glutinosa,2,800,43,150,-0.6456471202848739,54.70167956040775,50.728660583496094,0.1785328570508441,2.535744081013632
H. glutinosa,2,800,48,100,0.06863382126989442,80.13850680275594,87.1863021850586,0.07907698341589665,2.3022258254965564
H. glutinosa,2,800,49,100,-0.0776589343089345,74.90960155008308,78.309661865234375,0.09596442826597101,2.345473985142307
H. glutinosa,2,800,50,100,-0.2737625638282475,69.3454012730534,69.35185241699219,0.11950513703029698,2.4041771905660427
H. glutinosa,2,800,51,100,-0.48821197759027807,62.711011058175856,59.898006439208984,0.14098987049200698,2.452971769266296
H. glutinosa,2,800,52,100,-0.7636386618831654,56.42504012275131,50.710540771484375,0.16452891640849365,2.5042050113571896
S. hians,1,200,4,1500,5.923768183501624,63.03125595189078,93.08209991455078,0.5468809095135704,2.457926853614801
S. hians,1,200,5,1500,5.3210525371698,57.65735389812888,83.14698028564453,0.6073962088156295,2.519467964904281
S. hians,1,200,6,1500,4.661472636050693,51.785670409963856,73.09577178955078,0.6667395941326413,2.569005307254498
S. hians,1,200,7,1500,3.929300827880603,45.461095783305886,62.92758560180664,0.7150466124302444,2.605162126298994
S. hians,1,200,8,1500,3.13690580367362,38.95284636236048,52.812259674072266,0.7481039082920211,2.626597226420359
S. hians,1,200,21,400,3.1145724252353197,69.3843511239837,93.28255462646484,0.33730227163631915,2.1963413058242005
S. hians,1,200,22,400,2.7062161380421283,63.70640695728285,83.325653076171875,0.3760303290624561,2.251683745314309
S. hians,1,200,23,400,2.278817905815669,56.947108420611805,73.26788330078125,0.39523068868761946,2.278883965560759
S. hians,1,200,24,400,1.7603405709351656,50.13460066698753,63.0573616027832,0.40477921054522864,2.289946040329829
S. hians,1,200,25,400,1.237884996571209,43.281062300327434,52.95526123046875,0.4100768303485012,2.2977115478211054
S. hians,1,200,30,250,2.387713608464057,70.86226771924865,93.16068267822266,0.2728236383756284,2.092413195815229
S. hians,1,200,31,250,2.0427005340628734,64.84260804924095,83.26251220703125,0.29608599539138447,2.132112677494297
S. hians,1,200,32,250,1.6289787293522007,58.10405996318942,73.265655517578125,0.2984963089892681,2.136047295945784
S. hians,1,200,33,250,1.2118818858044518,51.115253674971534,63.05460739135742,0.29954978350043154,2.138265075795323
S. hians,1,200,34,250,0.7906102015617371,44.290114227208925,52.974334716796875,0.3021589691472862,2.14302803610287
S. hians,1,200,39,150,1.6514103064515266,72.88112178837996,93.15862274169922,0.2080781679637182,1.9752433430618257
S. hians,1,200,40,150,1.4063231996913412,66.93260584875597,83.26502227783203,0.23466008561279492,2.0254726357787147
S. hians,1,200,41,150,1.0381875128340083,60.4086899201693,73.229583740234375,0.23835898561045857,2.0319856588630647
S. hians,1,200,42,150,0.7406510157092321,53.11980418421568,63.06425857543945,0.2419965843299168,2.038223887428758
S. hians,1,200,43,150,0.3966331846095479,46.2604774824653,52.978790283203125,0.2485998589186546,2.0478597306284065
S. hians,1,200,48,100,1.1839346921565854,75.9235040482089,93.15697479248047,0.1868451054008682,1.925539893159148
S. hians,1,200,49,100,1.0132348292108975,69.21249897041591,83.31043243408203,0.20927029215579737,1.9677970345443463
S. hians,1,200,50,100,0.7193184721753325,62.298811872439956,73.280853271484375,0.2125372481474299,1.9729665613628455
S. hians,1,200,51,100,0.48345459597008594,54.6910058692544,63.08053970336914,0.21782780903080048,1.9821132689008956
S. hians,1,200,52,100,0.10380856727276902,48.36434431976993,53.00341033935547,0.2254450019181592,1.9938766078811023
S. hians,2,800,4,1500,3.6265051668514623,57.24915960411333,86.0376968383789,0.2925788461479286,2.5097752904463997
S. hians,2,800,5,1500,3.3974581891415645,51.25209438067565,76.70073699951172,0.31675591397181574,2.5325546609770972
S. hians,2,800,6,1500,2.848533041740416,45.79893974004199,67.8219223022461,0.31099176141621165,2.546662373638115
S. hians,2,800,7,1500,2.400286889394384,40.074458154563224,58.579837799072266,0.31834658916407205,2.549696841518744
S. hians,2,800,8,1500,1.8803557039084782,34.533090970440846,49.63021087646485,0.31358788729412274,2.5533531913835468
S. hians,2,800,21,400,2.355919526908038,64.17244345594585,87.32559967041016,0.24132670925949504,2.4142525435211137
S. hians,2,800,22,400,2.0503338533647275,58.675269890444525,78.30775451660156,0.2553583535385461,2.433535349439364
S. hians,2,800,23,400,1.6551124442345735,53.2292982997318,69.3896713256836,0.26040594920617305,2.4461622373218708
S. hians,2,800,24,400,1.3126696671913374,46.880408904353715,60.09076690673828,0.26279567515739943,2.445013501576352
S. hians,2,800,25,400,0.8839001178036971,41.19926198883174,50.85184860229492,0.266348834252083,2.4490522058271016
S. hians,2,800,30,250,1.780353927842457,68.90745523641357,87.78575134277344,0.2362774928160229,2.3917739387931216
S. hians,2,800,31,250,1.4847080490809001,63.17476234294307,78.45081329345702,0.2578475652514918,2.4241814017968135
S. hians,2,800,32,250,1.2251580080952083,56.648864126683705,69.6031494140625,0.2601710793795124,2.423321782072031
S. hians,2,800,33,250,0.8921416438179931,50.14477667556021,60.43489074707031,0.25683376967646615,2.423954021842932
S. hians,2,800,34,250,0.445355445219206,44.283117500849485,50.986934661865234,0.2494279677226192,2.404931490869043
S. hians,2,800,39,150,1.220365156714003,70.52330303783715,87.0707778930664,0.19154742587705437,2.3051975358654455
S. hians,2,800,40,150,1.002254072622041,65.31416096695605,78.24462890625,0.2190512926770403,2.3470875360952923
S. hians,2,800,41,150,0.6832116611034811,59.3382994464496,69.34105682373047,0.21613839879569063,2.3453043636649964
S. hians,2,800,42,150,0.3695065795044665,52.83893715462482,59.95541763305664,0.2077053146305946,2.324961747076304
S. hians,2,800,43,150,0.06536067549625466,46.51685391101834,50.71772384643555,0.199339969399443,2.315267396678959
S. hians,2,800,48,100,0.8208970900540293,73.29241102920736,87.5690155029297,0.1611964829086435,2.230819197069097
S. hians,2,800,49,100,0.5397044023093293,68.63277629815356,78.51374053955078,0.18760738462267423,2.2768648862624543
S. hians,2,800,50,100,0.3706284472599519,61.549210620356426,69.62455749511719,0.18229870491824415,2.2646828062655406
S. hians,2,800,51,100,0.11763767454714164,54.832404435846136,60.212158203125,0.1722648961607158,2.2433940784792648
S. hians,2,800,52,100,-0.12500248749517923,48.38219089220081,50.939579010009766,0.16693075173061617,2.23330988347363
F. pringlei,2,800,4,1500,1.618112243206726,75.77231958596242,86.01493835449219,0.6378983345876137,2.630771033275232
F. pringlei,2,800,5,1500,0.8780873867815939,70.70327355330551,77.42781066894531,0.6710348684044692,2.656965311511303
F. pringlei,2,800,6,1500,0.10508244942515477,65.15267472519838,68.41514587402344,0.6917994160171281,2.675057940585015
F. pringlei,2,800,7,1500,-0.6294490504329883,58.908157737557346,58.95035552978515,0.7144225284835755,2.691314631208006
F. pringlei,2,800,8,1500,-1.3624522917976158,53.01762689151827,49.95733642578125,0.7335894029415975,2.705146597687883
F. pringlei,2,800,21,400,0.21933610743747883,82.97365620533378,87.60389709472656,0.5034546028908357,2.5038917056802603
F. pringlei,2,800,22,400,-0.25780691085760365,76.6187832940542,78.6773681640625,0.5289743071098928,2.5364984259961347
F. pringlei,2,800,23,400,-0.823444238410882,70.26019354152083,69.425872802734375,0.5404144207204892,2.554111667146731
F. pringlei,2,800,24,400,-1.3821840256686735,63.58160576483808,59.94464111328125,0.5609385006336496,2.560897463394358
F. pringlei,2,800,25,400,-1.9369283670065194,57.005514512902614,50.696144104003906,0.5735286050982753,2.586422301475075
F. pringlei,2,800,30,250,-0.4217447266470357,86.65729495315611,88.351654052734375,0.5737967897023213,2.57268743265199
F. pringlei,2,800,31,250,-0.7869941289918745,79.37834952213858,79.17839813232422,0.5646663851716265,2.590512841298827
F. pringlei,2,800,32,250,-1.1978586790486578,72.37797844680276,70.04899597167969,0.5769898353100746,2.588457195126859
F. pringlei,2,800,33,250,-1.7240244049234086,65.37694424869854,60.4454345703125,0.5800003046652634,2.6053397726373513
F. pringlei,2,800,34,250,-2.151855253177419,57.98827758874671,51.052467346191406,0.606391395225127,2.615701714292518
F. pringlei,2,800,39,150,-0.9115634736636573,89.07196201936358,88.02149200439453,0.45822316322613094,2.4502401959631244
F. pringlei,2,800,40,150,-1.1949990892270272,81.99208012918487,79.27458190917967,0.46435044743673265,2.4688088508035726
F. pringlei,2,800,41,150,-1.51365172807269,74.62277178958999,69.99845123291016,0.463472296343235,2.4796558541388367
F. pringlei,2,800,42,150,-1.946027981033481,67.43728081127074,60.5446891784668,0.4846487092167236,2.499290021114517
F. pringlei,2,800,43,150,-2.235621312535318,59.74612961728803,51.24005126953125,0.49739863061942646,2.499087177294306
F. pringlei,2,800,48,100,-1.233364438318075,93.47179256018688,88.74567413330078,0.29004737502599737,2.2500750154540583
F. pringlei,2,800,49,100,-1.4923508291816119,86.14663999322984,79.82678985595702,0.31635706026503363,2.279978463630032
F. pringlei,2,800,50,100,-1.749001979468833,78.48428209105508,70.53181457519531,0.3319209067076166,2.3081129501674584
F. pringlei,2,800,51,100,-2.0935265778238867,70.8693787959151,60.706642150878906,0.34555361183558153,2.327954688258993
F. pringlei,2,800,52,100,-2.2696018083930034,62.69832554122444,51.32081604003906,0.3544577361806447,2.333753993239312
F. sonorensis,2,800,4,1500,3.5328274270442086,69.80023832433262,87.0580825805664,0.5878842381161192,2.338479441293632
F. sonorensis,2,800,5,1500,2.95257264709617,63.63897510906426,77.941558837890625,0.6233053348181042,2.365307113328148
F. sonorensis,2,800,6,1500,2.234182336297072,57.61041265151164,68.73468017578125,0.6561214119226223,2.3885391963426374
F. sonorensis,2,800,7,1500,1.4256328940148906,51.60399350396341,59.482391357421875,0.6858436644069295,2.409255874791532
F. sonorensis,2,800,8,1500,0.6523726740611347,45.48854870304659,50.43675994873047,0.7095801820787844,2.4253961154409627
F. sonorensis,2,800,21,400,1.2710921284481622,76.72743402874194,87.30804443359375,0.42929688397987503,2.2178890928633046
F. sonorensis,2,800,22,400,0.9535830926940936,69.67445492348533,78.17169189453125,0.4572413558057738,2.2428449686224923
F. sonorensis,2,800,23,400,0.18583201913207337,64.37479655468695,69.05774688720703,0.4834832030850564,2.2648879125178794
F. sonorensis,2,800,24,400,-0.3474874883448761,57.718502693877326,59.82038879394531,0.505519635598583,2.282281335761727
F. sonorensis,2,800,25,400,-0.9170304481511388,50.768272743956274,50.26921463012695,0.5254011543496464,2.2959228663578832
F. sonorensis,2,800,30,250,0.6559635561017434,79.76674355715414,87.61312103271484,0.41739142738175034,2.211346240763305
F. sonorensis,2,800,31,250,0.22433504970996127,72.88200818554422,78.23937225341797,0.437712052127996,2.2251710621881795
F. sonorensis,2,800,32,250,-0.2840388182784626,66.49798019370637,69.20787811279297,0.45368366477588895,2.2376276962765407
F. sonorensis,2,800,33,250,-0.7374132501519989,59.46127180894949,59.871700286865234,0.46892709697768326,2.2492330435707117
F. sonorensis,2,800,34,250,-1.240027847891569,52.590251699711395,50.579620361328125,0.48187342098137625,2.25938971722094
F. sonorensis,2,800,39,150,0.2805420961927971,80.54300976635734,87.48247528076172,0.30243168421649946,2.0857073352262376
F. sonorensis,2,800,40,150,-0.309986774876003,75.46921958658328,78.438385009765625,0.33051786735951205,2.113405706324789
F. sonorensis,2,800,41,150,-0.6594224924613501,68.30572283698545,69.05103302001953,0.3554902830929982,2.137070797087363
F. sonorensis,2,800,42,150,-1.0555499061412186,61.19231324911495,59.63932800292969,0.3762399962065232,2.1560766456959106
F. sonorensis,2,800,43,150,-1.4188027230047615,53.92472651491632,50.4012451171875,0.3960257768164826,2.1754688407045033
F. sonorensis,2,800,48,100,-0.2904942150855741,84.64617487600015,88.05782318115236,0.28230373240496,2.054237773477944
F. sonorensis,2,800,49,100,-0.6308012777494713,77.49297506048163,78.50830078125,0.31186748911243467,2.0832709175791826
F. sonorensis,2,800,50,100,-0.7875424050375295,69.5555243159906,69.49224853515625,0.33686658602464326,2.10744301232358
F. sonorensis,2,800,51,100,-1.1496503275889582,62.20367785950263,59.987525939941406,0.3570686049942024,2.126648801037809
F. sonorensis,2,800,52,100,-1.4296053111961502,54.58472649564757,50.763092041015625,0.374523124967253,2.143268983232265
F. cronquistii,1,200,4,1500,2.9420390070976614,80.81840518020925,93.58293151855469,0.6530126381530622,3.02968549737717
F. cronquistii,1,200,5,1500,1.9011319221544165,74.94892638554428,83.7088623046875,0.687067873452498,3.0546563724885347
F. cronquistii,1,200,6,1500,1.0798264684543346,67.91179966999437,73.65526580810547,0.7154777395251378,3.07715251530736
F. cronquistii,1,200,7,1500,0.1563958127236329,60.930577381057745,63.50273513793945,0.7453178014800825,3.095759736339358
F. cronquistii,1,200,8,1500,-0.7681394796765332,53.86447781577584,53.454242706298835,0.8007219792414405,3.1260259629739156
F. cronquistii,1,200,21,400,2.0775049493290005,83.70624848746488,92.93426513671876,0.7091571235864661,3.1678625785292387
F. cronquistii,1,200,22,400,1.368119114295813,76.28550071053299,83.03456115722656,0.717066315192637,3.175149922497134
F. cronquistii,1,200,23,400,0.6655145144670835,68.6901422141298,72.9936752319336,0.7282111531411859,3.1806719554688896
F. cronquistii,1,200,24,400,-0.03725060503636801,60.95905533005224,62.833843231201165,0.7269161702338071,3.172272166054696
F. cronquistii,1,200,25,400,-0.653720766029832,52.91009426474801,52.662601470947266,0.7411618043808087,3.172210061406484
F. cronquistii,1,200,30,250,1.5337775433031784,85.74433170915619,92.86537170410156,0.7800067196807783,3.2018817819586256
F. cronquistii,1,200,31,250,0.9556111504473777,77.78432211956262,83.001617431640625,0.784300783609766,3.2068580080979734
F. cronquistii,1,200,32,250,0.39516645365334235,69.66600196917824,73.017669677734375,0.7902178424617402,3.2083718328885733
F. cronquistii,1,200,33,250,-0.2253893523349015,61.51602399094026,62.83463668823242,0.7998668235335576,3.2099996315013266
F. cronquistii,1,200,34,250,-0.6175405859555794,52.83614458262098,52.71516799926758,0.8074361309065364,3.1810244424119447
F. cronquistii,1,200,39,150,1.035424951804297,87.35153459094667,92.89875030517578,0.7741394483575864,3.1669845749944363
F. cronquistii,1,200,40,150,0.463060301059659,79.43408226314287,83.09037780761719,0.7870346380147054,3.1690203429231185
F. cronquistii,1,200,41,150,-0.07072908795054927,71.07437616638532,73.08525085449219,0.7443820780528001,3.178759289360954
F. cronquistii,1,200,42,150,-0.5820937314548518,62.72849618742675,62.96160125732422,0.7902202353832801,3.173231697558425
F. cronquistii,1,200,43,150,-0.9937738370304782,54.05651064971219,52.889652252197266,0.781713879360966,3.17563122952322
F. cronquistii,1,200,48,100,0.3034621849660098,89.39768288213916,93.008880615234375,0.700709679643414,3.1369498759877317
F. cronquistii,1,200,49,100,0.04884720412434962,80.58889479665532,83.18828582763672,0.7077889837352708,3.1398661262745153
F. cronquistii,1,200,50,100,-0.33055170890862984,71.9532070855573,73.13923645019531,0.7071533124209847,3.137300424892965
F. cronquistii,1,200,51,100,-0.3429611768627694,62.08040984182574,62.95915603637695,0.707786028794005,3.1193064912271513
F. cronquistii,1,200,52,100,-1.0282296813395104,54.327453462226224,52.957061767578125,0.7342758072382166,3.1446003696015397
F. cronquistii,2,800,4,1500,2.4195768678703176,73.57837133894435,87.460479736328125,0.513829833434843,1.9986770090551873
F. cronquistii,2,800,5,1500,1.5912133823898202,68.01070903991301,78.17396545410156,0.525579868419885,2.012813303200848
F. cronquistii,2,800,6,1500,0.7486623233225962,62.6225260178502,69.1444320678711,0.5364896959977623,2.0260386711685854
F. cronquistii,2,800,7,1500,-0.28185493318084587,57.53349684959044,59.805450439453125,0.5480608232803518,2.039832971694923
F. cronquistii,2,800,8,1500,-1.1610003927926296,51.84968391582071,50.54523086547851,0.5579729877976353,2.055826543676405
F. cronquistii,2,800,21,400,0.8999857942912672,78.53253821101391,87.290863037109375,0.3899197812350785,2.170951582812704
F. cronquistii,2,800,22,400,0.363116793639834,72.00167504670688,77.74711608886719,0.3991534697483501,2.1885938723033176
F. cronquistii,2,800,23,400,-0.239876820585024,66.2012269197164,68.731536865234375,0.4103633913900091,2.205194780035818
F. cronquistii,2,800,24,400,-0.7166532931642345,59.44657914212442,59.438758850097656,0.4188851098631644,2.21732919262028
F. cronquistii,2,800,25,400,-1.4707797906889626,53.93431891266984,50.24961471557618,0.4303943581776602,2.230588551591718
F. cronquistii,2,800,30,250,0.5816605350048667,81.1670633452497,87.76020812988281,0.4506533819867695,2.2892082691173856
F. cronquistii,2,800,31,250,0.11541254925503325,74.05776106328852,78.27076721191406,0.4574972502870874,2.2967464028422837
F. cronquistii,2,800,32,250,-0.34213141434420624,67.28892732454987,69.28550720214844,0.4607801147986641,2.3116348240465157
F. cronquistii,2,800,33,250,-1.0259158873839733,60.91213343903975,59.695369720458984,0.4666250801117274,2.3194064922370163
F. cronquistii,2,800,34,250,-1.5132479911788062,54.05981980640896,50.511932373046875,0.4696754397558583,2.3284068015516097
F. cronquistii,2,800,39,150,-0.0800711814436855,84.44923808772909,88.15216827392578,0.4346943022078998,2.3348353468597636
F. cronquistii,2,800,40,150,-0.4528190141753694,77.19494971481744,78.94393157958984,0.4327498071476991,2.336671788247826
F. cronquistii,2,800,41,150,-0.819628961349318,69.74207333384294,69.51005554199219,0.4276559281979025,2.336327477240353
F. cronquistii,2,800,42,150,-1.1390718028466442,62.1707931286562,60.167457580566406,0.4287359656601252,2.3323302150830276
F. cronquistii,2,800,43,150,-1.5635744740568458,55.015406560143504,50.80393600463867,0.4286969156120424,2.33569061766674
F. cronquistii,2,800,48,100,-0.585894914950865,86.72565459806252,87.96526336669922,0.3852510183122764,2.332136635700721
F. cronquistii,2,800,49,100,-0.5959792675854937,78.0590099969569,78.924072265625,0.39784920673532326,2.3366104722750025
F. cronquistii,2,800,50,100,-0.9825486357532238,70.81153400854213,69.57783508300781,0.39936842524383503,2.3493941064393584
F. cronquistii,2,800,51,100,-1.274103818284762,63.02710279527374,60.1308708190918,0.4029201596957524,2.357107266483246
F. cronquistii,2,800,52,100,-1.7307118455117694,56.059284832132576,50.796775817871094,0.4075989264256528,2.371884779426051
H. aturensis,2,800,4,1500,3.2715312286352907,58.524627365385214,87.19657897949219,0.2652176818288556,2.245675095874176
H. aturensis,2,800,5,1500,2.898186086260959,52.60763911950693,78.15437316894531,0.2663239965744053,2.2630472119282787
H. aturensis,2,800,6,1500,2.318945183629997,47.0094034931939,69.1731948852539,0.24695473312484603,2.2448975754028653
H. aturensis,2,800,7,1500,1.779014614873951,41.17944908248864,60.09910202026367,0.22421513643909735,2.2127806581273033
H. aturensis,2,800,8,1500,1.2731094891368941,35.53833372511004,50.69593811035156,0.20716225598111815,2.180692469721529
H. aturensis,2,800,21,400,1.7891082800248599,64.64851677923511,87.36446380615236,0.18551642911083083,2.1876746693348688
H. aturensis,2,800,22,400,1.8817303059772994,59.25940124367224,78.37591552734375,0.2427316942937057,2.270915016481187
H. aturensis,2,800,23,400,1.4775036249206057,53.826508935639104,69.10807800292969,0.2522306291180578,2.3053423665441515
H. aturensis,2,800,24,400,1.0750784941458205,47.80711604447301,59.848777770996094,0.24787890283578537,2.3057564609269465
H. aturensis,2,800,25,400,0.6761409380516453,41.63444474078162,50.38071060180664,0.24273418203937489,2.303233969610112
H. aturensis,2,800,30,250,1.6154471956064183,68.53771636190966,87.66612243652344,0.21065559336346631,2.2710396702762954
H. aturensis,2,800,31,250,1.3433073187442073,63.496468291227906,78.159423828125,0.24755190084478076,2.329205494632508
H. aturensis,2,800,32,250,1.057830913117025,56.83816274996785,68.76099395751953,0.25370889772480293,2.3384010911374644
H. aturensis,2,800,33,250,0.6610011033223926,50.919705441746686,59.60861587524414,0.250862240125848,2.34426184494223
H. aturensis,2,800,34,250,0.3023494045559502,44.46249201805297,50.22005462646485,0.24165413452184664,2.3377426443379083
H. aturensis,2,800,39,150,0.8316761603590692,70.54069080006613,87.0094223022461,0.13359169096034587,2.165702817250887
H. aturensis,2,800,40,150,0.66454961714271,65.92467389918704,78.15509033203125,0.16243510888508925,2.222155196786334
H. aturensis,2,800,41,150,0.5307413738944785,58.96292129252189,68.80725860595703,0.17768892490723495,2.251809722121223
H. aturensis,2,800,42,150,0.28263110804831815,52.75262256841966,59.658058166503906,0.1826181582833466,2.2664236103181903
H. aturensis,2,800,43,150,0.016908237432421175,46.40643766797815,50.337493896484375,0.18331846715603625,2.269354724760633
H. aturensis,2,800,48,100,0.5736444417216323,75.09582176019023,87.86219787597656,0.1385794232902804,2.2020933566703316
H. aturensis,2,800,49,100,0.41601412584266456,70.02923583105917,79.07408905029298,0.17440386552480766,2.2651182189023675
H. aturensis,2,800,50,100,0.2462582923222944,62.87332422303974,69.533050537109375,0.1900290267495008,2.2951321917298335
H. aturensis,2,800,51,100,0.0357750677678941,56.02246107417274,60.33439254760742,0.1931629998445494,2.3047475561196915
H. aturensis,2,800,52,100,-0.14523218567157886,48.73279627397847,50.99112319946289,0.1959827793892445,2.3056068572001243
S. hians,1,200,4,1500,5.498131480380087,66.3068501778306,93.08409118652344,0.5889924393881659,3.0258358204964897
S. hians,1,200,5,1500,4.956953190715311,60.440384204589435,83.16840362548828,0.6571075264343528,3.098867050567947
S. hians,1,200,6,1500,4.305357691759736,54.16346892841665,73.08642578125,0.7171371889151543,3.155291733654158
S. hians,1,200,7,1500,3.561197386168539,47.48217929493054,62.831336975097656,0.7602509889792063,3.192322982008016
S. hians,1,200,8,1500,2.79018103290717,40.665154420408605,52.68736267089844,0.7897778467314438,3.2208420236160165
S. hians,1,200,21,400,3.015336512523283,72.93385714837636,92.93922424316406,0.40137542966996054,2.957933652220847
S. hians,1,200,22,400,2.659574262406085,66.81499002823398,83.07392883300781,0.46483992372723487,3.0024728188410226
S. hians,1,200,23,400,2.2614945071204673,59.797902114694864,73.05460357666016,0.5124959530713485,3.033411411038629
S. hians,1,200,24,400,1.723604467163582,52.704093338859046,62.84671401977539,0.5457712129906935,3.0554963674282773
S. hians,1,200,25,400,1.179626048920253,45.353722213595866,52.69181060791016,0.562600671396718,3.0654686713571717
S. hians,1,200,30,250,2.3565381051376417,74.11769679794978,92.85245513916016,0.3271387336215736,2.8382563306374946
S. hians,1,200,31,250,2.0393354877442675,67.85873282639379,83.04476165771484,0.3700812315886619,2.8727631319743816
S. hians,1,200,32,250,1.6783681639351573,60.901731464015775,73.01110076904298,0.40605122140230027,2.901780758611858
S. hians,1,200,33,250,1.2437363438391966,53.773770005445805,62.88555145263672,0.43451108769173674,2.9239858328356787
S. hians,1,200,34,250,0.8095857077380422,46.42997314691115,52.80721664428711,0.4607728828856483,2.9410637157435993
S. hians,1,200,39,150,1.7252820380275022,76.28143182563691,92.91694641113281,0.271220834467315,2.7186121540750463
S. hians,1,200,40,150,1.460547562294725,70.11551541870409,83.11945343017578,0.31899271316865174,2.7733247690545104
S. hians,1,200,41,150,1.194163498406134,62.82570215121013,73.09950256347656,0.3567081729297142,2.8100925577537854
S. hians,1,200,42,150,0.7998131915569479,55.6782819004862,62.93034744262695,0.3904771218235531,2.8401251156267247
S. hians,1,200,43,150,0.45066862096207017,48.03264634760898,52.8662109375,0.4202177194649021,2.863682709531742
S. hians,1,200,48,100,1.1971425142561585,80.24414462019506,93.0046157836914,0.273144183101573,2.6836045973817817
S. hians,1,200,49,100,1.0627708644418659,72.58510423293453,83.15623474121094,0.3132972540001723,2.7248046127004346
S. hians,1,200,50,100,0.7828421718154556,65.16032946148539,73.13907623291016,0.34624757576393367,2.757904270352301
S. hians,1,200,51,100,0.44951554584295483,57.566184323173005,62.99593734741211,0.37618398666252806,2.788198313522342
S. hians,1,200,52,100,0.17191157108502358,49.41158343305915,52.87974548339844,0.39900449099926993,2.8079715629905695
H. aturensis,1,200,4,1500,3.8440802506317984,64.3935522880545,92.673095703125,0.31795241940577035,2.5107983059738763
H. aturensis,1,200,5,1500,3.4381024769400605,58.12060210220756,82.80461883544922,0.33242322551728837,2.5287611741009024
H. aturensis,1,200,6,1500,2.7014280998078477,51.569632245164264,72.74077606201172,0.30575023203951096,2.500266360681504
H. aturensis,1,200,7,1500,2.1677084182030426,44.94975953281127,62.551124572753906,0.30180160622427366,2.4947057984463754
H. aturensis,1,200,8,1500,1.5606532575435237,39.42685462573426,52.45894241333008,0.3124345686648127,2.506133873861923
H. aturensis,1,200,21,400,1.9419720153586997,70.27912846442732,92.88280487060547,0.20276590900552757,2.278658689311487
H. aturensis,1,200,22,400,1.7319213372471292,64.01182315247394,83.03977966308594,0.22418271169718368,2.313665900836175
H. aturensis,1,200,23,400,1.1280986193480989,58.49323812684257,72.8945083618164,0.20912854004735923,2.291683440646215
H. aturensis,1,200,24,400,0.8782737852530278,51.47682415290064,62.71342086791992,0.22435424588843533,2.293239003864292
H. aturensis,1,200,25,400,0.4317749720046896,45.70539812092304,52.611957550048835,0.24349315032801885,2.3262428816443426
H. aturensis,1,200,30,250,1.6709581015967534,75.32991567910666,92.75914764404298,0.250583566202001,2.3102437563399145
H. aturensis,1,200,31,250,1.2939028194911713,67.51646929783062,82.91062927246094,0.22521941680376603,2.2792232623448943
H. aturensis,1,200,32,250,0.8980998562961543,59.5664544408206,72.91143798828125,0.18824206656435136,2.2200310187797005
H. aturensis,1,200,33,250,0.5100938955837173,53.067058160957984,62.709819793701165,0.17777159218031685,2.1984081157723265
H. aturensis,1,200,34,250,0.0950481560705031,47.54987518083735,52.621360778808594,0.1805989132076701,2.19749413262766
H. aturensis,1,200,39,150,0.8864364895977281,78.01103396883506,92.82111358642578,0.17028600970353294,2.147214944599924
H. aturensis,1,200,40,150,0.7181429155118216,71.52368303150472,82.96732330322266,0.20096751026468856,2.1931675481298005
H. aturensis,1,200,41,150,0.3859540671684595,63.810293669402206,72.9468002319336,0.16622612267398668,2.138267396036623
H. aturensis,1,200,42,150,0.09687111486432898,56.88289234522661,62.806400299072266,0.15560380597613804,2.1158696209351766
H. aturensis,1,200,43,150,-0.2308113836968743,50.83888055299686,52.713233947753906,0.1586817826963393,2.1154722477136385
H. aturensis,1,200,48,100,0.4070267352047713,80.91469103978027,92.849151611328125,0.12474511714516652,2.014423262993034
H. aturensis,1,200,49,100,0.30216621943855915,74.48163079679777,82.99523162841797,0.1688836694699564,2.0870517512303195
H. aturensis,1,200,50,100,0.02902764192648713,67.28941585885069,72.98645782470702,0.14767382891229927,2.051796860234695
H. aturensis,1,200,51,100,-0.13147167768068888,59.204450372133245,62.80936050415039,0.12574198135344014,2.0049826575074547
H. aturensis,1,200,52,100,-0.3943246773841034,52.95078450252134,52.65587615966797,0.12822676925571871,2.003968760741991
S. hians,2,800,4,1500,4.242947125655928,58.616443464949626,87.591033935546875,0.3310899662286284,2.062165589914075
S. hians,2,800,5,1500,4.043792823905095,52.43328456162075,78.6119613647461,0.35453937575907934,2.0896201565254016
S. hians,2,800,6,1500,3.1794808657740297,46.44305535111952,69.24571990966797,0.3253998184928315,2.0776868775357435
S. hians,2,800,7,1500,2.2697250808303018,40.223947668564925,60.029983520507805,0.2747410275665541,2.046163464118581
S. hians,2,800,8,1500,1.4037107900932342,34.566960575457465,50.5628776550293,0.22849311052606033,2.015402768278116
S. hians,2,800,21,400,2.634209920016012,67.42315972235514,87.4739990234375,0.32901968236019147,2.1659011667502925
S. hians,2,800,22,400,2.1043531424598476,61.410542505058146,78.231170654296875,0.3296016747795348,2.171740883846811
S. hians,2,800,23,400,1.5549782986790917,55.1042160241451,69.41319274902344,0.3016921405772491,2.1462628285420946
S. hians,2,800,24,400,0.8781883311493969,49.17668549866647,60.05558776855469,0.26579174844686365,2.11956850611583
S. hians,2,800,25,400,0.3071985921489633,43.225757711906944,50.78662109375,0.22666911818466495,2.092356048466172
S. hians,2,800,30,250,1.965449269484592,69.98722077509557,88.61244201660156,0.27379176431071284,2.143265038038662
S. hians,2,800,31,250,1.3721956374538145,64.20068632180498,79.38481140136719,0.25669469564177827,2.132879028854397
S. hians,2,800,32,250,0.9791394476255153,56.83843613604269,69.900787353515625,0.23098001218854988,2.1051887466241896
S. hians,2,800,33,250,0.3996226885981684,51.19985780849659,60.5049934387207,0.19959122004328528,2.0805623703461604
S. hians,2,800,34,250,0.028063009588802534,44.928263388634846,51.186981201171875,0.17832929224786115,2.061952795030491
S. hians,2,800,39,150,1.171660498905732,73.59428766316115,88.69876861572266,0.22993567014425345,2.1153781131472935
S. hians,2,800,40,150,0.8466330013894886,66.91664601887408,79.6096954345703,0.22301344255509428,2.1144079161517295
S. hians,2,800,41,150,0.45112211544045366,59.97223552985563,70.04150390625,0.19827034010932135,2.091781983377223
S. hians,2,800,42,150,0.029476895414731086,54.04648626391754,60.717411041259766,0.17272952830941005,2.0697889315082576
S. hians,2,800,43,150,-0.2887729599191057,47.88669749289885,51.22283935546875,0.1617152573257116,2.0581244617144403
S. hians,2,800,48,100,0.7336068651871455,75.28423498169686,87.78202056884764,0.20848533265649968,2.097825720394263
S. hians,2,800,49,100,0.30887275404897574,70.19715026478497,78.74321746826172,0.21855393732126463,2.112191567657719
S. hians,2,800,50,100,-1.9475199942048382e-4,63.022150513140694,69.24390411376953,0.19074609107640345,2.0850937032494112
S. hians,2,800,51,100,-0.33291999946743023,56.98546923721807,60.01477813720703,0.1700092724791873,2.0632974664475188
S. hians,2,800,52,100,-0.4813495468316523,49.445533325545014,50.75568389892578,0.16468211033752328,2.0617775441459374
F. pringlei,1,800,4,1500,2.2717200934105266,76.50479604394694,90.127777099609375,0.5465460105090649,2.8294242301391206
F. pringlei,1,800,5,1500,1.5012427564637572,70.3023180778448,79.96337890625,0.5623005286271067,2.841055757295282
F. pringlei,1,800,6,1500,0.7079432242657006,64.34026595962082,70.083221435546875,0.5777799347347866,2.855260807904415
F. pringlei,1,800,7,1500,-0.024888985252104937,57.750227973421794,59.95096969604492,0.5934059682203647,2.868295972647902
F. pringlei,1,800,8,1500,-0.7401911219074756,51.0904582244692,49.933956146240234,0.6114375484615335,2.880676394398455
F. pringlei,1,800,21,400,0.7941531544276456,85.42502524171253,93.46195220947266,0.3902405082424989,2.7106942142888437
F. pringlei,1,800,22,400,0.4050453437280725,78.0601359073832,83.51434326171875,0.4010679442955715,2.7212551347052796
F. pringlei,1,800,23,400,-0.059764003802612785,70.92082970378733,73.45484161376953,0.41250988158189655,2.730092453310892
F. pringlei,1,800,24,400,-0.6053547553218903,63.96274306679145,63.23394775390625,0.4226292727265721,2.7395262096191293
F. pringlei,1,800,25,400,-1.115224918353799,56.80773718486034,53.11842727661133,0.4344299544163032,2.7514026845939226
F. pringlei,1,800,30,250,0.35884070014844444,87.77904467979211,93.19157409667967,0.411692727371645,2.7267734768936935
F. pringlei,1,800,31,250,-0.018123430568658852,80.2887655933178,83.31217193603516,0.4204604468922086,2.7332882966970793
F. pringlei,1,800,32,250,-0.42076207725123516,72.77301905276603,73.32891845703125,0.43001574209207777,2.7396089196970568
F. pringlei,1,800,33,250,-0.8159942037489125,64.94271003988925,63.13762283325195,0.43996001409516344,2.746762294849759
F. pringlei,1,800,34,250,-1.2425432911246461,57.31110230177268,53.058395385742195,0.4494859405223964,2.7565301375848934
F. pringlei,1,800,39,150,-0.28094008227389583,91.28703688431786,93.14179992675781,0.36230858424894385,2.6691699751175184
F. pringlei,1,800,40,150,-0.50307869196185,83.02098299642675,83.264984130859375,0.36935155962491456,2.67262898930558
F. pringlei,1,800,41,150,-0.7887586723557476,74.94993779446877,73.25240325927734,0.37782477634058126,2.6746490732135864
F. pringlei,1,800,42,150,-1.0295465109396984,66.40738657063942,63.08393859863281,0.3873816818338427,2.6790709720239976
F. pringlei,1,800,43,150,-1.420817903313968,58.7189892630746,52.97380065917969,0.39744985987709225,2.68359780053921
F. pringlei,1,800,48,100,-0.5353634416677776,93.49715194626236,93.1264877319336,0.25380319204759083,2.4900016228742317
F. pringlei,1,800,49,100,-0.7167636503085992,85.2178289690172,83.220458984375,0.2612311289710947,2.495278863452637
F. pringlei,1,800,50,100,-0.9292110231917242,77.03256765216805,73.30003356933594,0.273394715125633,2.5067875578403473
F. pringlei,1,800,51,100,-1.2015029938061774,68.96522548816922,63.1081428527832,0.2820294617598912,2.520386869767666
F. pringlei,1,800,52,100,-1.3869887030036054,60.275007815869614,53.00210952758789,0.29208905651022055,2.528890388133732
F. pringlei,2,200,4,1500,3.133014057665553,76.90060481790455,90.02620697021484,1.0704628289771456,3.000452953157219
F. pringlei,2,200,5,1500,2.1929735951881284,70.27197228559227,79.923553466796875,1.123612603784256,3.0230838374240703
F. pringlei,2,200,6,1500,1.217918146200794,63.75045963296595,69.955718994140625,1.1844165969128433,3.047418316990428
F. pringlei,2,200,7,1500,0.23990241074581847,57.12572972503912,60.01762390136719,1.24612883180398,3.0666888522582014
F. pringlei,2,200,8,1500,-0.7460911018928366,50.33012312694766,50.02033233642578,1.3123426352198213,3.088372888196318
F. pringlei,2,200,21,400,1.4393448770894754,79.3366617987726,87.38150787353516,0.901758974260818,2.9606310067701123
F. pringlei,2,200,22,400,0.9471649924361801,72.19223729575171,78.18502044677734,0.9292873154663437,2.9707037461386494
F. pringlei,2,200,23,400,0.2991561504823017,65.50269674181912,68.9946517944336,0.9609646938279285,2.9908490859288723
F. pringlei,2,200,24,400,-0.33900311570405967,58.8286816088424,59.921173095703125,0.9908791783740228,3.008589147473729
F. pringlei,2,200,25,400,-0.9739398901600889,51.84433994990003,50.59864044189453,1.025846294181235,3.0230388784033426
F. pringlei,2,200,30,250,0.9091330400777529,81.82410998761172,87.98258209228516,0.9264737311088496,2.9371544293264744
F. pringlei,2,200,31,250,0.5503231379868108,74.08072822402458,78.74542999267578,0.9466620505157692,2.9620708179703796
F. pringlei,2,200,32,250,0.028107879954817852,66.71286349256359,69.32073211669922,0.9649230942345405,2.96870694031546
F. pringlei,2,200,33,250,-0.4932135782684349,59.57734292773131,60.164276123046875,0.9962667102113244,2.971729988290462
F. pringlei,2,200,34,250,-1.021923310926234,52.03386199525422,50.63572311401367,1.0118842057957256,2.9918237265822243
F. pringlei,2,200,39,150,0.1744516455586525,84.30213473924229,88.116119384765625,0.8106322305233127,2.912529385195492
F. pringlei,2,200,40,150,-0.1001256824724709,76.12359444948454,78.63394927978516,0.8234948346670431,2.920802995955455
F. pringlei,2,200,41,150,-0.461826513405772,68.27176597775623,69.18522644042969,0.8441385995390117,2.92987717226088
F. pringlei,2,200,42,150,-0.7680897621445033,60.42699727100352,59.939903259277344,0.8757009179615862,2.918065905614465
F. pringlei,2,200,43,150,-1.1289416448311715,52.614446835800926,50.633018493652344,0.8831218196921824,2.942648245283461
F. pringlei,2,200,48,100,-0.2094628936388821,85.39483970898786,87.73138427734375,0.5257059439251448,2.7148587995750133
F. pringlei,2,200,49,100,-0.45376604223024886,77.53082422538404,78.482330322265625,0.5374442134908763,2.7354941122224554
F. pringlei,2,200,50,100,-0.6989143148329179,69.53718792388429,69.12975311279297,0.5601981176937818,2.7565975601752433
F. pringlei,2,200,51,100,-0.972086793000785,61.89397157495651,60.06574630737305,0.5858445011410434,2.7758594888532535
F. pringlei,2,200,52,100,-1.185647722395849,53.731246976567554,50.784217834472656,0.6127806332524037,2.793598639764765
F. cronquistii,1,800,4,1500,2.033269021140028,75.0274097205488,90.0460433959961,0.4075733518169928,2.4937634992460955
F. cronquistii,1,800,5,1500,1.2644470141955657,69.5814446180034,79.9141616821289,0.42417922593435264,2.5068863690700383
F. cronquistii,1,800,6,1500,0.5279012754842238,63.94876893015519,69.98397064208984,0.4436719791635304,2.5198584456613315
F. cronquistii,1,800,7,1500,-0.25368918653925576,58.21614176649235,59.97591400146485,0.45914521206773,2.5305488006699597
F. cronquistii,1,800,8,1500,-1.0684771127927084,52.50801004629892,50.0510368347168,0.4775634736020763,2.551882441815498
F. cronquistii,1,800,21,400,1.066266234794685,81.62003052812967,92.84754180908203,0.3389710219858645,2.2398889757748113
F. cronquistii,1,800,22,400,0.5695183217019424,75.16597169251469,82.932708740234375,0.3439841415544099,2.2405117333866076
F. cronquistii,1,800,23,400,0.04638765290300961,68.67473901415607,72.87537384033203,0.3503716945450567,2.2431886374320458
F. cronquistii,1,800,24,400,-0.5053564274842423,62.15060547888588,62.703365325927734,0.3584204258683623,2.2480539246813858
F. cronquistii,1,800,25,400,-1.0765759767827168,55.6599529109437,52.574668884277344,0.36667243671968114,2.25971674765888
F. cronquistii,1,800,30,250,0.5477335513324623,84.74930771996607,92.7999267578125,0.3484513217374875,2.22433173106049
F. cronquistii,1,800,31,250,0.1656437371559724,77.56147374373488,82.92475891113281,0.3531407212804431,2.229449879700071
F. cronquistii,1,800,32,250,-0.28689598822610846,70.59400870920447,72.88712310791016,0.3580293662237741,2.2335511790952296
F. cronquistii,1,800,33,250,-0.8160530073706423,63.876939915316285,62.71580505371094,0.36406776621565434,2.241470685716631
F. cronquistii,1,800,34,250,-1.292541630572482,56.793334425466746,52.57030487060547,0.371276497967696,2.2514546925199683
F. cronquistii,1,800,39,150,-0.22432232801670834,89.25558940888185,92.72242736816406,0.29205060943786554,2.1233364878852155
F. cronquistii,1,800,40,150,-0.4384760935926225,81.26790866714302,82.85746002197266,0.2940858614803292,2.120735561130132
F. cronquistii,1,800,41,150,-0.7746216691425007,73.91542585053763,72.86048126220702,0.2986223316858049,2.124180794979766
F. cronquistii,1,800,42,150,-1.0643023099653466,65.9969350001141,62.683441162109375,0.304850935447043,2.1319550174298927
F. cronquistii,1,800,43,150,-1.4702230031195087,58.83974947417209,52.58049392700195,0.31154613309284906,2.141751929811726
F. cronquistii,1,800,48,100,-0.5829074031262947,92.50453437343639,92.73975372314453,0.21669474034122213,1.965547572996729
F. cronquistii,1,800,49,100,-0.7698678533691455,84.57225497538332,82.87715148925781,0.2212743612135031,1.9707778784083203
F. cronquistii,1,800,50,100,-0.9608251101778638,76.44735909146371,72.88331604003906,0.22793010188773905,1.9795535851910244
F. cronquistii,1,800,51,100,-1.2678877937729827,69.00013849793821,62.73543548583984,0.2351443656736635,1.9981637635969671
F. cronquistii,1,800,52,100,-1.5593831942116205,61.3988611560839,52.68255233764648,0.24311174021470963,2.016435635049449
H. aturensis,1,800,4,1500,2.6417958684207075,62.32763139997259,89.97798156738281,0.21551200939233897,1.9835722900487165
H. aturensis,1,800,5,1500,2.616634481566611,56.41983673915402,79.9273452758789,0.2602645359793348,2.0406811793292
H. aturensis,1,800,6,1500,1.7239944199704471,50.451651950289225,70.06364440917969,0.2175843349178045,2.020078011447098
H. aturensis,1,800,7,1500,1.0737471366237528,42.791325721543025,60.03769302368164,0.1628312865347765,1.9325278991289667
H. aturensis,1,800,8,1500,0.4817655328806083,37.27403944805837,50.01297378540039,0.12915381327268383,1.8880264309525956
H. aturensis,1,800,21,400,1.0663542198143778,68.96624474117762,94.4651107788086,0.10539639917653078,1.8087188451793337
H. aturensis,1,800,22,400,0.7767889209864105,65.89620869353814,84.50716400146484,0.12017918606018314,1.823596085047364
H. aturensis,1,800,23,400,0.6149367993697774,58.43705447929021,74.50262451171875,0.120836185865386,1.8267719394682207
H. aturensis,1,800,24,400,0.36796128991263266,51.30977505527854,64.24735260009766,0.1129721452207984,1.812021588122152
H. aturensis,1,800,25,400,-0.03901521125982166,47.41376759129309,54.0930061340332,0.1119681191228412,1.8102735687836249
H. aturensis,1,800,30,250,0.4676313522275735,75.62363539919596,94.1219253540039,0.08741887138025728,1.765366812169028
H. aturensis,1,800,31,250,0.5675581932419593,66.95323932897598,84.4077377319336,0.10580637959538554,1.7953248133260933
H. aturensis,1,800,32,250,0.22662481933218487,62.64083620352098,74.13835906982422,0.10788731287506186,1.7904106840409513
H. aturensis,1,800,33,250,-0.05731693108409941,56.797049563655015,63.94639587402344,0.09999935562005001,1.778431099866808
H. aturensis,1,800,34,250,-0.32660746350520703,51.4209485218205,53.84037780761719,0.09631692281977222,1.7730906640150643
H. aturensis,1,800,39,150,0.11203417690491513,79.66086721945679,93.92304992675781,0.06548800171757146,1.7197369584579427
H. aturensis,1,800,40,150,0.012270048307001513,74.25149164893352,84.05115509033203,0.08451834517090864,1.7465614393443685
H. aturensis,1,800,41,150,-0.04763822819387453,66.21807042756107,74.00807189941406,0.09557512513291005,1.761112772374414
H. aturensis,1,800,42,150,-0.2911861903598985,60.492273579176285,63.82737731933594,0.09222075205485561,1.75535405849354
H. aturensis,1,800,43,150,-0.4958312055263021,54.517910856583526,53.703834533691406,0.08523214490642914,1.745467776642734
H. aturensis,1,800,48,100,-0.15882140680820422,85.32242856544636,93.8108901977539,0.05198096145048619,1.6822902874296997
H. aturensis,1,800,49,100,0.057952041870687754,72.00791046433174,84.28273010253906,0.06902465517171964,1.704722033029102
H. aturensis,1,800,50,100,-0.25940849076114936,69.51146211672042,73.82561492919922,0.08251229477280114,1.7224339996320923
H. aturensis,1,800,51,100,-0.4701949991960868,63.61880772247023,63.6429328918457,0.08770216705917058,1.7263600483262271
H. aturensis,1,800,52,100,-0.5821180392000145,56.145529017168386,53.55622482299805,0.08390039695992019,1.7084850084707868
H. aturensis,2,200,4,1500,4.443228171233031,57.80914139123448,90.11698913574219,0.3132619552009602,2.503722948970855
H. aturensis,2,200,5,1500,3.9381294845186674,53.03243617795791,80.07874298095702,0.34225193765004547,2.536378634577035
H. aturensis,2,200,6,1500,3.385637046105084,47.451434398815,70.02229309082031,0.3610037074292076,2.5510190521998304
H. aturensis,2,200,7,1500,2.78668779719727,41.59567570506944,60.115753173828125,0.3721487744414558,2.5765028813189272
H. aturensis,2,200,8,1500,2.0964794922498755,35.90384051432436,50.08319854736328,0.38297551973860205,2.6017261765343576
H. aturensis,2,200,21,400,2.0324011526957766,64.99451238338048,89.18468475341797,0.19151413884393736,2.3629305060546613
H. aturensis,2,200,22,400,1.8850565743430463,59.9921028616676,79.89833068847656,0.2261788225648125,2.4109165072397154
H. aturensis,2,200,23,400,1.467425261094931,54.07090465358655,70.31324768066406,0.2254456176167572,2.410289754103549
H. aturensis,2,200,24,400,1.2121071727778168,47.64490643275934,61.06075668334961,0.23590229726775092,2.4213245009979874
H. aturensis,2,200,25,400,0.7566749701736951,42.39378110340963,51.75574493408203,0.24278287261705211,2.4306406937135616
H. aturensis,2,200,30,250,1.6709706854207487,68.33319558756826,89.92362976074219,0.18227896907608543,2.3496103377991826
H. aturensis,2,200,31,250,1.4394300377697689,62.71382263375981,80.433258056640625,0.20153339885355365,2.383263169165861
H. aturensis,2,200,32,250,1.0884931265281013,57.401768124459295,70.85551452636719,0.21753641289851816,2.3950545406636374
H. aturensis,2,200,33,250,0.7296707456052846,51.45248757090816,61.42582702636719,0.22387776688932767,2.4044777840916067
H. aturensis,2,200,34,250,0.4082285431395609,44.90534427964107,51.92691802978515,0.22581800314940845,2.409758950062111
H. aturensis,2,200,39,150,0.6353698496745928,70.61773396135175,89.56011199951172,0.09012449620843638,2.211473300396057
H. aturensis,2,200,40,150,0.6690516779317628,65.48278266166912,80.22432708740233,0.12725433576056322,2.264828045660979
H. aturensis,2,200,41,150,0.5811322820595761,59.82631605875634,70.60029602050781,0.17090528422409415,2.3303784807270858
H. aturensis,2,200,42,150,0.31119991638954964,54.5416737572472,61.43537139892578,0.20294384181050956,2.3697921550893515
H. aturensis,2,200,43,150,-0.03384373244093572,48.376511312316985,51.884307861328125,0.20993636379783673,2.3870484631619764
H. aturensis,2,200,48,100,0.48805644732909226,75.37458966035273,90.48634338378906,0.09884475158521092,2.22068774448926
H. aturensis,2,200,49,100,0.41208249442625866,70.4005118225826,80.94886779785156,0.14110176096790225,2.2865539639566412
H. aturensis,2,200,50,100,0.28671455594014933,63.96240486373266,71.401123046875,0.1825305919471184,2.346257586942986
H. aturensis,2,200,51,100,0.03440734817118066,57.50872185776396,61.90635681152344,0.20716841662228264,2.3745127238761774
H. aturensis,2,200,52,100,-0.33349164496552847,51.46377075714842,52.3580436706543,0.2031298059719696,2.373396394346084
H. isocalycia,1,800,4,1500,2.8411460603811958,70.9094944138133,89.878875732421875,0.3968384611095684,2.2785290008308947
H. isocalycia,1,800,5,1500,2.3102209344655025,64.65709151015174,79.9753646850586,0.423244354081214,2.306746879054728
H. isocalycia,1,800,6,1500,1.661901024564205,58.28172745599612,70.18978118896484,0.4226143306588372,2.315450451392273
H. isocalycia,1,800,7,1500,0.803520830505356,52.60672942578631,59.91788101196289,0.4276618352790989,2.305601451972602
H. isocalycia,1,800,8,1500,0.12946600905069644,46.24776191268159,50.077606201171875,0.41070558705802346,2.2910271486384737
H. isocalycia,1,800,21,400,1.2563464227743928,75.34079536426427,92.87357330322266,0.19311475881581272,1.9595268571094493
H. isocalycia,1,800,22,400,0.9333351804087427,68.62599719814756,82.94762420654298,0.1912389584760663,1.9524781872981696
H. isocalycia,1,800,23,400,0.5451377507929482,62.349638573454015,72.902862548828125,0.18676692983639784,1.9419431288170457
H. isocalycia,1,800,24,400,0.252907245408301,55.696090057004874,62.70834732055664,0.2065442613607844,1.966203946833266
H. isocalycia,1,800,25,400,-0.1453331216779999,49.5067071189293,52.562503814697266,0.23740373866458703,2.003295709502621
H. isocalycia,1,800,30,250,0.7888012920390033,75.31789502783582,92.72899627685547,0.13010153313154416,1.7953134133351705
H. isocalycia,1,800,31,250,0.739336464014754,69.3323613152286,82.868988037109375,0.17184400611569467,1.8577983102251456
H. isocalycia,1,800,32,250,0.5203674319454358,62.057607899837166,72.8344497680664,0.17639321588236043,1.8606328508091976
H. isocalycia,1,800,33,250,0.03558986577077816,57.05705594080151,62.60538482666016,0.1779734672939368,1.8570152446731372
H. isocalycia,1,800,34,250,-0.21461840754329373,49.826856735069576,52.48152160644531,0.19231195277465624,1.870606320878505
H. isocalycia,1,800,39,150,0.6245732419789909,80.16360646203279,92.7722396850586,0.17573131913772325,1.797287681898917
H. isocalycia,1,800,40,150,0.4134981080632383,71.98723833427822,82.86662292480469,0.1567085725461162,1.7598390715938148
H. isocalycia,1,800,41,150,0.04555483452267983,65.89951852820069,72.81572723388672,0.13555766340121225,1.7158857037285342
H. isocalycia,1,800,42,150,-0.17802498010038925,58.97708611484675,62.634674072265625,0.1479311571520552,1.7288879646386486
H. isocalycia,1,800,43,150,-0.4326804766180168,51.90036318588105,52.52062225341797,0.18092716703018868,1.7736183157627674
H. isocalycia,1,800,48,100,0.33276231153593105,82.62479838682279,92.7396469116211,0.1650766632617389,1.6957502543684095
H. isocalycia,1,800,49,100,0.16494616062030884,74.28361599748644,82.9392318725586,0.1405587583395594,1.6439333049493143
H. isocalycia,1,800,50,100,-0.12892202519646384,67.8394619032644,72.8627700805664,0.1155876729416148,1.5930370107493943
H. isocalycia,1,800,51,100,-0.39178277003255746,61.6247584491021,62.679718017578125,0.13068705673821646,1.6163733346539813
H. isocalycia,1,800,52,100,-0.625228468061915,54.038468901548335,52.55411529541016,0.16526034363615755,1.6698332769210684
H. isocalycia,2,200,4,1500,2.1366561928758725,63.936814815537986,89.85625457763672,0.18993562417642695,2.0880716526175385
H. isocalycia,2,200,5,1500,1.9311427423536554,58.55854596936916,80.05376434326172,0.21531176249994777,2.1336938954299693
H. isocalycia,2,200,6,1500,1.22013644103968,54.5429050909302,69.92192840576172,0.20736240468089673,2.131166814595301
H. isocalycia,2,200,7,1500,0.6480521942480749,49.36445146010178,60.0706672668457,0.1838352463370636,2.0912250836365276
H. isocalycia,2,200,8,1500,0.19316746735412438,43.88061605081406,49.896244049072266,0.17651595374493542,2.090751882484881
H. isocalycia,2,200,21,400,1.2018630276852662,67.40882662277579,89.5691909790039,0.12994219507731697,2.034603939440218
H. isocalycia,2,200,22,400,0.7034776604579057,60.77998681851055,80.03398895263672,0.09397519748873819,1.96041405167176
H. isocalycia,2,200,23,400,0.5669088283403279,56.008384460824914,70.48192596435547,0.11129010897000148,1.991440393130688
H. isocalycia,2,200,24,400,0.360519334911652,52.91946977179309,61.05448532104492,0.17357184858392488,2.110348566151224
H. isocalycia,2,200,25,400,-0.07146436951917887,48.113397147558096,51.52044296264648,0.16401066672376716,2.0993211640955707
H. isocalycia,2,200,30,250,1.069510168907199,71.47458327774417,90.3482437133789,0.14408163858942133,2.050252279059758
H. isocalycia,2,200,31,250,0.635051498141502,65.95757305906784,80.66414642333984,0.12415724307779262,2.014828898993219
H. isocalycia,2,200,32,250,0.22989481024545716,60.274070849508355,70.85921478271484,0.0920422311776748,1.9467259993034531
H. isocalycia,2,200,33,250,0.017465860875836403,55.16201352551376,61.41180038452149,0.0943130192953543,1.945046948624076
H. isocalycia,2,200,34,250,-0.16802622483189833,49.528596468245226,51.91917037963867,0.13751601479280037,2.024550668402706
H. isocalycia,2,200,39,150,0.6578241224281999,74.49053250244708,90.351226806640625,0.11870087626386644,1.9695832444673576
H. isocalycia,2,200,40,150,0.2700659764184953,68.32627106745979,80.84944152832033,0.0831447944463269,1.8906453661196865
H. isocalycia,2,200,41,150,0.011972582686547856,63.48194778991765,70.74747467041016,0.07685564100132916,1.870068930174486
H. isocalycia,2,200,42,150,-0.15283347680403697,58.14834397135554,61.29188919067382,0.10148525780796253,1.9179781238562137
H. isocalycia,2,200,43,150,-0.29807313131221014,51.041778611155486,51.776405334472656,0.13429237348083486,1.9774553682433325
H. isocalycia,2,200,48,100,0.28902015728957275,80.34198184212572,90.844970703125,0.120183095004106,1.9365582427628687
H. isocalycia,2,200,49,100,0.025813440588373843,72.63318361790556,81.18824005126953,0.06697761035629193,1.810889915304433
H. isocalycia,2,200,50,100,-0.12862590156559875,66.86212238986509,71.3776626586914,0.06319654203970271,1.7982679884454265
H. isocalycia,2,200,51,100,-0.2285924995247831,60.06756806495911,61.8864860534668,0.08449348991871773,1.8440103314343723
H. isocalycia,2,200,52,100,-0.4264927827524384,53.31530046136136,52.29645919799805,0.12789244031021374,1.9333087165114555
H. glutinosa,1,800,4,1500,1.643732699704594,73.21094528135792,90.03719329833984,0.27466316146175646,1.9960558107391553
H. glutinosa,1,800,5,1500,1.2120518730415912,67.33083561100462,80.02332305908203,0.2967583191300205,2.0270789570483614
H. glutinosa,1,800,6,1500,0.6896799117355373,61.17933283323578,70.02827453613281,0.2905226952606178,2.013684575948399
H. glutinosa,1,800,7,1500,0.14139298249401347,55.16877467991933,59.95478820800781,0.27490404005771873,1.9881071473212504
H. glutinosa,1,800,8,1500,-0.3534772346601023,49.232993174315446,50.0501708984375,0.2672715867782633,1.9772559105984984
H. glutinosa,1,800,21,400,1.6668743419746295,75.25428066000633,93.13764953613281,0.2574888629719957,1.9569561514612288
H. glutinosa,1,800,22,400,1.1557573430681667,69.95379770907661,83.20818328857422,0.26919675694222783,1.977999984184862
H. glutinosa,1,800,23,400,0.6931077129825178,63.00825736393265,73.1393280029297,0.2399048339742657,1.9285802642435592
H. glutinosa,1,800,24,400,0.15370473212585908,56.98432482100903,62.86113357543945,0.19939895664759705,1.8520534335816776
H. glutinosa,1,800,25,400,-0.1647499507916165,50.27369206688841,52.7523307800293,0.1885092293588518,1.8220368034487184
H. glutinosa,1,800,30,250,1.3531404023625264,76.62116067817905,93.06602478027344,0.23626692272335095,1.9210212029255929
H. glutinosa,1,800,31,250,0.8966185348433581,70.052224723190193,83.06437683105469,0.21581552739203608,1.880376210712624
H. glutinosa,1,800,32,250,0.44787833535753435,63.500353099835515,73.06892395019531,0.18025307498332313,1.8006898211846127
H. glutinosa,1,800,33,250,0.14419826987646844,56.28856515388835,62.8305549621582,0.1528650503932438,1.7318279446252856
H. glutinosa,1,800,34,250,-0.19136062196069917,50.55616560478925,52.74790954589844,0.1509707260776964,1.726056866258732
H. glutinosa,1,800,39,150,0.9661079475172869,77.77031139800567,93.08605194091797,0.18552169401866347,1.8040748329137568
H. glutinosa,1,800,40,150,0.680210883753129,71.13197802974203,83.19686126708984,0.18715479899142992,1.8150734746569652
H. glutinosa,1,800,41,150,0.2907133318821835,64.17410133699784,73.04029083251953,0.14843610257381273,1.7297992546469614
H. glutinosa,1,800,42,150,-0.027075981789083964,57.89441741592845,62.911422729492195,0.12055725641231577,1.6608543397067117
H. glutinosa,1,800,43,150,-0.31048445553921555,52.47976811591403,52.818660736083984,0.1085024607482451,1.6306510353007762
H. glutinosa,1,800,48,100,0.6526251505114519,78.48529575912535,93.08180236816406,0.13868338483188136,1.6997575627806654
H. glutinosa,1,800,49,100,0.4524426128585761,72.192477142394,83.19574737548828,0.15282895009295624,1.734265854803889
H. glutinosa,1,800,50,100,0.22981657374711753,64.58707298130204,73.13786315917967,0.13603735770270825,1.6979624747463389
H. glutinosa,1,800,51,100,-0.10159386403228986,58.9056851030493,62.90916442871094,0.11171683388087827,1.6316165316352271
H. glutinosa,1,800,52,100,-0.291183269779417,52.33256396996005,52.80702209472656,0.09944115992589038,1.5973717567185304
H. glutinosa,2,200,4,1500,1.8279673479535445,72.62686972364978,90.1958999633789,0.29089870530460205,2.2945188694922836
H. glutinosa,2,200,5,1500,1.3655284944764454,67.34238957179967,80.11466217041016,0.33606827558576907,2.3559904388799624
H. glutinosa,2,200,6,1500,0.8121177321957745,61.4515876882857,69.92927551269531,0.36799906513386554,2.397924828928459
H. glutinosa,2,200,7,1500,0.2428711548413548,55.35085582321144,59.956390380859375,0.39205371219306584,2.422032609627
H. glutinosa,2,200,8,1500,-0.35320522068159393,49.03848565523641,49.889556884765625,0.408839363783334,2.426020335064153
H. glutinosa,2,200,21,400,1.4200549138134997,73.04716889882484,89.68372344970702,0.2373036179293126,2.065043639964337
H. glutinosa,2,200,22,400,1.140429887745792,67.88809042105504,80.39582061767578,0.2852917402384256,2.1496910794591533
H. glutinosa,2,200,23,400,0.7276712928362323,62.15857367458066,70.85356140136719,0.3167341045882985,2.199119600814127
H. glutinosa,2,200,24,400,0.3013452421956087,56.165767373072896,61.49657440185547,0.3424103853573743,2.2329457991116213
H. glutinosa,2,200,25,400,-0.1867763391519386,50.112240610920786,52.01995086669922,0.3611918506082196,2.2505141659552463
H. glutinosa,2,200,30,250,0.9510549637109782,72.90136834790978,89.57498931884764,0.15697243663788943,1.857709531797824
H. glutinosa,2,200,31,250,0.7672964433983671,67.96121582175236,80.15392303466797,0.1993380287160732,1.9538635834946032
H. glutinosa,2,200,32,250,0.4439324274889057,62.65501128860596,70.56781005859375,0.23866175659346975,2.029308368405036
H. glutinosa,2,200,33,250,0.09689543026316652,56.77574776356716,61.260536193847656,0.2670948139139321,2.0776139559287112
H. glutinosa,2,200,34,250,-0.27352094126721466,50.5010203050718,51.86198806762695,0.2889385942706107,2.1125001791609685
H. glutinosa,2,200,39,150,0.48442856122077044,74.26252304206369,89.596221923828125,0.09610108818312944,1.6631628949660808
H. glutinosa,2,200,40,150,0.4275033638541339,69.58703892010833,80.43280792236328,0.14167686111546685,1.7796157088449254
H. glutinosa,2,200,41,150,0.24908686703262617,63.90294133416582,70.90704345703125,0.19294355307349095,1.9038353692893724
H. glutinosa,2,200,42,150,-0.02900559170514294,57.872333282787345,61.57579803466797,0.22878778864369131,1.97384281961566
H. glutinosa,2,200,43,150,-0.3224724799692432,51.23281094107718,52.1533203125,0.2521405724280217,2.0175504189126077
H. glutinosa,2,200,48,100,0.25608830670472327,77.35357359891084,90.55767059326172,0.07487807084120277,1.5773076281771718
H. glutinosa,2,200,49,100,0.2156528280434039,71.71416226328571,81.02095031738281,0.1109928409054474,1.6728350123304845
H. glutinosa,2,200,50,100,0.07432798242655178,65.54556662880975,71.3818588256836,0.1523166678440987,1.7841642969387612
H. glutinosa,2,200,51,100,-0.10863168896607577,58.67984045149933,61.8409423828125,0.18843529600646983,1.870980492509756
H. glutinosa,2,200,52,100,-0.38118884300296363,52.04218671260778,52.308692932128906,0.2123023740496416,1.9254941670786936
S. hians,1,800,4,1500,4.717127543991763,66.1612109481667,89.980499267578125,0.516097606765858,2.056263440108887
S. hians,1,800,5,1500,4.127726207072758,58.848526614545534,79.9244155883789,0.5164643239049882,2.0487543090073013
S. hians,1,800,6,1500,3.389558896950528,51.91701517000061,70.12444305419922,0.4960959183979386,2.0193419464376348
S. hians,1,800,7,1500,2.815797879627652,44.81618006620797,60.10109329223633,0.5028637659732575,2.0062374749656446
S. hians,1,800,8,1500,2.0480739463106747,38.19849211413965,49.90726852416992,0.5079126821548317,2.010280669556567
S. hians,1,800,21,400,2.350255014884338,75.18856960531984,93.07501983642578,0.3703483701189008,1.8024127811277868
S. hians,1,800,22,400,1.897377236117735,68.04534474560982,83.10365295410156,0.373664714875119,1.8058217410347424
S. hians,1,800,23,400,1.4840752494425757,60.34864122207498,73.08597564697266,0.3623493796079027,1.7871444375000285
S. hians,1,800,24,400,1.028876081854491,52.72790920374589,62.85036849975586,0.35007916498573916,1.7721180859432206
S. hians,1,800,25,400,0.5418780806160644,45.4335008524969,52.723690032958984,0.3311856197697203,1.7507105236391798
S. hians,1,800,30,250,1.5766695789981888,76.45870001930835,92.95097351074219,0.27885582243319856,1.6792024264635983
S. hians,1,800,31,250,1.2033718073373243,68.84680686326381,83.03929901123047,0.2627437721784262,1.6612469482845629
S. hians,1,800,32,250,0.8665782355241867,61.111564203023406,72.985107421875,0.248061274906222,1.641152264205317
S. hians,1,800,33,250,0.5278075178233483,53.8000158853461,62.812358856201165,0.24648652939406965,1.6363543172832142
S. hians,1,800,34,250,0.16059172957165097,46.82810878898229,52.67619323730469,0.25023989759792487,1.6376416842970505
S. hians,1,800,39,150,0.8854355490744159,79.35113586369786,92.9691390991211,0.22313602264443297,1.6069148304930276
S. hians,1,800,40,150,0.5922057785901684,72.24734185857582,83.03719329833984,0.22776246047610244,1.61774082197604
S. hians,1,800,41,150,0.49124468532517734,63.07117665988565,73.02033996582033,0.2143237166401066,1.6004510761200073
S. hians,1,800,42,150,0.12078760633104813,56.42190969719033,62.826148986816406,0.21899555863197984,1.607784073234943
S. hians,1,800,43,150,-0.1366618293670966,48.89453088710744,52.717681884765625,0.2326752350421263,1.6266351912043902
S. hians,1,800,48,100,0.4164942321047819,83.29153477393407,92.95201110839844,0.22999119779531263,1.6217500230102742
S. hians,1,800,49,100,0.35199365745821565,74.66735800869651,83.0762710571289,0.2505632878116262,1.649501305833226
S. hians,1,800,50,100,0.18906581129637468,66.13081962763607,73.06043243408203,0.24486580052802223,1.6430325301666744
S. hians,1,800,51,100,-0.07477226362107367,58.413405986077024,62.97040939331055,0.2490613285591122,1.6522694918101042
S. hians,1,800,52,100,-0.31639431089825815,50.39055687199746,52.79850006103515,0.2622562595429333,1.6705639025045675
S. hians,2,200,4,1500,4.12197110405614,60.67664238022151,90.00469970703125,0.31980935334818456,2.1792102252763432
S. hians,2,200,5,1500,3.797659891222925,54.423416158989085,79.90143585205078,0.3476618098267613,2.2146515222349263
S. hians,2,200,6,1500,3.1403757775797154,47.73266039786943,70.145355224609375,0.32881497889606925,2.194346772102479
S. hians,2,200,7,1500,2.473542835495802,41.23177286039035,59.99346923828125,0.31606577397972213,2.180194046406832
S. hians,2,200,8,1500,1.868611319591471,35.06859229205708,50.00882339477539,0.3144920604388162,2.19226111249176
S. hians,2,200,21,400,2.523109794993311,68.34948551032741,89.59162139892578,0.29124929214813944,2.1853389622841206
S. hians,2,200,22,400,1.996379261752155,62.29426509942851,80.16432189941406,0.28533883283859296,2.1808055327670735
S. hians,2,200,23,400,1.55092329324668,55.06086703472026,70.6114273071289,0.26337481661476225,2.158136838530845
S. hians,2,200,24,400,1.1490434439631838,48.49715107502799,61.321807861328125,0.2513968478638266,2.135838608311009
S. hians,2,200,25,400,0.7378259598744097,42.2630178604164,51.76057434082031,0.2531615693774676,2.1350766415448743
S. hians,2,200,30,250,1.8320209840007724,71.73267506799807,90.35893249511719,0.25329639389715325,2.134143195910423
S. hians,2,200,31,250,1.558123092575329,64.66434820439044,80.82197570800781,0.2576846695972779,2.138096861036058
S. hians,2,200,32,250,1.1236717741700086,57.61591330310108,71.15575408935547,0.23731055705864715,2.11438812458975
S. hians,2,200,33,250,0.7386676504692432,50.52508390308295,61.64643859863281,0.2117380121218787,2.078373901807936
S. hians,2,200,34,250,0.314148862307682,44.290130733461304,52.061798095703125,0.1913499946552275,2.051409364996827
S. hians,2,200,39,150,1.087975099595239,72.71002076389505,90.35551452636719,0.16824895761333247,2.001608429556246
S. hians,2,200,40,150,0.7684254751052482,67.24131291096545,80.72367095947266,0.17869848523082216,2.0119641598145828
S. hians,2,200,41,150,0.5630694644606637,59.43052037212803,71.17713165283203,0.16696089983554888,1.9953507009346505
S. hians,2,200,42,150,0.2728862207309486,52.6953313769596,61.70608901977539,0.1514789450053301,1.970654222737474
S. hians,2,200,43,150,-0.07091899271412028,47.19620501776354,52.098670959472656,0.14623680944584616,1.9566632785153344
S. hians,2,200,48,100,0.6323950118000181,77.05012598770315,90.51609802246094,0.15964879065659784,1.9472544665504248
S. hians,2,200,49,100,0.4800415980278124,70.04010105536805,80.96398162841797,0.17346258282041055,1.9608962860116153
S. hians,2,200,50,100,0.32650577684402093,61.98445977067286,71.29731750488281,0.16616554933495165,1.9436091420844317
S. hians,2,200,51,100,0.039651240523222,55.52905524657464,61.74822616577149,0.16021989334444597,1.935139611739258
S. hians,2,200,52,100,-0.31542576223875074,50.070067590058066,52.18427658081055,0.159773175474241,1.9289406612566673
H. aturensis,2,200,4,1500,5.185205500059562,58.75177668943514,89.86076354980469,0.4255338738909531,2.2162345032333253
H. aturensis,2,200,5,1500,4.666182318901814,52.73049773851639,79.89385223388672,0.4480840184423685,2.247930988229927
H. aturensis,2,200,6,1500,3.7053824686343675,45.281740424024726,70.000244140625,0.376007591468025,2.167560870675836
H. aturensis,2,200,7,1500,2.7815955418856673,38.659162486877115,59.93585205078125,0.3214880552110943,2.090969529234848
H. aturensis,2,200,8,1500,2.2644455466899847,32.765017197954016,50.068012237548835,0.3290943901133981,2.0860638724907767
H. aturensis,2,200,21,400,2.463748715137108,61.64532551619085,89.28227233886719,0.20657654231846412,1.8496280666653184
H. aturensis,2,200,22,400,2.4359242778436334,59.43421034437723,79.8086929321289,0.30901964144710337,2.027558179927961
H. aturensis,2,200,23,400,2.0742370607220506,54.485657071964134,70.3495101928711,0.3657469261426251,2.116225108961371
H. aturensis,2,200,24,400,1.6025945823826346,48.29595038965911,61.04252243041992,0.3687403484001448,2.1214586681566288
H. aturensis,2,200,25,400,1.0366842579902782,41.707025308188435,51.5626335144043,0.32727331090915296,2.063924221898138
H. aturensis,2,200,30,250,2.1526580315676496,68.86455164991031,89.68981170654298,0.2670212253577506,1.941092828245164
H. aturensis,2,200,31,250,1.918608140873793,62.98432477889603,80.34783935546875,0.30131178232830824,2.006428993922833
H. aturensis,2,200,32,250,1.4660806028200761,56.31243128752201,70.70214080810547,0.28674564287741694,1.9745679913603815
H. aturensis,2,200,33,250,1.0873207314337798,49.302497365486445,61.44987869262695,0.26033786638696915,1.932524400798211
H. aturensis,2,200,34,250,0.6467869595027231,42.540652617056026,51.881935119628906,0.22441711738464457,1.873988066714257
H. aturensis,2,200,39,150,1.2479354808006358,70.63249502641251,89.7867431640625,0.1695152690806543,1.7562062995102314
H. aturensis,2,200,40,150,1.154649106019126,65.81183560840657,80.47322082519531,0.22555097514357592,1.8653015476339787
H. aturensis,2,200,41,150,0.851286501820324,59.50151342960322,70.77362060546875,0.24075092639422496,1.89232199631205
H. aturensis,2,200,42,150,0.624609661039293,52.16268300399516,61.4229736328125,0.23393101483220427,1.8783286879047227
H. aturensis,2,200,43,150,0.252252413762448,45.856077523349235,51.83730697631836,0.2268147820966807,1.8712156900367845
H. aturensis,2,200,48,100,0.7803657889518423,74.23213759907702,89.91132354736328,0.1450465977513121,1.6966929984586747
H. aturensis,2,200,49,100,0.6476599156598883,69.51372213017488,80.42150115966797,0.20831163800837463,1.8269842392484423
H. aturensis,2,200,50,100,0.46081264928915855,62.6838066522748,70.84071350097656,0.2430312074267297,1.8957022159956247
H. aturensis,2,200,51,100,0.29094515265698695,54.72603759752715,61.46185302734375,0.22474008114242353,1.8691513092113743
H. aturensis,2,200,52,100,0.0063624925756325945,47.83475222317739,51.92396545410156,0.207671204726478,1.8382105593233864
H. isocalycia,1,800,4,1500,3.01289413222959,72.62996304759707,89.911834716796875,0.523227240868391,2.214080681409075
H. isocalycia,1,800,5,1500,2.4184235917647694,66.0708689686868,80.11598205566406,0.5467737553232165,2.233428238353546
H. isocalycia,1,800,6,1500,1.6713044715420826,59.46019500801105,69.98102569580078,0.554366107879985,2.2370941608133728
H. isocalycia,1,800,7,1500,0.9094750179971305,52.817065094168406,59.98202133178711,0.5372178214527289,2.2196749154058053
H. isocalycia,1,800,8,1500,0.14757530617154316,46.364221064019965,50.111324310302734,0.5037711118149258,2.1963118124392493
H. isocalycia,1,800,21,400,2.521872522507856,75.76289048109989,92.61524200439453,0.40372687909715105,2.662187967238278
H. isocalycia,1,800,22,400,2.038010344584654,69.52982409469023,82.73932647705078,0.4475948264526371,2.705229671286841
H. isocalycia,1,800,23,400,1.56478638953133,62.46857623390207,72.70225524902344,0.4811457212215718,2.7376111834108308
H. isocalycia,1,800,24,400,0.88799926143531,55.74845084048456,62.49446487426758,0.5017427377960343,2.758507407371508
H. isocalycia,1,800,25,400,0.17320609904837536,49.069796481392856,52.387496948242195,0.5113941441755425,2.7702094425529946
H. isocalycia,1,800,30,250,1.9230728395888708,76.71186321825003,92.57561492919922,0.3224089799257689,2.634658875398629
H. isocalycia,1,800,31,250,1.5570531735736453,69.98085779473867,82.68983459472656,0.34722610127723735,2.659849234703928
H. isocalycia,1,800,32,250,1.035647319015528,63.57220304258402,72.64759063720702,0.37064640609252336,2.689451836694323
H. isocalycia,1,800,33,250,0.5583047413091208,56.48379279996983,62.47349548339844,0.3916311971642224,2.709571696539584
H. isocalycia,1,800,34,250,0.010950604551937054,49.56923607950069,52.35798263549805,0.4101575302346306,2.727689714222622
H. isocalycia,1,800,39,150,1.2449652334973325,79.261413832651,92.62284851074219,0.26179522394745025,2.607368514534435
H. isocalycia,1,800,40,150,0.9717263099059514,72.38035113306533,82.70121765136719,0.2937366356353604,2.643204704666932
H. isocalycia,1,800,41,150,0.6177002419294773,65.34991380843923,72.67753601074219,0.3207701579037059,2.67041170753754
H. isocalycia,1,800,42,150,0.2706741030381292,57.73591580672988,62.477996826171875,0.3434876810308467,2.6902147378663357
H. isocalycia,1,800,43,150,-0.20230087210293535,50.674624514129874,52.385108947753906,0.35643471865335563,2.7007233758448272
H. isocalycia,1,800,48,100,0.6781264333415307,81.87385149896672,92.6042251586914,0.20572745629889944,2.5587435713032027
H. isocalycia,1,800,49,100,0.45977463424950954,74.8806914532344,82.729217529296875,0.23678449788161873,2.595755737485131
H. isocalycia,1,800,50,100,0.24802542972270553,67.12353622327609,72.73880767822266,0.26065740695601985,2.620912359310387
H. isocalycia,1,800,51,100,-0.07076339383903832,59.56951354224461,62.53351593017578,0.2799665441731721,2.645182856183194
H. isocalycia,1,800,52,100,-0.41793448389722077,52.06725696794953,52.445281982421875,0.29604257145438934,2.6662954334660025
F. sonorensis,2,200,4,1500,2.1267735461004267,73.93760371605191,89.89917755126953,0.38251828847587627,1.9115252670578484
F. sonorensis,2,200,5,1500,1.9130496268915034,66.16566103381211,80.05550384521484,0.40738111010679345,1.9308889336053108
F. sonorensis,2,200,6,1500,1.6240649027096463,57.9751097229095,70.07413482666016,0.41447740683056705,1.9588177401087303
F. sonorensis,2,200,7,1500,1.073398147278201,50.98261562273093,59.95631408691406,0.4296315879734029,1.9826181846731343
F. sonorensis,2,200,8,1500,0.5256205969884533,44.014830965774365,50.05452346801758,0.43794940702954355,1.9917076159591671
F. sonorensis,2,200,21,400,0.7377115859291671,80.58255432370649,90.25316619873047,0.3339076603389495,1.9080879649195992
F. sonorensis,2,200,22,400,0.39830534298067627,73.42893204012971,80.67784881591797,0.3536048915780935,1.9307944241051735
F. sonorensis,2,200,23,400,0.020981610499565206,66.19543558870139,71.0260238647461,0.36647800018298593,1.9428412609035148
F. sonorensis,2,200,24,400,-0.2719224704637522,58.26807387462154,61.194194793701165,0.3798191764001628,1.953148710377456
F. sonorensis,2,200,25,400,-0.5849718830541109,50.65945718549215,51.67398452758789,0.389141074039333,1.9614186270299252
F. sonorensis,2,200,30,250,0.17185685289553565,83.77725509036576,90.41834259033203,0.32176101087256626,1.896156467072069
F. sonorensis,2,200,31,250,-0.09951928795040568,76.26326162518677,80.937835693359375,0.34094178461320596,1.9135752854589372
F. sonorensis,2,200,32,250,-0.4675915437700202,68.90896634251294,71.21406555175781,0.36043205952602975,1.9257097916224155
F. sonorensis,2,200,33,250,-0.6950890436762156,60.93286403250152,61.74694061279297,0.37664395865230593,1.938349185623374
F. sonorensis,2,200,34,250,-0.9914221202253162,53.020001226817975,52.0660400390625,0.3910426813004654,1.9491527417180183
F. sonorensis,2,200,39,150,-0.4246947888833906,87.31126275625007,90.54436492919922,0.3080376265683363,1.864806227696972
F. sonorensis,2,200,40,150,-0.6720095112509503,79.5991415401286,81.0458984375,0.3229933106905909,1.8744423030578763
F. sonorensis,2,200,41,150,-0.8998604159937874,71.35616814099315,71.315155029296875,0.34152432255552234,1.8988211628740392
F. sonorensis,2,200,42,150,-1.1085597431524556,63.22212635446056,61.82453155517578,0.35802739973539166,1.912113046616578
F. sonorensis,2,200,43,150,-1.4754321336636855,55.795799098240906,52.23696517944336,0.368028977004886,1.9208197452476017
F. sonorensis,2,200,48,100,-0.8185576465453113,89.1299521530204,89.91632080078125,0.2986078677101654,1.8386464262378288
F. sonorensis,2,200,49,100,-1.0959256813203164,81.68592288680956,80.59815979003906,0.3131773555862865,1.8547542957511904
F. sonorensis,2,200,50,100,-1.177525464064392,72.85616544694841,71.1635513305664,0.32890695574196027,1.8767389869629552
F. sonorensis,2,200,51,100,-1.4981758185044556,65.20759310168826,61.5100212097168,0.34073057623349845,1.88763959635864
F. sonorensis,2,200,52,100,-1.6724899157344462,56.79774514251575,52.00211334228515,0.3516151525083132,1.9036562494816316
S. hians,2,200,4,1500,4.352960774829877,66.59254796065666,89.9411849975586,0.45683561252336485,2.5915952813256298
S. hians,2,200,5,1500,4.050042911326965,60.28349203204204,79.90033721923828,0.532713836266274,2.657032042496794
S. hians,2,200,6,1500,3.5379624168345494,53.07544853144249,69.91960144042969,0.557471590327319,2.688228353871076
S. hians,2,200,7,1500,2.7357371423855636,46.20160681177121,59.927459716796875,0.5440502278212772,2.6882337428424505
S. hians,2,200,8,1500,2.319039626066999,38.28515381964523,49.92967224121094,0.5507128531730588,2.664840602359036
S. hians,2,200,21,400,2.888776021752073,72.96962671407519,92.72628021240233,0.36482797678428286,2.552929174486344
S. hians,2,200,22,400,2.5016638807172926,66.06429749627657,82.8233642578125,0.386416683513543,2.570989062557666
S. hians,2,200,23,400,2.0662814113125734,58.746673948857755,72.78250885009767,0.39646065333884634,2.5773756412387447
S. hians,2,200,24,400,1.547194015581278,51.333864615396145,62.778343200683594,0.38356225524955073,2.569295090323314
S. hians,2,200,25,400,1.0206559890771068,44.24915576671788,52.44537353515625,0.40031868912043206,2.5708880703583272
S. hians,2,200,30,250,2.2844221549523134,75.68183279107595,92.64476776123047,0.3533821073456613,2.5314384692129095
S. hians,2,200,31,250,1.8560739368284564,69.26884593405674,82.7733383178711,0.3867059368860199,2.5536926244178613
S. hians,2,200,32,250,1.3663122744968672,62.016890326592105,72.89942932128906,0.3799576271179298,2.545299499730827
S. hians,2,200,33,250,1.0253130979889038,53.52779082963024,62.46574020385742,0.37039972714458475,2.526616858341964
S. hians,2,200,34,250,0.6125668683350869,45.8691175652479,52.39606475830078,0.364886353208396,2.5136895152707
S. hians,2,200,39,150,1.3544916532097215,79.10623367979214,92.730194091796875,0.2864216399493599,2.443672418094473
S. hians,2,200,40,150,1.0913268080315863,71.69264092453092,82.81314849853516,0.3081912821656437,2.4629791319425567
S. hians,2,200,41,150,0.8248005143084465,63.37617863888084,72.73412322998047,0.3014322829465721,2.457139736964993
S. hians,2,200,42,150,0.3934542108898749,55.92598589129424,62.550315856933594,0.2842580378879764,2.4407779966140226
S. hians,2,200,43,150,0.15388198902009687,47.51979963082291,52.41010284423828,0.27153941074808285,2.4251727302516812
S. hians,2,200,48,100,0.9015119913713671,80.94450486556788,92.675567626953125,0.24785300183754433,2.3765066608777414
S. hians,2,200,49,100,0.6851191081404981,73.77615835806105,82.82622528076172,0.28259507107827597,2.401548416609512
S. hians,2,200,50,100,0.39582004503527113,65.39696037648814,72.8016586303711,0.25583517108697823,2.3897556979469665
S. hians,2,200,51,100,0.1077040630707945,57.16425463773485,62.519798278808594,0.22715447767032265,2.3554833672051316
S. hians,2,200,52,100,-0.23946250319487172,50.25534576287858,52.58030700683594,0.2212576794181068,2.342933040550619
H. aturensis,3,200,4,1500,4.842009315915978,62.39137913270648,89.99565887451172,0.41983409680882866,2.233681793559634
H. aturensis,3,200,5,1500,4.550819255177188,57.311544024048466,79.91221618652344,0.5116189399259824,2.3194850728550227
H. aturensis,3,200,6,1500,3.912450692083156,51.519612164100515,70.05882263183594,0.5604548296932249,2.3660614078262587
H. aturensis,3,200,7,1500,3.1255307813052493,45.12596294270673,60.01656723022461,0.5793956204773731,2.384971798990737
H. aturensis,3,200,8,1500,2.387148177658135,38.244767943955274,50.157752990722656,0.5725423499461536,2.386508131075345
H. aturensis,3,200,21,400,2.1825687614307063,65.90752545323977,88.10468292236328,0.2357542620633968,2.07981788713632
H. aturensis,3,200,22,400,2.175453138975108,61.45337388984649,78.917938232421875,0.3206931115972486,2.167520184800087
H. aturensis,3,200,23,400,1.9432363121106901,55.99876094062426,69.77130126953125,0.3920283083127445,2.232097199244046
H. aturensis,3,200,24,400,1.5057347785431736,49.97891992441246,60.56071090698242,0.4333562480714685,2.2671140693244816
H. aturensis,3,200,25,400,1.1066614103440804,42.9008695241901,51.07869338989258,0.4547989388783044,2.2824830343876967
H. aturensis,3,200,30,250,1.3120333439424394,68.91976356403823,89.40442657470702,0.16236394545044094,1.9436827308053908
H. aturensis,3,200,31,250,1.332586040471818,64.06238959442511,79.92639923095702,0.22806399328041285,2.019161475175715
H. aturensis,3,200,32,250,1.1567715480934562,58.389862083296705,70.3724594116211,0.29069253074542134,2.082331938900621
H. aturensis,3,200,33,250,0.9479201403641038,51.6799085066031,61.089969635009766,0.33655096107494026,2.1245699053002465
H. aturensis,3,200,34,250,0.5800626827339839,44.96828439735301,51.63763046264648,0.3670963130363212,2.1505016387873477
H. aturensis,3,200,39,150,0.8502751228740912,72.61886916314994,89.345977783203125,0.14811923456705373,1.850259805827518
H. aturensis,3,200,40,150,0.7772217166703872,67.56218779149938,80.15535736083984,0.20112662763477793,1.9132061700597112
H. aturensis,3,200,41,150,0.5546184066466888,61.575391369332834,70.58226776123047,0.2497761004236157,1.9661903301901476
H. aturensis,3,200,42,150,0.29583230544509037,54.992092618132446,61.323001861572266,0.2847008799677719,1.9992684223001125
H. aturensis,3,200,43,150,0.07338499633731399,47.431273016257485,51.865840911865234,0.3022053137403025,2.0141287747791794
H. aturensis,3,200,48,100,0.29847187241224477,77.04946777259997,89.551422119140625,0.1109334698739141,1.73014411308337
H. aturensis,3,200,49,100,0.3012864288871548,70.10233790895825,80.31478118896484,0.14706380389869547,1.7774190778627237
H. aturensis,3,200,50,100,0.16087541309471076,63.46177874078191,70.67793273925781,0.18629964118072329,1.8259794634800637
H. aturensis,3,200,51,100,-0.045008900684468334,56.56440214113682,61.181243896484375,0.22139366216450795,1.86870929345701
H. aturensis,3,200,52,100,-0.1840433922589436,48.83642339263542,51.89836120605469,0.24629739827094327,1.894233274305414
H. aturensis,4,800,4,1500,4.292140063028744,69.49379417869699,89.995849609375,0.5371032621052956,2.5009787290446694
H. aturensis,4,800,5,1500,3.4193862033326075,61.170932149237686,79.94096374511719,0.457150183069883,2.430886477414897
H. aturensis,4,800,6,1500,2.432487687918672,52.439581077157705,70.03273010253906,0.34283704375474117,2.360819319244474
H. aturensis,4,800,7,1500,2.2113775522816606,41.86154659187966,60.1246452331543,0.29070794125694227,2.3185579500555176
H. aturensis,4,800,8,1500,1.3551276018884044,39.00494648790766,49.96066665649414,0.3527233896751837,2.36066585170888
H. aturensis,4,800,21,400,1.4940151454219177,75.5042109065525,92.28894805908203,0.2447382776229645,2.2046505022687346
H. aturensis,4,800,22,400,1.472291073395374,70.00867732147144,82.47347259521484,0.35843904609980903,2.2794010981262547
H. aturensis,4,800,23,400,1.2211511595623556,62.46750165644897,72.4383316040039,0.412672090797454,2.318842660357026
H. aturensis,4,800,24,400,0.5036461851549376,55.1278709237016,62.27449417114258,0.33729230119317966,2.2602435466774624
H. aturensis,4,800,25,400,0.07918490260806871,46.94551906036981,52.06180191040039,0.2677873338579661,2.196994646983847
H. aturensis,4,800,30,250,1.0932299858049417,79.92723165583926,92.27128601074219,0.29422352013735015,2.1606368644231115
H. aturensis,4,800,31,250,0.8210967671139634,73.43082258820851,82.39871978759767,0.37510264221698314,2.218850474160936
H. aturensis,4,800,32,250,0.498153424754362,64.98073785839047,72.40631103515625,0.3418710690962064,2.18660060714549
H. aturensis,4,800,33,250,0.11938500457434004,56.521137994551744,62.20469284057618,0.27339995876043127,2.122684565220552
H. aturensis,4,800,34,250,-0.33632258557214667,49.660989159482895,52.09182357788086,0.2491550689629004,2.0941809468044084
H. aturensis,4,800,39,150,0.19821412196208366,83.37778691734069,92.32426452636719,0.17544826209725778,1.9724313965714535
H. aturensis,4,800,40,150,0.10858978545715031,76.1413418058782,82.45935821533203,0.27020708401662585,2.062166836359465
H. aturensis,4,800,41,150,-0.17936778956349567,68.52468293678683,72.41502380371094,0.32175451002778327,2.1028030646805562
H. aturensis,4,800,42,150,-0.41796955287966314,60.059322660873626,62.274627685546875,0.27447153032144156,2.0588485681522872
H. aturensis,4,800,43,150,-0.66727043435798294,52.13152191727293,52.13601303100586,0.23236458553438943,2.0136907327152147
H. aturensis,4,800,48,100,-0.17770668543900459,86.02633322324655,92.2743911743164,0.11627313363239944,1.8596994809719036
H. aturensis,4,800,49,100,-0.28614763430307716,78.41478253729144,82.427276611328125,0.1831525062695836,1.9282996350665056
H. aturensis,4,800,50,100,-0.4475863091556851,70.10304594788978,72.41796875,0.24634807724158247,1.9860405712827345
H. aturensis,4,800,51,100,-0.5886074112878349,61.19808587667883,62.254364013671875,0.2559934939251577,1.9933850014001944
H. aturensis,4,800,52,100,-0.9013201227853342,53.94435103743467,52.17778396606445,0.22982789404118456,1.9665969276433752
F. sonorensis,4,800,4,1500,5.6259108145653665,66.7622705234998,89.9787368774414,0.6307907256425076,2.355607459202962
F. sonorensis,4,800,5,1500,4.896533775487145,61.43916367407398,79.955474853515625,0.7329444252164181,2.401295616677089
F. sonorensis,4,800,6,1500,3.985817849941515,55.612465868448304,69.95814514160156,0.8250448170845815,2.445326641658321
F. sonorensis,4,800,7,1500,2.977139145508719,49.37719952793238,60.02859878540039,0.9032234611701352,2.4929385873891587
F. sonorensis,4,800,8,1500,1.9541475585288333,42.77165281040682,50.129638671875,0.9626861102959614,2.523665324153378
F. sonorensis,4,800,21,400,2.662625152954966,78.26475465404307,92.898345947265625,0.5346574952318729,2.1646464209677796
F. sonorensis,4,800,22,400,2.0310045322498675,72.08278849260381,82.96063232421875,0.6251924230312947,2.22615268135356
F. sonorensis,4,800,23,400,1.4138326305009952,65.08761180562863,72.97453308105469,0.704979399205472,2.2651407895840823
F. sonorensis,4,800,24,400,0.7243807535209323,57.5838173347117,62.75724792480469,0.7714478307164084,2.306276122914278
F. sonorensis,4,800,25,400,-0.06260747673181469,50.17697082552055,52.61106491088867,0.8302671382088564,2.332186375725156
F. sonorensis,4,800,30,250,1.7187359003881917,82.47692953159532,92.68751525878906,0.6228175846478899,2.19568279905105
F. sonorensis,4,800,31,250,1.2384714157154568,74.97482759623713,82.87379455566406,0.6715649853564649,2.2291553165593943
F. sonorensis,4,800,32,250,0.6246166092491563,67.51364639803882,72.90746307373047,0.7198657757403735,2.2665658494692615
F. sonorensis,4,800,33,250,0.05629179824152003,59.51635904450216,62.715133666992195,0.7608385724811033,2.294512595319335
F. sonorensis,4,800,34,250,-0.41188880202551276,51.14517448412968,52.57752990722656,0.795286252862793,2.319964231229416
F. sonorensis,4,800,39,150,0.9214793273853292,82.96782854973138,92.77893829345702,0.3386418967558207,2.0169467348357286
F. sonorensis,4,800,40,150,0.36303437177795317,77.0298757410377,83.02288055419922,0.4011493962724906,2.084741996293524
F. sonorensis,4,800,41,150,-0.008559269755905263,69.28554640525333,72.96759033203125,0.46613215954792814,2.137505617270712
F. sonorensis,4,800,42,150,-0.4207475496719447,61.29556167987472,62.88639450073242,0.5311559676069434,2.1822518818806858
F. sonorensis,4,800,43,150,-0.9107402494316377,53.261218678190495,52.789703369140625,0.5881689680627419,2.2274723079173855
F. sonorensis,4,800,48,100,0.024502975964151658,87.87607390032161,92.88074493408203,0.3188795680415678,1.9845864993330904
F. sonorensis,4,800,49,100,-0.19393577546796945,79.78209760612299,83.0936050415039,0.39629097028751686,2.045372827268613
F. sonorensis,4,800,50,100,-0.5098525593963803,71.51602072249574,73.15528106689453,0.46711603663562745,2.1105388138114067
F. sonorensis,4,800,51,100,-0.7447563631431086,62.50763884191626,62.952289581298835,0.5387622051735389,2.151847404715707
F. sonorensis,4,800,52,100,-1.135387254411657,54.033999172989496,52.87399673461914,0.6091867397401102,2.1902503179665653
F. cronquistii,3,200,4,1500,2.9869061415562417,73.23672551902868,89.99837493896484,0.49457039119433494,2.11678481326942
F. cronquistii,3,200,5,1500,2.0460818199321835,68.01644212974651,79.99344635009767,0.5280671252687181,2.136840447457391
F. cronquistii,3,200,6,1500,1.0048478656644848,62.67696758725743,70.09027862548828,0.548575345400118,2.1690933815543687
F. cronquistii,3,200,7,1500,0.029873366671079066,56.90942664286085,60.09279251098633,0.5885761378284441,2.1874454664543883
F. cronquistii,3,200,8,1500,-1.0475633659816275,51.06720469167772,50.00336837768555,0.6131691089158887,2.2040649530650116
F. cronquistii,3,200,21,400,1.6273925398194737,76.0769170788341,89.09949493408203,0.378744482532093,1.9571767631568215
F. cronquistii,3,200,22,400,1.0747068399714093,70.45761968395927,79.95641326904298,0.4016400852940404,1.9743301570979237
F. cronquistii,3,200,23,400,0.44206178052275147,64.64177075370196,70.508026123046875,0.4248316192230887,1.990992674712208
F. cronquistii,3,200,24,400,-0.22544538988638105,58.77904785728333,61.13822555541992,0.4481306862335437,2.0079999225974317
F. cronquistii,3,200,25,400,-0.9035388016460192,52.97498788755964,52.03213119506836,0.4684579694370152,2.023169911603836
F. cronquistii,3,200,30,250,1.2338960851625425,80.14753314821043,90.21514129638672,0.45333530786901893,2.0049949632658683
F. cronquistii,3,200,31,250,0.675160065337441,73.99386010179795,81.19474029541016,0.45958176799790873,2.01330107761806
F. cronquistii,3,200,32,250,0.14155255511404047,67.18199475384003,71.63273620605469,0.4677474843982735,2.01975092328008
F. cronquistii,3,200,33,250,-0.37596237194429083,60.3267092567633,62.13753128051758,0.4714878321920511,2.016901092835964
F. cronquistii,3,200,34,250,-0.9747383901146066,53.62371607623237,52.515899658203125,0.4893154788384515,2.0223270254513483
F. cronquistii,3,200,39,150,0.5064537309447072,83.23875749604585,90.61939239501953,0.3808370317972879,1.9210221971786667
F. cronquistii,3,200,40,150,0.11320921567359432,76.30900156071479,81.2483139038086,0.391891712037184,1.9279964466715465
F. cronquistii,3,200,41,150,-0.1918808662931774,68.59673773076352,71.6143798828125,0.40240259481738694,1.936143898043316
F. cronquistii,3,200,42,150,-0.6103986080741608,61.481528539721396,62.09878158569336,0.4155174268203451,1.9453345995061393
F. cronquistii,3,200,43,150,-1.025705078627908,54.15221004196548,52.49424743652344,0.4282972779900941,1.956841022870503
F. cronquistii,3,200,48,100,0.0010648969831740795,85.38116450001175,90.2993392944336,0.3345754880617235,1.8598965434600396
F. cronquistii,3,200,49,100,-0.33828704677617005,78.36228495451134,81.008880615234375,0.3470266080887382,1.8746224616548717
F. cronquistii,3,200,50,100,-0.5186187123676644,70.21206900813013,71.49156951904297,0.35764249615087235,1.8811736178993597
F. cronquistii,3,200,51,100,-0.8269005655441242,62.836361548037814,62.15889358520508,0.3714234606464942,1.890130893107038
F. cronquistii,3,200,52,100,-1.1084519994036899,55.01625196606864,52.584922790527344,0.3820901476908335,1.8994822971996328
F. cronquistii,4,800,4,1500,2.567992226981029,75.80753336987097,89.940338134765625,0.5608424123226742,2.538867774593484
F. cronquistii,4,800,5,1500,1.641575814960472,70.11927682578906,79.97510528564453,0.587465733500641,2.554327120601636
F. cronquistii,4,800,6,1500,0.6568160329408721,64.23798747353193,69.86180877685547,0.6108869012044872,2.565586511165282
F. cronquistii,4,800,7,1500,-0.2003458564991373,57.99159447338855,60.053565979003906,0.6359268871971867,2.5756312143101967
F. cronquistii,4,800,8,1500,-1.1389572769309813,51.59288545672706,49.9596061706543,0.6559379782183594,2.583688681056927
F. cronquistii,4,800,21,400,1.8942796657565073,81.34201621535517,95.45105743408203,0.38207627143418255,2.3429378233591707
F. cronquistii,4,800,22,400,1.2886538387727033,75.2281192206991,85.61954498291016,0.39446867109517336,2.361492602023587
F. cronquistii,4,800,23,400,0.6704007986688445,68.84013849506854,75.57441711425781,0.41141343782290446,2.383719062567048
F. cronquistii,4,800,24,400,-0.027284493480949162,62.45872378188937,65.347015380859375,0.4292144120450966,2.4047316925528577
F. cronquistii,4,800,25,400,-0.7296812848720464,55.986239695459176,55.231735229492195,0.4460933739128387,2.4255431294486627
F. cronquistii,4,800,30,250,1.1850986278332434,85.77370946692471,95.17998504638672,0.4512221535338729,2.4721584812514483
F. cronquistii,4,800,31,250,0.7481955573220411,78.24208702019484,85.2749252319336,0.45756492264559406,2.4858520363632124
F. cronquistii,4,800,32,250,0.16864916058786755,71.1842785391377,75.20390319824219,0.4674693876732174,2.4982451530406395
F. cronquistii,4,800,33,250,-0.4198779912354963,64.01053655743864,65.0538330078125,0.4770321062267865,2.5118948798880445
F. cronquistii,4,800,34,250,-0.9563956538704168,56.56351531800997,54.93861389160156,0.487461080870032,2.5247873396377547
F. cronquistii,4,800,39,150,0.5330400095610075,88.3082520340336,94.96886444091797,0.3857830584822,2.4765571403818902
F. cronquistii,4,800,40,150,0.10402132192163971,81.03434574975341,85.16947937011719,0.38974859552533064,2.4936976624370435
F. cronquistii,4,800,41,150,-0.2632428506896928,73.19760014282757,75.12315368652344,0.3985421415047133,2.5110877057578764
F. cronquistii,4,800,42,150,-0.6324809040182922,65.19656102166832,64.95423126220703,0.40851444232199546,2.5256267033169277
F. cronquistii,4,800,43,150,-1.1015999051325491,57.646618153162045,54.79881286621094,0.41810673392131353,2.5367055499576963
F. cronquistii,4,800,48,100,-0.053737234325293884,91.1704259895805,94.78003692626953,0.3293219924035689,2.517900937426428
F. cronquistii,4,800,49,100,-0.26636492336736944,82.90930695637577,84.93621063232422,0.3384021844638955,2.5343480667020346
F. cronquistii,4,800,50,100,-0.5394805792381135,74.72448963391234,74.90080261230469,0.34570469573104556,2.5549851297021378
F. cronquistii,4,800,51,100,-0.8603810872771651,66.64162884085482,64.74864959716797,0.3549017071063763,2.5722158094227052
F. cronquistii,4,800,52,100,-1.1071037751997739,58.145923877409274,54.71578598022461,0.3696776938653462,2.5907922099201097
H. isocalycia,3,200,4,1500,2.186111463604697,69.79403026768817,90.00508117675781,0.2683490326235848,2.2446176226785317
H. isocalycia,3,200,5,1500,1.774289168616467,63.82911819048058,79.99247741699219,0.28985637525891605,2.2809684871512
H. isocalycia,3,200,6,1500,1.3723476928535474,57.28426276068496,70.037628173828125,0.3025241895304387,2.284128315673821
H. isocalycia,3,200,7,1500,0.8123765826844226,51.15278063852374,60.09733200073242,0.2993945768245971,2.2860696256049415
H. isocalycia,3,200,8,1500,0.23693056461709205,45.061959699817955,50.029052734375,0.293327054956592,2.278074206316771
H. isocalycia,3,200,21,400,1.1804107796635233,67.89133831208488,89.69901275634764,0.1320420386477623,1.957631965385168
H. isocalycia,3,200,22,400,1.2429734548850222,63.03507278016846,80.486114501953125,0.18298290578486773,2.032870774336043
H. isocalycia,3,200,23,400,0.9075925521697997,58.49980273111325,70.68243408203125,0.22073737045066996,2.083628432410609
H. isocalycia,3,200,24,400,0.5641878520336946,52.740257837720655,61.19075775146485,0.24333626402427125,2.10655413711039
H. isocalycia,3,200,25,400,0.15881700728281437,46.726342367409856,51.748291015625,0.2464373955915529,2.1095139306825295
H. isocalycia,3,200,30,250,0.5409857392422037,65.59090651619552,89.82942962646484,0.06082498069937899,1.7702145422390458
H. isocalycia,3,200,31,250,0.47216383095467684,62.26626827830981,80.55455017089844,0.07711728122415984,1.7951488303188816
H. isocalycia,3,200,32,250,0.38699609480120367,57.46064026638691,71.010894775390625,0.09775575899471489,1.8306349657907992
H. isocalycia,3,200,33,250,0.19926465967895318,53.00701999934175,61.65725326538086,0.12090167942764968,1.865412850918816
H. isocalycia,3,200,34,250,0.029939774365365712,46.62867341276851,52.0169563293457,0.14388830606336028,1.9033496909202077
H. isocalycia,3,200,39,150,0.3072478248773995,70.64013605589028,90.14447784423828,0.05455428734495316,1.7094007331332686
H. isocalycia,3,200,40,150,0.360124210139261,64.92139399188382,80.931915283203125,0.07645373274422358,1.7462919778692594
H. isocalycia,3,200,41,150,0.2050345720713108,60.581749720529395,71.18644714355469,0.09565873688994159,1.7794976602652022
H. isocalycia,3,200,42,150,0.02690030326886403,55.16998465598845,61.74474334716797,0.11116002805600834,1.8042438517510164
H. isocalycia,3,200,43,150,-0.22132024625427216,49.663601515456605,52.12663269042969,0.11904951290765228,1.8179608499067252
H. isocalycia,3,200,48,100,0.13493464337379105,73.47696391702317,89.82001495361328,0.04613537525613021,1.6549801481611213
H. isocalycia,3,200,49,100,0.11146754652621904,68.33412452533989,80.76959228515625,0.061392331430022026,1.6812720641255146
H. isocalycia,3,200,50,100,-0.0035589283224742863,63.11543947695637,71.0367660522461,0.07610235661270465,1.6999222529332907
H. isocalycia,3,200,51,100,-0.18463385743636124,58.12364144061792,61.73017501831055,0.08599943745034316,1.7199178485429438
H. isocalycia,3,200,52,100,-0.20436169873527882,49.46352223525035,52.31975555419922,0.09370930159389151,1.7293501360822847
H. isocalycia,4,800,4,1500,2.0940607470572528,73.68834397783235,90.05809020996094,0.35242108566999064,2.5437454884792388
H. isocalycia,4,800,5,1500,1.6469320334488964,66.8731627919126,80.01087188720702,0.36509365020686935,2.57064812968552
H. isocalycia,4,800,6,1500,1.195893381534552,59.71359601228593,69.92476654052734,0.3671002321620442,2.584991420740771
H. isocalycia,4,800,7,1500,0.6115394799025068,53.50638136401988,60.058685302734375,0.37045026688196864,2.6006912079056783
H. isocalycia,4,800,8,1500,0.11368799163433788,46.4785074591964,49.898048400878906,0.3733138864699391,2.6151279776173033
H. isocalycia,4,800,21,400,1.729243367269094,78.54440973473352,94.25626373291016,0.3007557156773553,2.563133373771052
H. isocalycia,4,800,22,400,1.436656380658583,71.50336559907342,84.38980865478516,0.3227007374322752,2.5893742665626633
H. isocalycia,4,800,23,400,0.9598117504731057,64.79250958938177,74.3292465209961,0.3263866640288432,2.596563910278899
H. isocalycia,4,800,24,400,0.5645630775228196,57.2251165127653,64.14293670654297,0.31565805046767276,2.5877043915793183
H. isocalycia,4,800,25,400,0.16855046302595753,49.81848546040022,54.065216064453125,0.2943242640339043,2.5675367758593346
H. isocalycia,4,800,30,250,1.0913667686166386,75.8601005363071,94.27519989013672,0.14787474299541045,2.3623610138506628
H. isocalycia,4,800,31,250,0.9104698622455406,69.44802704361423,84.43683624267578,0.16158636241855498,2.3866905081745937
H. isocalycia,4,800,32,250,0.6186254220069063,63.490317675038774,74.46681213378906,0.17212712862398552,2.405078712078452
H. isocalycia,4,800,33,250,0.21821071612661755,57.936998429764365,64.25376892089844,0.17928352859619295,2.4176543324358937
H. isocalycia,4,800,34,250,-0.011401222372522835,50.541600007017415,54.19784164428711,0.183738462485982,2.425413184220495
H. isocalycia,4,800,39,150,0.6760497992877684,78.18909918029446,94.33377838134764,0.11408961316443068,2.315301362721599
H. isocalycia,4,800,40,150,0.5643224884132809,72.1552687881486,84.47966766357422,0.13917888153611058,2.357894465409336
H. isocalycia,4,800,41,150,0.32887713704180827,66.11144836329969,74.47929382324219,0.15711291359739943,2.3835585215789323
H. isocalycia,4,800,42,150,0.05628485931111171,59.50062222271305,64.2784194946289,0.17060950691336155,2.4047139021020993
H. isocalycia,4,800,43,150,-0.18399229350434154,52.27765555596357,54.20122146606445,0.1816844591120472,2.4206214540952935
H. isocalycia,4,800,48,100,0.3476945209791252,81.23587673691128,94.39922332763672,0.08951793560295006,2.271040409444962
H. isocalycia,4,800,49,100,0.156987899948753,76.72608633455657,84.538604736328125,0.11874942227875612,2.322968878528991
H. isocalycia,4,800,50,100,0.1038742388601922,68.44160501371556,74.578887939453125,0.14126473101625783,2.358207720869279
H. isocalycia,4,800,51,100,-0.16897143491350286,62.0379737179855,64.47228240966797,0.15778772724115256,2.383123516095802
H. isocalycia,4,800,52,100,-0.34428616863815475,54.07678495423319,54.35651779174805,0.17014047552755285,2.405165699133795
F. pringlei,3,200,4,1500,3.229576572013261,76.28839461932895,90.01325988769531,0.9397676541075168,2.6590941596520135
F. pringlei,3,200,5,1500,2.220290694586114,70.05557629140976,79.98936462402344,1.0037076587112723,2.68614844915067
F. pringlei,3,200,6,1500,1.1192819704677603,64.01790937109854,70.14168548583984,1.0761223795055936,2.724167267594312
F. pringlei,3,200,7,1500,0.14681090219986667,57.02286909618316,59.91988754272461,1.1415244413780037,2.752868963952671
F. pringlei,3,200,8,1500,-0.6497120529478463,49.5909186373204,49.904842376708984,1.1921043133996745,2.7719354033310375
F. pringlei,3,200,21,400,2.0530593483165416,82.00927830852275,93.54566955566406,0.713448278649798,2.515644601007807
F. pringlei,3,200,22,400,1.4663811628007222,75.02892853795457,83.62943267822266,0.7837370024202313,2.5332155358702875
F. pringlei,3,200,23,400,0.7893792741021437,67.77885209679313,73.58757781982422,0.8261462892691321,2.5670579788737085
F. pringlei,3,200,24,400,0.024576950090481053,60.58794648456023,63.43802261352539,0.8770685431543553,2.5990098197426996
F. pringlei,3,200,25,400,-0.6592892924626993,53.04684205689357,53.35824966430664,0.9152549387347128,2.6280249660243866
F. pringlei,3,200,30,250,1.5699856257602085,84.53474006262579,93.49407958984376,0.872678494359542,2.558140721744596
F. pringlei,3,200,31,250,1.010339551346912,76.84730819116625,83.62567901611328,0.8948463261974897,2.589020543486797
F. pringlei,3,200,32,250,0.36798835657376083,69.16610679697291,73.5710220336914,0.9074059357627021,2.625500543487855
F. pringlei,3,200,33,250,-0.19471603932384762,61.33720648589504,63.4577522277832,0.9725892357845306,2.607923092356359
F. pringlei,3,200,34,250,-0.8004021858954442,53.45529836528807,53.405784606933594,0.9981217745537115,2.6350327932304936
F. pringlei,3,200,39,150,0.7929774220250503,86.64582062093092,93.44876861572266,0.7388208478396826,2.4358797836134616
F. pringlei,3,200,40,150,0.2897900183859593,79.0362209941052,83.72871398925781,0.7666649139430217,2.4829264895249072
F. pringlei,3,200,41,150,-0.17197993076891932,70.9677755973681,73.68284606933594,0.759725969368174,2.4800846204028932
F. pringlei,3,200,42,150,-0.4901019632226367,62.331621975905925,63.502593994140625,0.8293934638414308,2.4868332700253086
F. pringlei,3,200,43,150,-1.0012679583773896,54.243555601434736,53.44894790649414,0.8578656440720495,2.538987312887344
F. pringlei,3,200,48,100,0.1056909381428462,88.59630836972323,93.43132781982422,0.5074783242883971,2.2320188038604973
F. pringlei,3,200,49,100,-0.11771649131143216,80.26641616261206,83.6557388305664,0.5495474134106358,2.2647190614055144
F. pringlei,3,200,50,100,-0.40800458771126374,71.84261298913931,73.65418243408203,0.5848209852427411,2.304692554598441
F. pringlei,3,200,51,100,-0.7103261936812771,63.27555409909777,63.49398040771485,0.6344191477578853,2.327437956048874
F. pringlei,3,200,52,100,-1.0391242808653762,54.73731369134994,53.4112434387207,0.677543080049868,2.361376468125003
F. pringlei,4,800,4,1500,1.9477944270292604,78.53314564892337,90.023773193359375,0.8122159792607309,2.9968091944618207
F. pringlei,4,800,5,1500,1.178451181337642,72.20109334612974,80.07933807373047,0.8515602245944146,3.0427766419785622
F. pringlei,4,800,6,1500,0.48535274906805514,65.37742496727931,70.051544189453125,0.894178161277216,3.0690675263348677
F. pringlei,4,800,7,1500,-0.26551360411684083,58.61282956944289,60.021671295166016,0.8886554390640132,3.093498728640043
F. pringlei,4,800,8,1500,-0.9048745302121322,51.398078423110256,49.97982406616211,0.9231586148395663,3.1073384953918577
F. pringlei,4,800,21,400,0.42254113449671604,85.45411311789283,90.85301208496094,0.7814138009246714,2.948502529940859
F. pringlei,4,800,22,400,0.006008342472927308,78.27721675363745,81.58897399902344,0.8168986845392024,2.9759037931948114
F. pringlei,4,800,23,400,-0.41123804358208044,71.20842426423712,72.49828338623047,0.8404884615413358,2.9904153401667717
F. pringlei,4,800,24,400,-0.8350318196037996,63.89010750699055,63.186382293701165,0.8669927017256599,3.0121036103342487
F. pringlei,4,800,25,400,-1.263181519300967,56.68439139336661,54.01729965209961,0.8930069714876581,3.0292533963276074
F. pringlei,4,800,30,250,-0.1029560321232709,89.47192630304431,92.65953063964844,0.8580253359910525,3.035483973469818
F. pringlei,4,800,31,250,-0.37320377450008846,81.564791296224,83.338836669921875,0.8686326519503891,3.0358086965212716
F. pringlei,4,800,32,250,-0.7014656948075808,73.76028598773397,73.91854095458984,0.8932016904305106,3.0458727670281225
F. pringlei,4,800,33,250,-1.0794446094640315,66.23812242311715,64.60777282714844,0.9066249378072523,3.047059685610642
F. pringlei,4,800,34,250,-1.4159950538449686,58.35342226106536,55.13038635253906,0.9226392413511572,3.055661816110951
F. pringlei,4,800,39,150,-0.6278744176980958,92.23921485304794,93.188873291015625,0.7743623658105095,2.992260216174647
F. pringlei,4,800,40,150,-0.8447303130464204,84.30876750455931,84.08251190185547,0.7921291573773563,3.011138459077192
F. pringlei,4,800,41,150,-1.0660495616108348,75.93537366842791,74.4953842163086,0.8059164921139648,3.0175188165069557
F. pringlei,4,800,42,150,-1.347789151209373,67.90310769893355,65.01457214355469,0.809796846360455,3.0299922322119963
F. pringlei,4,800,43,150,-1.6398596203892666,59.83657443728646,55.488628387451165,0.8290809074175919,3.040064368419582
F. pringlei,4,800,48,100,-0.9982887293601475,94.51820720508478,93.74164581298828,0.6979099697737526,2.9692754449435306
F. pringlei,4,800,49,100,-1.1463086272853813,86.13393509633656,84.439361572265625,0.7128898364089696,2.982186941237014
F. pringlei,4,800,50,100,-1.3017312421885143,77.47997826785559,74.78392791748047,0.7209217299777111,2.9734778532256314
F. pringlei,4,800,51,100,-1.506094906819665,68.99508867952538,65.164154052734375,0.7347131667091192,2.9940092652281747
F. pringlei,4,800,52,100,-1.7130477173714693,60.592392008005255,55.56938552856445,0.7393434992306165,2.995207701665262
H. glutinosa,3,200,4,1500,2.1999518009493277,75.79632972214942,89.9305648803711,0.4661441867962054,2.8814233303500076
H. glutinosa,3,200,5,1500,1.639023968654278,70.1978866816977,79.89757537841797,0.5885121941817807,2.950533018592032
H. glutinosa,3,200,6,1500,1.0369736653902482,63.30782516957616,70.01517486572266,0.6354595937511525,3.010090282176272
H. glutinosa,3,200,7,1500,0.3348272779623691,56.33007037152206,59.89105987548828,0.6557478137361015,3.019789837522083
H. glutinosa,3,200,8,1500,-0.36962394442073676,49.38902439810066,49.94721603393555,0.6792733179098571,3.045330450443784
H. glutinosa,3,200,21,400,1.7397425433711906,75.54365345730882,89.63871002197266,0.3411305888825034,2.8993807667405345
H. glutinosa,3,200,22,400,1.3971133501943895,69.66652646678185,80.5570297241211,0.38644000936184186,2.944321561472898
H. glutinosa,3,200,23,400,0.9054006061544196,63.7732102184716,71.1551742553711,0.43565769127660314,2.9886539809294046
H. glutinosa,3,200,24,400,0.35975947327252933,57.546916351733,61.72856521606445,0.4708941988606017,3.013439537249651
H. glutinosa,3,200,25,400,-0.18243214357800425,51.06936318601047,52.38630676269531,0.4884272972610377,3.035231800065347
H. glutinosa,3,200,30,250,1.329633415183473,75.03520255355672,90.1014633178711,0.22659973684098716,2.8159992201783752
H. glutinosa,3,200,31,250,1.075297121750909,69.57158935461673,81.29010772705078,0.255551108126657,2.85803151042026
H. glutinosa,3,200,32,250,0.6526980788130947,64.22678477294876,71.71952056884766,0.2963811834316591,2.901317745804321
H. glutinosa,3,200,33,250,0.20179132802480274,58.26369700901358,62.16193771362305,0.3430043079811656,2.9528594672509936
H. glutinosa,3,200,34,250,-0.21642320039812196,51.57001501834593,52.688377380371094,0.3817707157934868,2.991897756852457
H. glutinosa,3,200,39,150,0.9224275888106472,77.30520510623377,90.622711181640625,0.184858288859928,2.806750409277447
H. glutinosa,3,200,40,150,0.7256007040118786,71.23082364827593,81.54206085205078,0.20535233341510528,2.829352634934985
H. glutinosa,3,200,41,150,0.38904719023871437,65.401659463934,71.98699188232422,0.226998029557464,2.8603214975191076
H. glutinosa,3,200,42,150,0.03202175051723183,59.25616338892588,62.41716384887695,0.26074355854252906,2.905226791298599
H. glutinosa,3,200,43,150,-0.3251985947268907,52.51602763931659,52.84016799926758,0.2988597324665472,2.944480464378139
H. glutinosa,3,200,48,100,0.5860541120757038,79.22633168833272,89.90412139892578,0.16456583591153942,2.8132347142300858
H. glutinosa,3,200,49,100,0.42388854318836156,72.79247607604545,81.007598876953125,0.17804358709147078,2.8301709031759965
H. glutinosa,3,200,50,100,0.15707832643239134,66.69653447320697,71.59879302978516,0.2007600104266224,2.862076551063481
H. glutinosa,3,200,51,100,-0.07422444243761676,59.636186036062064,62.07069778442382,0.22338719316190295,2.8910185505663977
H. glutinosa,3,200,52,100,-0.39259641925467564,52.936710700628424,52.58715057373047,0.25273004200967575,2.916117417217232
H. glutinosa,4,800,4,1500,1.418178547027607,75.75429808427072,89.9981460571289,0.3005755356913914,2.214542892229889
H. glutinosa,4,800,5,1500,1.0454824373817744,69.30813504056404,80.09413146972656,0.3299789778220457,2.264559470206441
H. glutinosa,4,800,6,1500,0.5575504471083308,62.61490271255869,69.98907470703125,0.32702187078479,2.264275970160583
H. glutinosa,4,800,7,1500,0.09308991659656093,55.91573138172762,59.973976135253906,0.32328307023988584,2.258081209256401
H. glutinosa,4,800,8,1500,-0.42000946686158236,49.56858553341653,49.94435119628906,0.32157678863654643,2.2531663025703312
H. glutinosa,4,800,21,400,0.9897629808612829,76.3533126164174,92.54647064208984,0.16910859093906427,1.9413308434656793
H. glutinosa,4,800,22,400,0.7606916209622319,71.98284365500795,82.651763916015625,0.2441976967576423,2.0887081845059585
H. glutinosa,4,800,23,400,0.4413131608327006,65.53387316279544,72.6170883178711,0.2909449949930724,2.166350674665766
H. glutinosa,4,800,24,400,0.037098374255329636,58.59993517903584,62.43284606933594,0.3119647660149888,2.205815531347995
H. glutinosa,4,800,25,400,-0.34896259250262796,51.36705953144745,52.27212142944336,0.31049581988797736,2.2005014868992
H. glutinosa,4,800,30,250,0.49437771803650843,75.15397705729183,92.379150390625,0.08290861114984355,1.7182018485494337
H. glutinosa,4,800,31,250,0.45880005609460706,70.68970427221755,82.58563995361328,0.1292430935090819,1.831012438526668
H. glutinosa,4,800,32,250,0.27011722778729774,65.43832541984527,72.55943298339844,0.19552288487882,1.977504315870552
H. glutinosa,4,800,33,250,-0.014501961190127866,58.68321508592256,62.41974639892578,0.2474557647095076,2.079318166042416
H. glutinosa,4,800,34,250,-0.3956948936136442,51.863135789345385,52.312034606933594,0.2688310617000027,2.1179326434257963
H. glutinosa,4,800,39,150,0.2767243713248815,77.01087892722387,92.34129333496094,0.06317532971685688,1.648950236106888
H. glutinosa,4,800,40,150,0.21315219294841833,72.89947182897411,82.55096435546875,0.104693106310128,1.7613584163792548
H. glutinosa,4,800,41,150,0.02464672546512589,67.5369047721701,72.548065185546875,0.17237907139539632,1.9206793325105973
H. glutinosa,4,800,42,150,-0.23002118489600915,60.38716655830291,62.38753128051758,0.22734076881101176,2.0284402948472997
H. glutinosa,4,800,43,150,-0.4944022021780714,52.67714931110601,52.315895080566406,0.2567715794737847,2.086218864169816
H. glutinosa,4,800,48,100,0.11837402111786993,79.93536606895782,92.34034729003906,0.053499604225080453,1.6130622394749663
H. glutinosa,4,800,49,100,0.07570716021349033,74.39478881893099,82.56536102294922,0.08580788100484858,1.7039314859439618
H. glutinosa,4,800,50,100,-0.10904621041910995,68.84519408912858,72.575347900390625,0.13858406457122802,1.8365454609998415
H. glutinosa,4,800,51,100,-0.37487332309259785,61.79708384487129,62.40123748779297,0.19886968575029337,1.9700044749270016
H. glutinosa,4,800,52,100,-0.6010420443203092,53.67641373018356,52.31844711303711,0.24052339655025495,2.048941248810268
S. hians,3,200,4,1500,4.534987713456527,56.44500760796859,89.8843765258789,0.30253033056497103,1.8502727036348223
S. hians,3,200,5,1500,4.19654047204259,52.19870924850864,80.021392822265625,0.34988825593456946,1.9032823538836965
S. hians,3,200,6,1500,3.6984397487468255,45.75130978217024,70.05067443847656,0.3583242972921244,1.908540850582067
S. hians,3,200,7,1500,2.859654947662794,40.29042938986355,59.998653411865234,0.3526198779595164,1.9101505611946776
S. hians,3,200,8,1500,2.1786566236919596,34.014473417150505,49.8844108581543,0.3458941299280571,1.9038823214781004
S. hians,3,200,21,400,2.9559062312341537,68.8049313187737,92.99628448486328,0.297727608353688,1.8225095625425165
S. hians,3,200,22,400,2.4991426060086863,61.734592654259494,83.07073211669922,0.2911617446046424,1.8173611905212168
S. hians,3,200,23,400,1.9861399044379418,54.72995103742504,73.049774169921875,0.2777057390441505,1.8020000472484972
S. hians,3,200,24,400,1.4205597810003656,48.23943685511367,62.81755828857422,0.26757634042185297,1.7897214225477074
S. hians,3,200,25,400,0.8933071802902708,42.09341572575135,52.713768005371094,0.2665982646051537,1.7867740139278177
S. hians,3,200,30,250,2.257995944751539,70.70159928335482,92.86814880371094,0.2539925797624615,1.7574895919421687
S. hians,3,200,31,250,1.9808269473282187,64.34839704393424,83.00017547607422,0.27737866895467306,1.7902111823871385
S. hians,3,200,32,250,1.5481704828246214,57.452313531962744,72.985015869140625,0.27452645661547237,1.7878446068207268
S. hians,3,200,33,250,1.0831766262470461,50.57002030806064,62.81673049926758,0.2681407475118199,1.7802343163344776
S. hians,3,200,34,250,0.6418943569297295,43.67489806635021,52.71370697021485,0.26019259775610726,1.771374381996764
S. hians,3,200,39,150,1.4791194223352941,72.17058369669617,92.87183380126953,0.18533981185299112,1.664481843893009
S. hians,3,200,40,150,1.1866715542017459,67.40902205150391,83.04924011230469,0.21952803643221516,1.7122418691196508
S. hians,3,200,41,150,0.8752031171020184,60.12660548988349,73.0018310546875,0.21666859469870475,1.7098607836354058
S. hians,3,200,42,150,0.5389889067853261,52.892653108596114,62.83336639404297,0.21028951326764955,1.701593836728396
S. hians,3,200,43,150,0.12095615460428594,46.647408991958166,52.73501205444336,0.2083061635788573,1.698232651701197
S. hians,3,200,48,100,0.8772343265468487,76.27725394996065,92.891754150390625,0.1602421406815751,1.6252913874934165
S. hians,3,200,49,100,0.6954159712642202,70.5068341021712,83.04371643066406,0.1961231395656171,1.6777708052700182
S. hians,3,200,50,100,0.5060280767806563,62.371848267237326,73.03516387939453,0.19122865180108972,1.6720770056024197
S. hians,3,200,51,100,0.15157445130785457,55.670093610500125,62.83502578735352,0.18581343954738977,1.6655159024565365
S. hians,3,200,52,100,-0.01481855358292855,47.51683944172432,52.73516845703125,0.1866785252992131,1.6663753477302672
F. sonorensis,3,200,4,1500,6.541270986651913,69.6758897276725,89.95816802978516,1.077729016835387,2.4020061884479658
F. sonorensis,3,200,5,1500,5.55860938116175,63.262770840548136,80.0619888305664,1.1684733227847843,2.4402886397983092
F. sonorensis,3,200,6,1500,4.373347882700963,56.76830219814041,70.06690216064453,1.239216049736647,2.4809074706342944
F. sonorensis,3,200,7,1500,3.255612782941154,49.904575084511826,60.032371520996094,1.312415764782274,2.510352790337405
F. sonorensis,3,200,8,1500,2.0030360255327064,43.16737126393386,50.002479553222656,1.396001076551124,2.5451933128598174
F. sonorensis,3,200,21,400,2.939602090693608,80.5175693029593,94.24684143066406,0.7537299656697822,2.2115676232933765
F. sonorensis,3,200,22,400,2.2432566975843864,73.74942393657872,84.36797332763672,0.8462388616306825,2.2764462136087387
F. sonorensis,3,200,23,400,1.537246748519361,66.32801160708527,74.2344970703125,0.9231488860624432,2.319916123033123
F. sonorensis,3,200,24,400,0.7762584142732096,58.72068066539947,64.01849365234375,1.0002289871458878,2.3568971051412517
F. sonorensis,3,200,25,400,-0.10000650426199909,51.20639159060675,53.860626220703125,1.0562123011013522,2.389983571855919
F. sonorensis,3,200,30,250,1.7146162579328224,84.43540497000377,93.610687255859375,0.9092930206220968,2.305301853269324
F. sonorensis,3,200,31,250,1.090963430193948,76.75758780877808,83.75202178955078,0.9568285944780249,2.3381557495477607
F. sonorensis,3,200,32,250,0.5317629757139614,68.60260724721101,73.66790008544922,1.000898049463614,2.359093994302908
F. sonorensis,3,200,33,250,-0.07320776658592754,60.35735694830512,63.453636169433594,1.0329131175650097,2.370461703412759
F. sonorensis,3,200,34,250,-0.7099173672434426,52.258833047479015,53.403076171875,1.0813662222408396,2.3987402171990833
F. sonorensis,3,200,39,150,0.6633353399062492,85.80045559092285,93.4769287109375,0.52749540530099015,2.0219275855867456
F. sonorensis,3,200,40,150,0.19869920181018025,78.43915063848972,83.61881256103516,0.618362777671014,2.0968948083494325
F. sonorensis,3,200,41,150,-0.25510793626880984,70.48219618859876,73.64646911621094,0.7074799641952612,2.1698584259114577
F. sonorensis,3,200,42,150,-0.7267201328218773,62.154776412701885,63.46710205078125,0.7887431682931938,2.2224603315327984
F. sonorensis,3,200,43,150,-1.3480740692922253,54.10598297110044,53.33430862426758,0.8441337976373393,2.2748279775195113
F. sonorensis,3,200,48,100,-0.02433453021988119,88.60460213668013,93.47176361083984,0.5552821326934122,2.0493397710309655
F. sonorensis,3,200,49,100,-0.3834512275410048,80.44866319496766,83.59870147705078,0.6408532351301954,2.128528868008332
F. sonorensis,3,200,50,100,-0.6323143001956606,71.60175821498093,73.54319763183594,0.7088973663902454,2.176060790210962
F. sonorensis,3,200,51,100,-1.064960029548467,63.06639468489523,63.404541015625,0.7366231815060451,2.2331803783253417
F. sonorensis,3,200,52,100,-1.2611328385323752,53.93906840450615,53.27101135253906,0.8093935801045791,2.2225709326662764
H. isocalycia,3,200,4,1500,2.0182759053463437,70.24255228923677,89.8773422241211,0.26457316473294346,1.914540162359248
H. isocalycia,3,200,5,1500,1.5959833890306445,64.65422628275658,80.04710388183594,0.2878327440057442,1.9568460931658047
H. isocalycia,3,200,6,1500,1.1540121731962083,57.514417935432256,70.00592041015625,0.2766338792807018,1.9641935418094507
H. isocalycia,3,200,7,1500,0.5775423486942767,51.25658206329505,59.89496994018555,0.25501889379165854,1.9513417481224025
H. isocalycia,3,200,8,1500,0.054445273851797815,45.473141795845024,49.90808868408203,0.24821519998724403,1.9358298739583697
H. isocalycia,3,200,21,400,0.5095346043046065,72.55618156779288,91.23094940185547,0.08339737374261669,1.8725630799806676
H. isocalycia,3,200,22,400,0.535688141073756,64.94214044208742,81.81001281738281,0.09681634285462372,1.9048346321546703
H. isocalycia,3,200,23,400,0.275009714284976,60.3575220837275,72.48979949951172,0.09659696330335729,1.9143176665924255
H. isocalycia,3,200,24,400,0.0395128615345241,55.22627381583118,63.293315887451165,0.09180577450482885,1.9165673133954408
H. isocalycia,3,200,25,400,-0.22319203782910524,50.797966076102874,53.8338623046875,0.09038841211840791,1.9202228129634753
H. isocalycia,3,200,30,250,0.20880515488001686,72.56235481535433,91.65738677978516,0.04754689204614425,1.907621146932972
H. isocalycia,3,200,31,250,0.12061885225994656,67.40252416089636,82.46024322509767,0.05120083283442605,1.9238410790434428
H. isocalycia,3,200,32,250,-0.06023012354306809,63.77116586286973,72.77674102783203,0.052321289391986325,1.9349480809442905
H. isocalycia,3,200,33,250,-0.21990658992393666,59.5621207997215,63.43121337890625,0.05247897621732656,1.9429800752352455
H. isocalycia,3,200,34,250,-0.37144059681875996,54.86984676970822,53.937156677246094,0.05380058353018552,1.9548502043114713
H. isocalycia,3,200,39,150,0.16592537297481202,73.50958883674181,92.193511962890625,0.04383713324308102,2.0035020766400704
H. isocalycia,3,200,40,150,0.04075507590277172,69.11761798379219,82.5149154663086,0.04610854284158356,2.0199205070320314
H. isocalycia,3,200,41,150,-0.13788184089115096,66.12336791223802,72.99532318115236,0.046711132893024115,2.0312098261001665
H. isocalycia,3,200,42,150,-0.3496173631789963,63.86032385274668,63.53011703491211,0.05026395507286472,2.0495933684781775
H. isocalycia,3,200,43,150,-0.4265795270452074,56.83116024182608,54.00503158569336,0.05220410435519284,2.061182089786744
H. isocalycia,3,200,48,100,0.028421733717377662,78.956840287135,91.79811096191406,0.04662790102652286,2.107089521146627
H. isocalycia,3,200,49,100,-0.03462077042230549,72.37770805651914,82.39137268066406,0.05016330840499618,2.1206331656387194
H. isocalycia,3,200,50,100,-0.1929439013564611,67.99386779477088,72.73407745361328,0.050450176855141936,2.1289921744397726
H. isocalycia,3,200,51,100,-0.3497687135106825,63.78929166562543,63.39446640014648,0.05146577131715634,2.138316765342708
H. isocalycia,3,200,52,100,-0.4807515281892306,58.248736476629205,53.908409118652344,0.05432433404925291,2.1474909853323334
S. hians,4,800,4,1500,4.724590733758735,68.34447009727077,89.890380859375,0.6154633338858155,2.3197495134323836
S. hians,4,800,5,1500,4.218629846609783,61.7502870815966,80.06542205810547,0.6795118938904734,2.3742499603363685
S. hians,4,800,6,1500,3.5038749927721238,54.598603367852654,69.92938232421875,0.7027396486463012,2.3984527519169494
S. hians,4,800,7,1500,2.6617987846249203,47.579992513826234,59.98486328125,0.6920506936211216,2.3964197288294673
S. hians,4,800,8,1500,1.9597744872012695,40.05600400637099,49.97566223144531,0.6757662337712591,2.388510799828087
S. hians,4,800,21,400,3.197927518192762,75.130042351093,93.89888000488281,0.4869072743252234,2.236903776843159
S. hians,4,800,22,400,2.736751824879224,68.48491925195023,83.99881744384764,0.5373710932152578,2.276373276135258
S. hians,4,800,23,400,2.206254476337652,61.06132224673572,73.943817138671875,0.5533234432733066,2.288115624275248
S. hians,4,800,24,400,1.6684418547490596,53.15798329828312,63.759429931640625,0.5440337102937742,2.2817408564106443
S. hians,4,800,25,400,0.9898120730939417,45.911750079772176,53.63908386230469,0.5337630369270594,2.273752015480408
S. hians,4,800,30,250,2.362408136255942,76.3139987293289,93.76795196533203,0.3934968892582621,2.144044083917237
S. hians,4,800,31,250,1.9991999654676615,69.65729857801858,83.894744873046875,0.44127635617814026,2.1859758296926155
S. hians,4,800,32,250,1.544018207054508,62.3594528108718,73.86505889892578,0.4624157100919721,2.2028267457205226
S. hians,4,800,33,250,0.9877975180593548,55.00458892803319,63.69998550415039,0.4660057060845266,2.2038624606115627
S. hians,4,800,34,250,0.5428642847012448,47.105950394575274,53.57388687133789,0.46070108867510295,2.1983893387282443
S. hians,4,800,39,150,1.4493833607460407,79.91768454602918,93.74439239501953,0.3522683727097576,2.0776823577332544
S. hians,4,800,40,150,1.1498248844685997,72.85265843664108,83.92396545410156,0.39616255296730646,2.119762037794382
S. hians,4,800,41,150,0.7530698084870882,65.36984866812581,73.86890411376953,0.41994222333338305,2.1417774650535577
S. hians,4,800,42,150,0.4104317280240091,57.22615965105168,63.72025680541992,0.42605223969563166,2.146568968057749
S. hians,4,800,43,150,0.015971275058801915,49.27205232295881,53.587684631347656,0.4260583132531484,2.144739336643601
S. hians,4,800,48,100,0.6826355988628086,83.44194731145883,93.73846435546876,0.31553385428283803,2.0198401969933184
S. hians,4,800,49,100,0.5486225600589698,75.23809678541502,83.8758773803711,0.3521370689541145,2.0565700282881294
S. hians,4,800,50,100,0.25245955566544964,67.35731982598611,73.80057525634764,0.3804150634884571,2.0823397248291293
S. hians,4,800,51,100,0.05623800439253235,58.62379894638525,63.648399353027344,0.3962119990494554,2.099513037497236
S. hians,4,800,52,100,-0.31285110313849324,50.669872626430205,53.524078369140625,0.4006673870751432,2.1036502643258284
F. pringlei,3,800,4,1500,2.000182642974593,79.49370717740595,90.14312744140624,0.9899785951354391,3.1810536357014207
F. pringlei,3,800,5,1500,1.2446570367188399,72.63868613144044,80.0592498779297,1.030731821309414,3.1977940911479235
F. pringlei,3,800,6,1500,0.5888719445349808,65.54805824325285,70.16791534423828,1.095113703397159,3.212329366753402
F. pringlei,3,800,7,1500,-0.14925272184646832,58.381428643405954,60.08854675292969,1.1116600354041442,3.245632435585256
F. pringlei,3,800,8,1500,-0.8623611102269589,51.13797817230234,50.03757858276367,1.136693032859173,3.267669257497415
F. pringlei,3,800,21,400,0.9355820165606001,81.84995690635489,89.1785659790039,0.5823910542694514,2.6916578680911916
F. pringlei,3,800,22,400,0.46152195162850135,74.78871341139248,79.70341491699219,0.6250145647595506,2.723728158142185
F. pringlei,3,800,23,400,0.06873974537987122,67.63165533078853,70.61443328857422,0.6669732634112471,2.7428097366643196
F. pringlei,3,800,24,400,-0.5101933910215439,60.71224566536846,61.23779296875,0.7054405214450667,2.7775814521752036
F. pringlei,3,800,25,400,-0.9651782403281911,53.221776824728565,51.83654022216797,0.7386792720691345,2.7964581872940326
F. pringlei,3,800,30,250,0.5597590279654958,84.66370387630892,90.0921401977539,0.6598439649725696,2.733666252808136
F. pringlei,3,800,31,250,0.17223531993843733,76.93522365341832,80.60699462890625,0.6749092480067409,2.761234933839776
F. pringlei,3,800,32,250,-0.21108303882005103,69.4381984530368,71.34436798095703,0.7054719708748761,2.7749356259792983
F. pringlei,3,800,33,250,-0.6404592733751678,61.81771206211984,61.848331451416016,0.7267835573112688,2.781615335715411
F. pringlei,3,800,34,250,-1.1270473228246685,54.37676152797322,52.431190490722656,0.7462387734813707,2.809069895704597
F. pringlei,3,800,39,150,0.03619128516828082,86.0261670560326,89.7885513305664,0.4316209567655771,2.5891860997108744
F. pringlei,3,800,40,150,-0.21408048087253231,78.5665132191715,80.7091064453125,0.47117738663432296,2.6114077741223154
F. pringlei,3,800,41,150,-0.4842738698856285,70.68136285140065,71.317718505859375,0.5017347104737456,2.646876082504692
F. pringlei,3,800,42,150,-0.8483337162895112,63.06546149516342,61.845157623291016,0.5269500887231305,2.675342026127677
F. pringlei,3,800,43,150,-1.163484941584555,55.19966131738679,52.39983367919922,0.5567491150764443,2.6866398968562133
F. pringlei,3,800,48,100,-0.3110482201483785,87.90372290334001,89.8375473022461,0.3975510027053242,2.560350593083538
F. pringlei,3,800,49,100,-0.5119524292708303,79.89419429173341,80.51966857910156,0.4308347564291189,2.5882871306484447
F. pringlei,3,800,50,100,-0.7083495948160617,71.65499410189196,71.0946273803711,0.4567944567184307,2.614849529074767
F. pringlei,3,800,51,100,-0.9508695515256214,63.69805074056565,61.77322769165039,0.4785256666120186,2.6358701368447948
F. pringlei,3,800,52,100,-1.2299841359634236,55.66139880229409,52.2436408996582,0.5064229095336231,2.640055431512141
F. pringlei,4,200,4,1500,1.944645335826002,76.25424384057574,90.04065704345702,0.5747139305521054,2.876573344536824
F. pringlei,4,200,5,1500,1.2774520909480658,70.48848113782508,80.1379623413086,0.6217733224781091,2.9156550785390283
F. pringlei,4,200,6,1500,0.6046739475083074,64.24336974372788,70.04407501220703,0.6663186310966568,2.952626866480641
F. pringlei,4,200,7,1500,0.003488401100250005,57.47983633205437,59.9981803894043,0.713372928971869,2.984635418619786
F. pringlei,4,200,8,1500,-0.7208006599778591,51.07409484241803,49.93212890625,0.7471191321815196,3.0185195589159557
F. pringlei,4,200,21,400,1.2314742433096988,83.47470183519296,92.78829193115236,0.5586250859336818,2.588331968808532
F. pringlei,4,200,22,400,0.7001003672202699,76.42222801683099,82.88713836669922,0.5800366629975237,2.6058192032526133
F. pringlei,4,200,23,400,0.27517627180145715,68.61186160549542,72.810272216796875,0.5991534045698181,2.622114744074948
F. pringlei,4,200,24,400,-0.25474131863237937,61.10891378503782,62.68295669555664,0.6299620686167569,2.6507223045802677
F. pringlei,4,200,25,400,-0.7862752173286399,53.51274335096759,52.579490661621094,0.6547577758218681,2.677786789984282
F. pringlei,4,200,30,250,0.838942851560312,85.20170164439143,92.67674255371094,0.5564113659839519,2.5793301751941615
F. pringlei,4,200,31,250,0.323030698110628,78.09991853181751,82.875701904296875,0.5795428065138161,2.606417314133898
F. pringlei,4,200,32,250,-0.055710237549987114,70.13447532690702,72.844696044921875,0.5984244725229974,2.6075489719394973
F. pringlei,4,200,33,250,-0.4808229656992563,62.095467594162145,62.70354080200195,0.6149409903453733,2.6444049177701237
F. pringlei,4,200,34,250,-0.9484572445540552,54.27040956668726,52.62249374389648,0.632297641293154,2.670981895210978
F. pringlei,4,200,39,150,0.11574962714030743,88.08765259738625,92.692291259765625,0.40655515616073035,2.4520466887714867
F. pringlei,4,200,40,150,-0.07370281375375676,79.6634010307216,82.84876251220702,0.4252422074964661,2.472607315522211
F. pringlei,4,200,41,150,-0.3317908038366823,71.48766455121786,72.8739242553711,0.44617985401910126,2.47086812483435
F. pringlei,4,200,42,150,-0.6829259920258208,63.39322365351408,62.7366828918457,0.46105942450140114,2.5136930977487646
F. pringlei,4,200,43,150,-1.0115125231569448,55.30229519757015,52.63860321044922,0.4598614570108994,2.5277105226760903
F. pringlei,4,200,48,100,-0.15597874881120166,89.71056696046062,92.706207275390625,0.26518602757638843,2.2467170119942166
F. pringlei,4,200,49,100,-0.3775376774231273,81.76895423278579,82.92407989501953,0.298478779348113,2.300864671845775
F. pringlei,4,200,50,100,-0.6055113514879946,73.52598141344612,72.89293670654298,0.3161183709410037,2.3294230141067236
F. pringlei,4,200,51,100,-0.8120464202334796,64.85626298683046,62.605831146240234,0.3301181725066117,2.344550696208724
F. pringlei,4,200,52,100,-1.018936454543388,56.300842001819504,52.61004638671875,0.35169313827035303,2.370660590874628
F. sonorensis,3,800,7,1500,2.2943824465113805,47.185884961498175,59.923641204833984,0.47612087781252765,2.0728750030677183
F. sonorensis,3,800,8,1500,1.6785033230029722,41.90311900901242,50.102108001708984,0.6454289401837815,2.167181331547923
F. sonorensis,3,800,6,1500,3.0977893773579015,56.639068689179275,70.032745361328125,0.6436253681161854,2.171228672784055
F. sonorensis,3,800,5,1500,4.123220976998561,62.53256640973828,79.91971588134764,0.6163166213516306,2.148198085970624
F. sonorensis,3,800,4,1500,4.656783958255001,69.37038417963485,89.99763488769531,0.5663268763924244,2.1252284669376533
F. sonorensis,3,800,21,400,2.264828407488759,79.08010212898806,92.75017547607422,0.48464193015084794,2.068430858241918
F. sonorensis,3,800,22,400,1.648139986584949,72.36422280975621,82.8126449584961,0.521976124102195,2.0901412140219473
F. sonorensis,3,800,23,400,0.8637841804209905,64.89536589968662,72.68810272216797,0.452131046482066,2.053610853376973
F. sonorensis,3,800,24,400,0.48415842590448344,55.599706918303994,62.482269287109375,0.3332515065975006,1.9757627111464096
F. sonorensis,3,800,25,400,-0.19465463068651737,49.50713314774705,52.65024185180664,0.23670676335101265,1.9029852298123295
F. sonorensis,3,800,30,250,1.1360273509306635,78.39920914298169,92.50904083251953,0.23879426221281175,1.8880671564680525
F. sonorensis,3,800,31,250,0.9361794409837465,71.88128388476898,82.69111633300781,0.29377113860309884,1.9280134939798157
F. sonorensis,3,800,32,250,0.45335434735616464,64.61008448255063,72.66783905029298,0.26461319024151314,1.908970294263214
F. sonorensis,3,800,33,250,0.06676601107773555,56.918024847047874,62.783493041992195,0.2035795391767474,1.8610210985122249
F. sonorensis,3,800,34,250,-0.277623681537098,50.01288992928222,52.651912689208984,0.18666355582251468,1.8438078346687832
F. sonorensis,3,800,39,150,0.5629612846456704,81.57702770223139,92.58935546875,0.20478426113467932,1.850053849931981
F. sonorensis,3,800,40,150,0.23277842435289253,75.03344296730813,82.731903076171875,0.21487458733539613,1.8544907208610093
F. sonorensis,3,800,41,150,-0.06895499415501657,66.64575648318137,72.971710205078125,0.12676643011108846,1.7836443318380335
F. sonorensis,3,800,42,150,-0.18510480107199817,58.432889224405784,62.76410675048828,0.13339160104863998,1.7850202426913893
F. sonorensis,3,800,43,150,-0.562707762972796,52.33425497672426,52.418701171875,0.19234998326492908,1.828972890395089
F. sonorensis,3,800,48,100,0.06721257128723518,83.9473697407729,92.83973693847656,0.11898928250609528,1.7644994732970951
F. sonorensis,3,800,49,100,-0.06551106133576015,76.50570710657641,82.8104248046875,0.14076433018919107,1.78268052904481
F. sonorensis,3,800,50,100,-0.16734589571584493,67.91286865322941,72.94317626953125,0.12658846486194164,1.7706371220130386
F. sonorensis,3,800,51,100,-0.36613762891643675,60.676795908373165,62.84860610961914,0.1481052346765104,1.7873032842069807
F. sonorensis,3,800,52,100,-0.6285075662491293,52.6727780962269,52.43661117553711,0.2150913130307339,1.8344519301293185
H. isocalycia,3,800,4,1500,1.8010330415710092,67.13228424769875,90.11224365234376,0.19368817797861804,1.867734567235544
H. isocalycia,3,800,5,1500,1.8180796982736542,61.722428678907626,79.973663330078125,0.26010378049128047,1.936668889939436
H. isocalycia,3,800,6,1500,0.9467337816876624,56.44679532191583,69.96180725097656,0.2194913178771813,1.907102641171572
H. isocalycia,3,800,7,1500,0.1443238740647248,51.13422544281952,60.010887145996094,0.14366451959881094,1.8295662492764675
H. isocalycia,3,800,8,1500,-0.5223937610011987,50.88108133859224,49.99480819702149,0.0611223143338068,1.7340273119986522
H. isocalycia,3,800,21,400,0.7286081061882146,70.99020400294866,88.25647735595702,0.13522801845073035,1.81470726312077
H. isocalycia,3,800,22,400,0.2678525663706512,63.82428348177046,78.76468658447266,0.09138751839306332,1.7660704069205386
H. isocalycia,3,800,23,400,-0.037420353860478095,58.53343613641684,70.02430725097656,0.06645026733053014,1.7357086839622935
H. isocalycia,3,800,24,400,-0.2707866347862959,55.38520463916479,60.75395965576172,0.07262809689680941,1.7419722689184418
H. isocalycia,3,800,25,400,-0.49152809625327354,50.75183788760815,51.485004425048835,0.1003527356289516,1.7745236113814462
H. isocalycia,3,800,30,250,0.13674079907639253,72.99259239372111,88.09308624267578,0.07184572612038193,1.7446909829560318
H. isocalycia,3,800,31,250,0.23722176505048176,62.016149857042286,79.17680358886719,0.07220010415747843,1.7457639195685624
H. isocalycia,3,800,32,250,-0.1197652615840033,60.8822389963752,70.0439224243164,0.06972546819713095,1.7436960889262263
H. isocalycia,3,800,33,250,-0.45858464911256636,59.6184306305803,60.68983840942382,0.06810855188498895,1.7412529937178916
H. isocalycia,3,800,34,250,-0.6448070371637502,54.90382833473541,51.38240814208984,0.06813557435992937,1.7402334185047947
H. isocalycia,3,800,39,150,-0.2577847598605486,80.59729105075671,87.736480712890625,0.05177869500351821,1.7162525680377438
H. isocalycia,3,800,40,150,-0.24907002109718057,71.90438858767432,78.9929428100586,0.05521928495781725,1.720483989550732
H. isocalycia,3,800,41,150,-0.46885106848085695,69.34226749289553,69.85253143310547,0.053734030165370546,1.7173946381987188
H. isocalycia,3,800,42,150,-0.5896124527192683,63.93167620475665,60.526763916015625,0.051919628585606135,1.7146135304374035
H. isocalycia,3,800,43,150,-0.7452655992950432,59.922463807477,51.4166145324707,0.05097483497857151,1.7133028323425967
H. isocalycia,3,800,48,100,-0.43755133214171216,88.2676922491841,88.98924255371094,0.035837476630666144,1.6909899425705808
H. isocalycia,3,800,49,100,-0.46352144244936033,79.99203568708403,80.03105926513672,0.04053061615944995,1.6913340895962028
H. isocalycia,3,800,50,100,-0.5650538806701652,74.97237030809467,70.97095489501953,0.040459983923207384,1.6911244228632132
H. isocalycia,3,800,51,100,-0.6543759929169669,69.28279396228409,61.523006439208984,0.03964722885074698,1.6881457381732763
H. isocalycia,3,800,52,100,-0.7687795702949208,65.0995126571331,52.125694274902344,0.03806978827406335,1.6802339648771305
H. isocalycia,4,200,4,1500,2.199944402920062,67.01634744457562,90.04704284667967,0.2302049273120522,1.9618955356597432
H. isocalycia,4,200,5,1500,1.9056179764801675,60.743815778125054,80.04399108886719,0.24748188613479852,1.9840022352906528
H. isocalycia,4,200,6,1500,1.2840865481281947,55.67355264000528,69.98992919921875,0.24676819105858663,1.980730247315936
H. isocalycia,4,200,7,1500,0.7930602417365855,49.88556217270779,60.037113189697266,0.25157868757829005,1.9858510148196655
H. isocalycia,4,200,8,1500,0.1611417226864994,44.75303978250767,49.90839767456055,0.2509600018332902,1.98609283347844
H. isocalycia,4,200,21,400,1.7155825262252762,69.29544044907922,92.62834167480469,0.17810739569865738,1.8277120658459316
H. isocalycia,4,200,22,400,1.310806612040749,63.894014145810864,82.73625946044922,0.17947887216664846,1.8280587583516463
H. isocalycia,4,200,23,400,0.8612546362761639,58.477854800601925,72.665252685546875,0.1769505360222251,1.824120890603808
H. isocalycia,4,200,24,400,0.5905033658273546,51.6430400381677,62.56324005126953,0.18190719083664064,1.8331986495538148
H. isocalycia,4,200,25,400,0.09742917754377506,46.7529359704781,52.37029647827149,0.1861171991656327,1.8295107519702287
H. isocalycia,4,200,30,250,1.233218477223518,69.88919666959136,92.55609130859376,0.13462392276021293,1.7381620527256163
H. isocalycia,4,200,31,250,1.0071719132853876,65.73595546531095,82.70269775390625,0.16262512217843317,1.7909529517433112
H. isocalycia,4,200,32,250,0.6731876943680808,60.4037000107604,72.6727066040039,0.1773673597728159,1.816818110818276
H. isocalycia,4,200,33,250,0.3564841946583429,53.842650714664835,62.491798400878906,0.18074519132916553,1.8246353702488705
H. isocalycia,4,200,34,250,-0.07094214030902687,48.31054483888486,52.39158630371094,0.1824425309913736,1.83004744592325
H. isocalycia,4,200,39,150,0.8920058291401176,72.62971126079964,92.554901123046875,0.12017368327279744,1.7229809731207788
H. isocalycia,4,200,40,150,0.6791853611146492,67.43662126973956,82.70526123046875,0.13473349599570092,1.7488521247599274
H. isocalycia,4,200,41,150,0.35780787167875183,62.083938919113834,72.6666488647461,0.13956419281023513,1.7582669507632236
H. isocalycia,4,200,42,150,0.07163386453405712,55.8942665514048,62.48173141479492,0.14328427158642612,1.7638873124631935
H. isocalycia,4,200,43,150,-0.3157091296304954,50.82316671669622,52.38937759399414,0.14383479776040275,1.7657403894576709
H. isocalycia,4,200,48,100,0.3658230147912229,76.15106851506603,92.53038024902344,0.08051256639660759,1.6494439085062185
H. isocalycia,4,200,49,100,0.18602596259781612,71.38975499009686,82.67960357666016,0.09257056280264385,1.6729867808475392
H. isocalycia,4,200,50,100,0.106975121579613,63.39251688168513,72.66856384277344,0.09689583716043947,1.681879314500737
H. isocalycia,4,200,51,100,-0.1593812323060149,58.2519841552607,62.4989013671875,0.102561036645649,1.6918602873310449
H. isocalycia,4,200,52,100,-0.3881312139556817,52.19986586340133,52.40533447265625,0.10503701719810243,1.6971502686381863
H. aturensis,3,800,4,1500,5.6143373166239945,62.666969025411824,89.93601989746094,0.5078592678975136,1.980776756318228
H. aturensis,3,800,5,1500,4.824810053242084,55.775017078176994,80.06270599365236,0.49241434834538467,1.975025277135923
H. aturensis,3,800,6,1500,3.954153141711451,48.403973767572786,70.0491714477539,0.4519269167359458,1.9494971785283124
H. aturensis,3,800,7,1500,3.1973430710581496,42.80790304265216,59.974586486816406,0.48243683418280936,1.9760092679425725
H. aturensis,3,800,8,1500,2.4805215517455923,36.186587611552135,50.10855484008789,0.4787672357162844,1.9788914560277773
H. aturensis,3,800,21,400,2.9264101052285176,72.61187257891737,89.23528289794922,0.5035643050230246,2.0342329386490454
H. aturensis,3,800,22,400,2.2115885550214966,65.43226629764726,79.77870178222656,0.4548341899540125,2.0025833081645685
H. aturensis,3,800,23,400,1.7628754606851496,57.33198002291267,70.54100799560547,0.3947516274128764,1.9537661923309495
H. aturensis,3,800,24,400,1.1619546808346808,50.73901531042588,61.1920051574707,0.3650059437836148,1.9252034121684265
H. aturensis,3,800,25,400,0.7094260303985067,44.244753150601994,51.89353561401367,0.37336853314610585,1.931012579612143
H. aturensis,3,800,30,250,1.8659895343397161,72.38119004091952,88.78600311279298,0.31891949391762076,1.8802467796718705
H. aturensis,3,800,31,250,1.7110587489322004,67.03304400567515,79.86431121826172,0.41416917333292047,1.9706462268629112
H. aturensis,3,800,32,250,1.116321415742664,61.24398792497348,70.58732604980469,0.44318774583601944,1.9968572551993569
H. aturensis,3,800,33,250,0.5955184574578503,54.30207282612569,61.2496223449707,0.41736248500185297,1.980746524560556
H. aturensis,3,800,34,250,0.08225060563929598,47.34545360440159,51.84650039672851,0.3681909861836756,1.9419621376502327
H. aturensis,3,800,39,150,0.9010687300054043,75.56860389057191,88.99565124511719,0.22485199716624468,1.7972887878718902
H. aturensis,3,800,40,150,0.8416739731378408,69.26732367530126,80.00276184082033,0.290953815733217,1.8695740782649373
H. aturensis,3,800,41,150,0.36514900399296335,63.98624299848077,70.839111328125,0.3392011586304112,1.9191565559704031
H. aturensis,3,800,42,150,-0.021355076102645865,57.10035052646166,61.46893310546875,0.34561926138285354,1.9275055201280336
H. aturensis,3,800,43,150,-0.3341609532814508,49.64367375486772,52.01407623291016,0.32878401992723205,1.915547002878331
H. aturensis,3,800,48,100,0.27967085907520733,79.31530669444211,88.46637725830078,0.197114813415455,1.777273809921593
H. aturensis,3,800,49,100,0.23977009337772437,72.02891333149206,79.43578338623047,0.2544282868198803,1.8415546240170808
H. aturensis,3,800,50,100,-0.007507443256240587,65.0820066479214,70.0970230102539,0.29683673209288297,1.8848245005999344
H. aturensis,3,800,51,100,-0.25701421695174487,57.77629631075107,60.94046401977539,0.3047508935095175,1.89607093629241
H. aturensis,3,800,52,100,-0.608014612202478,51.06939933928578,51.73878860473633,0.28427372769439285,1.8805663643688604
H. aturensis,4,200,4,1500,6.657039771832853,64.13151618749852,89.94609832763672,0.6785106926757389,2.143006751339242
H. aturensis,4,200,5,1500,5.917914468847462,58.07806629002258,79.86949157714844,0.7446459485417658,2.195521417320254
H. aturensis,4,200,6,1500,4.922259304874003,50.61225982082352,69.923736572265625,0.6939688123124523,2.174858150215674
H. aturensis,4,200,7,1500,3.780544353365708,43.13376837230973,59.97698211669922,0.6013187892685138,2.1152403078427304
H. aturensis,4,200,8,1500,2.8654688370759516,35.989946919035496,50.069610595703125,0.5506733947501375,2.0780874459429617
H. aturensis,4,200,21,400,3.556073063828802,73.01470028154594,92.4295654296875,0.49598929839929806,2.017323759750085
H. aturensis,4,200,22,400,2.8702700820021905,65.22144429309375,82.47791290283203,0.4575171218317378,2.0003827146550757
H. aturensis,4,200,23,400,2.2588233789840197,57.29973550637567,72.4388427734375,0.41607070399791574,1.9569535670512124
H. aturensis,4,200,24,400,1.7417308156030482,50.062642040429395,62.30271530151367,0.4228475463808779,1.9614040540834976
H. aturensis,4,200,25,400,1.3081056247699163,42.93491465595176,52.20054626464844,0.4660496129309808,1.9891525458765391
H. aturensis,4,200,30,250,2.6369410396635526,75.26875778886648,92.42320251464844,0.43130605321339366,1.9471084632952695
H. aturensis,4,200,31,250,2.0682953573271443,68.48547612456865,82.50969696044922,0.44743417323177725,1.9789716025799864
H. aturensis,4,200,32,250,1.4792317736332798,60.62949062402786,72.4056167602539,0.40117155304477486,1.9283318028502257
H. aturensis,4,200,33,250,1.1208894065968464,52.20540362531376,62.2553825378418,0.37701298683371487,1.9013035303453216
H. aturensis,4,200,34,250,0.4437202537917296,45.914797309194014,52.21664047241211,0.38048559703346824,1.9111967706827564
H. aturensis,4,200,39,150,1.322945528844944,78.37137485971522,92.387969970703125,0.3003888086087319,1.8189258098215797
H. aturensis,4,200,40,150,1.1635644556811229,71.63473185095403,82.56000518798828,0.3840911613841006,1.897474792097928
H. aturensis,4,200,41,150,0.6272676147029093,64.29822719832327,72.4432601928711,0.3701370432664172,1.8958610924498065
H. aturensis,4,200,42,150,0.22153934149284693,56.495593731121694,62.26880645751953,0.3496231284413645,1.8613267784436176
H. aturensis,4,200,43,150,-0.024377222667598286,48.10752030000616,52.21056365966797,0.35220143776981583,1.8665161180282304
H. aturensis,4,200,48,100,0.6105331905368793,80.51002167640509,92.38499450683594,0.21068752290824153,1.7080341092150484
H. aturensis,4,200,49,100,0.5286581956444354,73.55639216604992,82.58229064941406,0.28889367187078463,1.7920031912733685
H. aturensis,4,200,50,100,0.23524312554343496,66.03345989289173,72.54161071777344,0.32540945580262365,1.837069951646612
H. aturensis,4,200,51,100,-0.03582023499798653,57.63301809642788,62.31610870361328,0.3066559011893509,1.8155685605827312
H. aturensis,4,200,52,100,-0.3651032582410967,49.897516843560645,52.22784805297851,0.2949749851845578,1.7997599357159926
H. glutinosa,3,800,4,1500,1.8422532501479563,71.65368036685116,90.07057189941406,0.2821512058725073,2.113219474773854
H. glutinosa,3,800,5,1500,1.4440289795916135,65.97081783368311,80.05754089355469,0.315437953948393,2.176126220735314
H. glutinosa,3,800,6,1500,0.8709322176890824,60.444349032067656,70.10099792480469,0.3252290041832471,2.212052083372837
H. glutinosa,3,800,7,1500,0.3281788460510204,54.42921935626341,60.05541229248047,0.3264453044849668,2.2248765003869484
H. glutinosa,3,800,8,1500,-0.2625032025796368,48.691130540209826,49.96942901611328,0.32248147371662594,2.2240329013122393
H. glutinosa,3,800,21,400,1.3159247605670297,72.32390025604121,88.92359161376953,0.22033263455392907,2.0888450087327364
H. glutinosa,3,800,22,400,0.979158288899242,67.44851410467521,79.6366195678711,0.25225997626018937,2.157564237254206
H. glutinosa,3,800,23,400,0.6527953782510385,61.42663260186129,70.46928405761719,0.262295952828743,2.1895312966369964
H. glutinosa,3,800,24,400,0.23879590573727827,55.62602395945312,61.050655364990234,0.26085635947350416,2.183659913481097
H. glutinosa,3,800,25,400,-0.1762510973348091,50.03410450596914,51.8560905456543,0.25235006412308025,2.175701397795783
H. glutinosa,3,800,30,250,0.6622771326133444,69.55115210181671,88.78605651855469,0.08847996992016262,1.7860548039438435
H. glutinosa,3,800,31,250,0.5907375763088023,65.75071396943314,79.79217529296875,0.12071632385822983,1.879478113502031
H. glutinosa,3,800,32,250,0.37022185866104373,61.67488362666085,70.51055908203125,0.1583856884235152,1.9811850820703547
H. glutinosa,3,800,33,250,0.03983331077023561,56.89063568263826,61.14030456542969,0.19328723384730476,2.0640691092107444
H. glutinosa,3,800,34,250,0.030220600207373105,48.92168995224654,52.503761291503906,0.22230543328472752,2.1144790187857287
H. glutinosa,3,800,39,150,0.4218975272099976,72.2517540968199,89.6203384399414,0.06873028461477824,1.7426839393208793
H. glutinosa,3,800,40,150,0.30529243666133965,69.32316550147262,80.52203369140625,0.09759624639559576,1.833505715446736
H. glutinosa,3,800,41,150,0.13330220427161976,64.444327616662,70.97124481201172,0.13504120783896187,1.9389360822678137
H. glutinosa,3,800,42,150,-0.10254730515406901,58.78697937227923,61.65826797485352,0.1769869522439629,2.0451009244922314
H. glutinosa,3,800,43,150,-0.4175092190361436,52.72032861192216,52.15729141235352,0.2027801627155143,2.104298860439216
H. glutinosa,3,800,48,100,0.18257980369394017,76.57921009057594,89.17645263671875,0.0593066896826936,1.7217117026802151
H. glutinosa,3,800,49,100,0.10592510287769713,71.87517687522877,80.177032470703125,0.08269706599242808,1.797389867866645
H. glutinosa,3,800,50,100,-0.08561240852544447,66.76353853060114,70.45878601074219,0.11197253902854631,1.8855901230525776
H. glutinosa,3,800,51,100,-0.2748714007471451,60.37455978796937,61.13698196411133,0.14560527754212527,1.9765714175506728
H. glutinosa,3,800,52,100,-0.5351721912657785,53.813600172049455,51.67509078979492,0.1768991686278725,2.0555833841382993
F. sonorensis,3,800,4,1500,4.956130265462259,70.34327751493234,89.895416259765625,0.7668521173009345,2.405982848258456
F. sonorensis,3,800,5,1500,4.154185923120568,63.81370334869944,79.86627197265625,0.822969175611686,2.44760905843263
F. sonorensis,3,800,6,1500,3.2993042352260007,57.32222572438012,70.13304901123047,0.867544005848933,2.481024884540355
F. sonorensis,3,800,7,1500,2.292520872175392,50.44783429633824,59.80144119262695,0.90810912858582,2.5109955273414672
F. sonorensis,3,800,8,1500,1.3819841294193413,43.615049815447975,49.98194885253906,0.9437327574448505,2.536271699989156
F. sonorensis,3,800,21,400,1.9154952750253098,76.3747152833042,87.28719329833984,0.6349280230748482,2.3871844140496106
F. sonorensis,3,800,22,400,1.36761941939464,69.21077491967813,77.42791748046875,0.7054173172154079,2.4385583819326713
F. sonorensis,3,800,23,400,0.7607937431974323,61.744370583557405,67.4211196899414,0.7637662381557835,2.4716084706608235
F. sonorensis,3,800,24,400,-0.001480639968852726,54.334522690255326,57.248394012451165,0.8110504178510112,2.4979044176619354
F. sonorensis,3,800,25,400,-0.753034429814524,46.89531032300618,47.26836395263672,0.8550600375784035,2.5226178647833586
F. sonorensis,3,800,30,250,1.1390728151526754,79.45530319356742,87.063720703125,0.7373546587785212,2.4630598198656224
F. sonorensis,3,800,31,250,0.670382944913819,71.5770903582661,77.25304412841797,0.7725351726465048,2.481609252740222
F. sonorensis,3,800,32,250,0.053855261790042075,63.88285209470549,67.31659698486328,0.8034973842326022,2.507952198847983
F. sonorensis,3,800,33,250,-0.5583394315383143,55.91042122459464,57.19899368286133,0.8332240478330916,2.533890382826634
F. sonorensis,3,800,34,250,-1.153864568834827,47.96026030221107,47.213661193847656,0.8585502730660827,2.550327131959391
F. sonorensis,3,800,39,150,0.39947734969289134,81.0823816959065,87.09639739990233,0.5048116684049105,2.300565276592155
F. sonorensis,3,800,40,150,-0.10890272939325746,73.81487741939186,77.280792236328125,0.5760630588535759,2.35690103170964
F. sonorensis,3,800,41,150,-0.4341884462741262,65.4228531886486,67.33150482177734,0.6323203540600066,2.396376347005309
F. sonorensis,3,800,42,150,-0.855644717900744,56.98161133624466,57.159210205078125,0.680011065524847,2.434544249515806
F. sonorensis,3,800,43,150,-1.3522575233251035,48.92720767408321,47.233367919921875,0.7209905092268448,2.46130168611533
F. sonorensis,3,800,48,100,-0.0603863421489709,83.05445364009982,87.14647674560547,0.5124463447852422,2.310350661104225
F. sonorensis,3,800,49,100,-0.4765309323298644,75.23644425651325,77.31314849853516,0.5718654163328247,2.354516204183456
F. sonorensis,3,800,50,100,-0.7578214970420585,66.59515234541352,67.35221862792969,0.61947295223038,2.38975983546894
F. sonorensis,3,800,51,100,-1.0728919780171375,57.79995464454217,57.20328140258789,0.6608377760371295,2.4206997180183536
F. sonorensis,3,800,52,100,-1.4442550743056617,49.289147645948916,47.21307373046875,0.6967899356011212,2.4432274904139777
F. cronquistii,3,800,4,1500,0.9830962832807834,75.64718828345036,90.00536346435547,0.2088339802046253,1.946768094230094
F. cronquistii,3,800,5,1500,0.43868374653474607,70.99057192566383,80.00359344482422,0.22050189036985776,1.9592221282602984
F. cronquistii,3,800,6,1500,-0.16428395889611325,66.25664991355252,69.89698791503906,0.2328706063557736,1.9730516823482027
F. cronquistii,3,800,7,1500,-0.7642550633828762,61.19131089004042,59.945045471191406,0.24665296561134575,1.9900990584518297
F. cronquistii,3,800,8,1500,-1.4984246998244932,56.619692199113885,49.92552947998047,0.2601233891134099,2.006499264331651
F. cronquistii,3,800,21,400,0.00956617062669396,79.56836549961332,87.38594055175781,0.10233104580706326,1.7288372492645867
F. cronquistii,3,800,22,400,-0.24164390744064593,74.19965888938796,77.58196258544922,0.11474671479204804,1.7516088612410825
F. cronquistii,3,800,23,400,-0.6441530164001346,69.92682853316306,67.59619903564453,0.128318959752085,1.7752873414159112
F. cronquistii,3,800,24,400,-0.9912388187548381,63.95779653547669,57.453414916992195,0.1410783839528142,1.7955763225692207
F. cronquistii,3,800,25,400,-1.387639016902535,58.13855720925372,47.481746673583984,0.15395117573523495,1.8152821757996864
F. cronquistii,3,800,30,250,-0.10078277918594719,81.71039823141047,87.30824279785156,0.12716105718827445,1.7708661523597549
F. cronquistii,3,800,31,250,-0.3198721152785813,75.15265965867017,77.51385498046875,0.133673656993663,1.781644866709161
F. cronquistii,3,800,32,250,-0.7098521943102993,70.32290333638119,67.5748291015625,0.13987626331944364,1.7916639664787215
F. cronquistii,3,800,33,250,-1.0798703231205495,64.63795762045281,57.44461441040039,0.1473495497480857,1.8041028450623853
F. cronquistii,3,800,34,250,-1.4488923360717885,58.72016438092642,47.457786560058594,0.15498066590051765,1.8160032162409625
F. cronquistii,3,800,39,150,-0.6983051207260373,94.18289497138002,87.37318420410156,0.07071072648906343,1.6673296163190972
F. cronquistii,3,800,40,150,-0.9786918546833692,90.20972018272269,77.55381774902344,0.07503661842649804,1.6745433997243526
F. cronquistii,3,800,41,150,-1.00370999066651,80.51672899713928,67.65240478515625,0.07827197558194086,1.6779748319269856
F. cronquistii,3,800,42,150,-1.3236217524669547,76.20889251171793,57.47842025756836,0.0829549166328456,1.6841799104276287
F. cronquistii,3,800,43,150,-1.5052624128780885,68.33184312379571,47.51176452636719,0.09009917999842709,1.6944964706857717
F. cronquistii,3,800,48,100,-0.7928775410172773,104.2997026391808,87.41865539550781,0.04283045394962119,1.5927521297200582
F. cronquistii,3,800,49,100,-0.8462497411336711,95.13296319254925,77.6038360595703,0.04627384272470402,1.597410014703346
F. cronquistii,3,800,50,100,-0.9382972235292009,86.6645568983199,67.68391418457031,0.05050354946019517,1.6057031295260094
F. cronquistii,3,800,51,100,-1.1753301575380555,82.10559406659266,57.48439407348633,0.05475311679950546,1.6159467844814062
F. cronquistii,3,800,52,100,-1.2745682961325446,72.50277346495497,47.513450622558594,0.06075776329462635,1.6297796961180575
S. hians,3,800,4,1500,4.703109247915781,59.97754753141733,90.03975677490233,0.3805851306284996,2.2034088188486054
S. hians,3,800,5,1500,3.7937456316910283,51.35776980643254,80.06024169921875,0.31300075507819,2.1341724728403495
S. hians,3,800,6,1500,3.212762726484946,45.20315053655449,70.042236328125,0.31121165417463925,2.123325580141056
S. hians,3,800,7,1500,2.6726328137494106,39.20755680002198,59.86334991455078,0.3212312092856827,2.132876552873175
S. hians,3,800,8,1500,2.0760142623519675,33.174304968408386,50.099239349365234,0.31615455422802236,2.1255988559533727
S. hians,3,800,21,400,2.816561511918194,65.27551079535365,87.22467041015625,0.33305748573466765,2.1377599069353455
S. hians,3,800,22,400,2.391628346794493,57.97675100720095,77.38951110839844,0.32613300249001886,2.127729663432314
S. hians,3,800,23,400,1.8803563706850452,51.28730235997646,67.404541015625,0.3237489134532753,2.125013164954071
S. hians,3,800,24,400,1.251244583386661,44.93561792259994,57.22188949584961,0.31321495720471093,2.113078538477537
S. hians,3,800,25,400,0.7951232114184184,37.83672358583042,47.2226448059082,0.3002709290121418,2.091347841601673
S. hians,3,800,30,250,2.087779917934037,67.75715520922404,87.16861724853516,0.2903292717249706,2.06483148732892
S. hians,3,800,31,250,1.6902144450597767,60.34345884471176,77.3060073852539,0.2788615147448616,2.05242929861648
S. hians,3,800,32,250,1.2199580841445368,53.46211640016362,67.32514190673828,0.26648238190705253,2.0349990972275847
S. hians,3,800,33,250,0.745809940995233,46.81538704242562,57.17333221435547,0.25936213005792175,2.0208041383188684
S. hians,3,800,34,250,0.33092252434810343,40.13300308965354,47.21188735961914,0.25674956233202495,2.015919926254428
S. hians,3,800,39,150,1.2798273014234425,71.95718224659254,87.12339782714844,0.2596699462569919,2.0095430844351068
S. hians,3,800,40,150,1.0289690485199696,64.4624847743333,77.31465911865236,0.26604216640625,2.019234982062
S. hians,3,800,41,150,0.6605216468735524,57.37488878718117,67.34944915771484,0.26462852779268053,2.020429297221737
S. hians,3,800,42,150,0.2653325739803585,50.354390072184415,57.19206619262695,0.2646698968641477,2.0216729078947684
S. hians,3,800,43,150,-0.13300685586284441,43.51389523166189,47.1939582824707,0.2643543294966803,2.0201366675278405
S. hians,3,800,48,100,0.6812722224820251,75.38305752688149,87.11182403564453,0.2295222175570567,1.965390745661789
S. hians,3,800,49,100,0.46097438176111477,68.0704499845143,77.29902648925781,0.2482762423444004,1.9950990178321808
S. hians,3,800,50,100,0.2555012609520344,59.9718503582691,67.33160400390625,0.24865431892658613,1.9968922646177671
S. hians,3,800,51,100,-0.06370667288818849,52.53279368357843,57.19245529174805,0.2477188903941297,1.9992390678780791
S. hians,3,800,52,100,-0.45163725031767527,45.78335306366032,47.184280395507805,0.24639145225657091,1.9936269976979384
S. hians,4,200,4,1500,4.713703224815138,60.44623694886855,90.0143814086914,0.3938063757348038,2.1322902879307226
S. hians,4,200,5,1500,4.22215847107913,54.54526220232257,79.87020111083984,0.4256835835150148,2.1816626548088096
S. hians,4,200,6,1500,3.5885360054014117,48.40380463182159,69.93851470947266,0.43683579038830767,2.205071161194734
S. hians,4,200,7,1500,2.8749773671873387,42.29787454880323,59.91395568847656,0.44294919219745293,2.2178871880737714
S. hians,4,200,8,1500,2.1765385959579984,36.167886539323035,50.097686767578125,0.44453179218048816,2.2187410381320225
S. hians,4,200,21,400,2.2839980824824204,64.152716353658775,86.1192855834961,0.2657332769882617,2.061543844548054
S. hians,4,200,22,400,1.8329161576265518,58.22115111168896,76.942626953125,0.26049860243678236,2.0550282268421
S. hians,4,200,23,400,1.3921994580948294,52.8223001155002,67.79290008544922,0.26700820074200193,2.0647802982426366
S. hians,4,200,24,400,0.9685809374175491,46.70441810801281,58.194786071777344,0.27275733227103804,2.0733079207229457
S. hians,4,200,25,400,0.4896330338345346,41.070038669001114,48.86708450317382,0.27695895248970087,2.083748444482073
S. hians,4,200,30,250,1.8822952353684788,68.9348642632135,86.92656707763672,0.2908675446129255,2.1219136804522423
S. hians,4,200,31,250,1.420258534012389,62.51300416177329,77.923858642578125,0.2696139779363198,2.093958188542674
S. hians,4,200,32,250,0.9366332427329025,56.337437551945406,68.484588623046875,0.25490543257073367,2.0736841426042956
S. hians,4,200,33,250,0.4943936789396856,50.08954512259055,58.880863189697266,0.24576557576302335,2.0614726926123548
S. hians,4,200,34,250,0.0957766174364793,43.83412151834966,49.37029266357422,0.24046541888429487,2.057380296766423
S. hians,4,200,39,150,1.1786384843446691,72.26795361252633,86.95976257324219,0.24977382300509127,2.07678149123062
S. hians,4,200,40,150,0.8163287499366596,65.62047613861994,77.89539337158203,0.23209406486363812,2.0505195145219477
S. hians,4,200,41,150,0.4866109652511307,58.61306122727993,68.50208282470703,0.2129835823277597,2.023873573591467
S. hians,4,200,42,150,0.0626090741076124,52.83373800764457,58.893123626708984,0.2049439011431092,2.0084669983445784
S. hians,4,200,43,150,-0.29584727522751536,46.83267180409627,49.414398193359375,0.20719073121116405,2.01089431034631
S. hians,4,200,48,100,0.7384335908243166,74.64982899408872,86.50489807128906,0.23339995276175707,2.0435733461836207
S. hians,4,200,49,100,0.47038109554423324,67.64611606820472,77.39326477050781,0.22208177949005117,2.0289369256492646
S. hians,4,200,50,100,0.13580793496891558,61.16185481736709,68.3116455078125,0.19775812580843063,1.9941606064017396
S. hians,4,200,51,100,-0.13458520745629185,54.323610792983544,58.87173843383789,0.18320227426181765,1.9743850791709263
S. hians,4,200,52,100,-0.464889446225678,48.29809353131562,49.31497573852539,0.18005722158198523,1.96903209787175
F. cronquistii,4,200,4,1500,3.0857937462039833,76.35681659843303,90.08757781982422,0.5901703722726485,2.9712181141192704
F. cronquistii,4,200,5,1500,2.381667522868805,69.01386697293485,79.99266815185547,0.5957617221103892,2.9797384905583604
F. cronquistii,4,200,6,1500,0.9718031799903004,64.51156120768822,69.97312927246094,0.6794627951323077,3.01298719246639
F. cronquistii,4,200,7,1500,-0.15672450725322112,58.25238435145576,59.95232009887695,0.7259375283313283,3.035702252033661
F. cronquistii,4,200,8,1500,-1.249618590132075,51.52951901094419,49.86752700805664,0.7716532861841273,3.0538894911519745
F. cronquistii,4,200,21,400,1.4226384693123464,76.95276439675752,88.636627197265625,0.3554352732436162,2.329557957569399
F. cronquistii,4,200,22,400,1.0187163147027072,70.06138676214889,78.84129333496094,0.38817996020949974,2.3508662395507853
F. cronquistii,4,200,23,400,0.31623659418704725,64.02926006589796,68.90607452392578,0.4237127390626522,2.37519970815815
F. cronquistii,4,200,24,400,-0.40426181487617996,57.44107091235669,58.786476135253906,0.4603960605979171,2.3961868406283906
F. cronquistii,4,200,25,400,-1.1027537847256226,50.53766732227665,48.86818313598633,0.5020358751606787,2.4206930392520736
F. cronquistii,4,200,30,250,0.8170505523948914,81.5604207092748,88.99492645263672,0.4544235069755069,2.3918409736896136
F. cronquistii,4,200,31,250,0.4986302308354839,73.45547397246243,79.22835540771484,0.4709201645459311,2.4123753764303837
F. cronquistii,4,200,32,250,-0.04740553035543793,66.08483547540727,69.247772216796875,0.49675795756697544,2.4275670964378513
F. cronquistii,4,200,33,250,-0.5037336763003684,58.16429061732909,59.197261810302734,0.5177737991454584,2.432388090747467
F. cronquistii,4,200,34,250,-1.0668772668581956,50.657384977352,49.31704330444336,0.5400535660081743,2.444676128244726
F. cronquistii,4,200,39,150,0.3584014209056986,83.47961657630184,89.33552551269531,0.39835253198047194,2.354716728482148
F. cronquistii,4,200,40,150,-0.1472184948598245,76.44859334545932,79.561553955078125,0.41927034650189554,2.365486307152285
F. cronquistii,4,200,41,150,-0.33446462113339653,67.65446846174068,69.62238311767578,0.446433457190345,2.3827090260456316
F. cronquistii,4,200,42,150,-0.7244111524812169,59.4944645405642,59.56035614013672,0.4704658791111655,2.3989461967531533
F. cronquistii,4,200,43,150,-1.1195709073608935,51.33845510081276,49.6051139831543,0.4970746117885979,2.412586418777457
F. cronquistii,4,200,48,100,-0.1347059591678791,85.8344952797502,89.40355682373047,0.3879850871626151,2.3414914190600395
F. cronquistii,4,200,49,100,-0.39925624800920034,77.61105640417982,79.57293701171875,0.4068425670142222,2.3474462265265754
F. cronquistii,4,200,50,100,-0.6384682910767074,69.04213233729332,69.67743682861328,0.4288339127549411,2.3624675098951267
F. cronquistii,4,200,51,100,-0.9123271626329184,60.35867124391292,59.54823684692382,0.4500303239930918,2.371772701854061
F. cronquistii,4,200,52,100,-1.1267047668785137,51.51315959473492,49.63090896606445,0.4729008309682858,2.385960086768173
F. sonorensis,4,200,4,1500,4.832047915218497,69.06664675114581,90.01407623291016,0.6693386641485339,2.414512669297139
F. sonorensis,4,200,5,1500,4.31648866267346,62.967452556090485,80.06682586669922,0.7935357162494794,2.4958691035342344
F. sonorensis,4,200,6,1500,3.38417098079363,56.82728067966444,70.16331481933594,0.8631600531524618,2.536721022143407
F. sonorensis,4,200,7,1500,2.454838384887555,50.00734811333702,60.14173126220703,0.9007528349397764,2.56132974162999
F. sonorensis,4,200,8,1500,1.3246818964164113,43.3450956290599,49.94002532958984,0.9206172182931938,2.57379515002016
F. sonorensis,4,200,21,400,1.2922677954467832,75.28956973225111,84.79647064208984,0.575200025429876,2.35104295203145
F. sonorensis,4,200,22,400,0.8031034345260417,68.98956394733868,76.066680908203125,0.6259839465711403,2.3856220802767782
F. sonorensis,4,200,23,400,0.3062607702637377,62.10962301291616,67.0160140991211,0.6656103975183562,2.415921584343232
F. sonorensis,4,200,24,400,-0.26961274986297556,55.313720251143735,57.93619155883789,0.7026856778789583,2.439924370532564
F. sonorensis,4,200,25,400,-1.0064349975594067,48.71699119352996,48.684429168701165,0.7452047470489398,2.464560679245158
F. sonorensis,4,200,30,250,0.67824999840462,76.43214806401822,86.15271759033203,0.3190398077389384,2.101041427901946
F. sonorensis,4,200,31,250,0.38566886343372936,70.51807939727625,77.1895980834961,0.42607178949917224,2.2073968088873515
F. sonorensis,4,200,32,250,-0.04890067794633973,63.977620013091915,68.10951232910156,0.486936192868624,2.2578201182379853
F. sonorensis,4,200,33,250,-0.6415209012553409,57.36202578387049,58.7158088684082,0.5432124985448568,2.299919314847793
F. sonorensis,4,200,34,250,-1.2023450310797181,50.23188293394893,49.252193450927734,0.5897784544905496,2.340522254302923
F. sonorensis,4,200,39,150,0.2275849697356193,78.87914761285839,85.95398712158203,0.3175591957160362,2.069465576240007
F. sonorensis,4,200,40,150,-0.2652850555008143,73.21115268478925,76.90140533447266,0.40147000915426606,2.1663158129464573
F. sonorensis,4,200,41,150,-0.541468025800045,65.74045091532155,67.7737045288086,0.4140721709809458,2.179297405245583
F. sonorensis,4,200,42,150,-1.01799126123073,58.915401613572,58.4246940612793,0.43471238521733846,2.194810195575934
F. sonorensis,4,200,43,150,-1.4157358768614223,51.58301948259529,49.10179901123047,0.45851959899006206,2.2147704902049443
F. sonorensis,4,200,48,100,-0.20736577366912937,81.12145223708193,85.8924560546875,0.2561707928543183,1.9760037560985655
F. sonorensis,4,200,49,100,-0.43915639988341304,74.10887418965393,76.9393310546875,0.3419944155354249,2.0748675435227195
F. sonorensis,4,200,50,100,-0.7950260759574279,67.35583398882837,67.9666748046875,0.35324894428443876,2.089899753250647
F. sonorensis,4,200,51,100,-1.1619487869455405,60.17592819340854,58.56233978271485,0.3662811217922944,2.098879592052719
F. sonorensis,4,200,52,100,-1.4532360499573627,52.50041910495544,49.189937591552734,0.3818971890867602,2.1132104697282483
H. glutinosa,4,200,4,1500,1.360167380055939,74.50129153114318,90.115509033203125,0.2679239406419689,2.0882462164011666
H. glutinosa,4,200,5,1500,0.9498461941362808,68.64604552811284,79.89942932128906,0.3044689623855654,2.159314894831332
H. glutinosa,4,200,6,1500,0.5721689303257557,62.15332101258363,70.09478759765625,0.3306554891466908,2.210252566512645
H. glutinosa,4,200,7,1500,0.022223428470511064,56.00014843136697,59.96854782104492,0.34642957615444414,2.2495112754028086
H. glutinosa,4,200,8,1500,-0.5337148946386003,49.864433877365265,50.029823303222656,0.3560553583300213,2.2716968272156226
H. glutinosa,4,200,21,400,0.914180589275451,73.04597201027259,85.6082992553711,0.24333857007189316,2.1715038075389894
H. glutinosa,4,200,22,400,0.7076013023354798,66.70215956185632,76.73299407958984,0.26662402115152206,2.22254356349475
H. glutinosa,4,200,23,400,0.2534388244492729,61.43504871358581,67.50474548339844,0.284095377824063,2.2578899836370256
H. glutinosa,4,200,24,400,-0.1359657366971177,55.33312271552428,58.22706604003906,0.2991762603695782,2.2881746988756495
H. glutinosa,4,200,25,400,-0.5340811380116013,49.06377836401396,48.91876220703125,0.3116764943297174,2.3114183115793856
H. glutinosa,4,200,30,250,0.5342807574206301,72.07360906146917,86.10358428955078,0.12679961769261475,1.9604025913318768
H. glutinosa,4,200,31,250,0.33683255221347447,67.52559024662764,77.2117691040039,0.1537866392003446,2.0236351976777804
H. glutinosa,4,200,32,250,0.14064984681316195,61.78147464902697,68.06585693359375,0.18903241886910793,2.0978467094712685
H. glutinosa,4,200,33,250,-0.17822708003896864,55.8319708684425,58.52652359008789,0.2237791528079076,2.1715792607398616
H. glutinosa,4,200,34,250,-0.5453976062733472,49.68615727296742,49.10472106933594,0.2535812731498822,2.232262407294649
H. glutinosa,4,200,39,150,0.19018616792735746,74.89287901602187,86.13341522216797,0.0896320284211158,1.8816940253823995
H. glutinosa,4,200,40,150,0.06647637672214232,68.86587458435429,76.85181427001953,0.10137872385503624,1.9163696628087057
H. glutinosa,4,200,41,150,-0.08414117786348718,62.97716130831566,67.70726013183594,0.12148065281396114,1.9714144483753917
H. glutinosa,4,200,42,150,-0.29740288707989626,56.95559166294627,58.406864166259766,0.15244970066519678,2.045305968942703
H. glutinosa,4,200,43,150,-0.546562654671602,50.25976178016394,49.06665802001953,0.19360067367283632,2.1358093770214763
H. glutinosa,4,200,48,100,0.08309545082566297,75.69995858730154,86.050384521484375,0.07267700642760566,1.847259556405712
H. glutinosa,4,200,49,100,-0.04418959973059186,70.13436891646937,76.809478759765625,0.08218691495434467,1.87733738663439
H. glutinosa,4,200,50,100,-0.15849886054287768,64.00680287235181,67.8287353515625,0.0979550312685099,1.9213286487288423
H. glutinosa,4,200,51,100,-0.34064609900742293,57.77258497229899,58.396881103515625,0.12102418773333436,1.9801073794857948
H. glutinosa,4,200,52,100,-0.5542728620669666,51.10441462049962,49.157318115234375,0.15243699974924466,2.0596325418248016
F. angustifolia,1,200,4,1500,5.104514117249225,66.72637340049324,90.07627868652344,0.5617986539340293,2.636682966985798
F. angustifolia,1,200,5,1500,4.2822429624453555,60.942175248094614,80.04371643066406,0.6013949662191157,2.7000474612910765
F. angustifolia,1,200,6,1500,3.7956444579937125,53.93058322297847,70.10582733154297,0.6475962649953689,2.723569576484384
F. angustifolia,1,200,7,1500,2.7851912407198856,47.93852054845459,59.83919525146485,0.6901288418210765,2.773207664572168
F. angustifolia,1,200,8,1500,1.9700575622255778,41.43887205162098,50.03739547729492,0.7298762816332787,2.8103279188818706
F. angustifolia,1,200,21,400,2.5391989842125433,74.07077447470168,87.44239807128906,0.5422057402354047,2.8328299627552043
F. angustifolia,1,200,22,400,2.098456117593376,66.67003347419833,77.6341323852539,0.5736433027116677,2.8579595468772454
F. angustifolia,1,200,23,400,1.5235872899172669,59.42618384504205,67.66827392578125,0.604761563881288,2.8826053675979058
F. angustifolia,1,200,24,400,0.773884577977263,52.44346162534825,57.50871658325195,0.6368250841129355,2.9036658707107708
F. angustifolia,1,200,25,400,0.2323365914640303,44.708855211125,47.53767776489258,0.6646275728083847,2.9252667530529144
F. angustifolia,1,200,30,250,1.7960476761739383,77.69100603707608,87.47354888916016,0.5894668393947796,2.9270506930123372
F. angustifolia,1,200,31,250,1.3481268773343182,69.98027187089967,77.68180847167967,0.6109158767187594,2.9450389773028873
F. angustifolia,1,200,32,250,0.850520578096461,62.13945341197217,67.708160400390625,0.623574185117331,2.9579455375741235
F. angustifolia,1,200,33,250,0.34383167477981025,54.094063093424445,57.605609893798835,0.614872901244761,2.961082840790856
F. angustifolia,1,200,34,250,-0.20124204489201736,46.39494642383302,47.65890121459961,0.6549721408723704,2.9846208340175946
F. angustifolia,1,200,39,150,0.8663670940767043,80.42602760492852,87.562896728515625,0.454454619908954,2.9172525079693004
F. angustifolia,1,200,40,150,0.529949563375884,72.4991867675707,77.75542449951172,0.4729300190319165,2.933379528967256
F. angustifolia,1,200,41,150,0.21167707216364676,64.27632212959493,67.81482696533203,0.4935940066759289,2.9473355390831277
F. angustifolia,1,200,42,150,-0.2285775080574824,56.31486673714173,57.71689224243164,0.5204320325697473,2.9665230024873743
F. angustifolia,1,200,43,150,-0.6227199158041741,48.14454088757056,47.74064254760742,0.5470583231099547,2.9844609823292996
F. angustifolia,1,200,48,100,0.4582458676968325,81.89958377782948,87.61759185791016,0.36868990845137034,2.900220547784527
F. angustifolia,1,200,49,100,0.13754140614247415,74.22275480170306,77.87210845947266,0.4020999048347126,2.926496894580894
F. angustifolia,1,200,50,100,-0.1769816182398176,66.09053973100957,67.90290832519531,0.4287838855924187,2.9411766112470215
F. angustifolia,1,200,51,100,-0.5356608809521453,57.86811902784744,57.822288513183594,0.4572868861429508,2.9632610988493253
F. angustifolia,1,200,52,100,-0.881741145480781,49.517477454507826,47.832271575927734,0.49201909473516686,2.9883451710162334
F. angustifolia,2,800,4,1500,3.603692435505277,70.16910527256431,89.96263122558594,0.48469224614492035,2.0199681337825313
F. angustifolia,2,800,5,1500,3.1625363821906682,63.44894901808775,80.02196502685547,0.5315310849767866,2.0745111222882406
F. angustifolia,2,800,6,1500,2.2634533773518326,57.887969130334326,69.9534683227539,0.5762547773376119,2.1200614086864515
F. angustifolia,2,800,7,1500,1.5694100852656336,51.26683388927983,60.07552719116211,0.6129000841810921,2.1555664114526736
F. angustifolia,2,800,8,1500,0.7608925664080062,44.646095918929845,50.07588577270508,0.6459996693864573,2.187777252267522
F. angustifolia,2,800,21,400,0.6722990079094815,78.24032670971536,85.61498260498047,0.4477948567514601,2.171817084841314
F. angustifolia,2,800,22,400,0.28088456605155365,71.66051851413805,76.82835388183594,0.476985726104658,2.202650456063886
F. angustifolia,2,800,23,400,-0.22398267469561087,65.17532870614068,67.84834289550781,0.5015254724010022,2.2302119392493913
F. angustifolia,2,800,24,400,-0.6464129877407694,57.799547773511506,58.45217514038086,0.5259487787981514,2.2580046829024796
F. angustifolia,2,800,25,400,-1.1798650953976983,50.891388058213465,49.18952560424805,0.5446118277588252,2.2787877093515707
F. angustifolia,2,800,30,250,0.1441049469744386,81.73483206938066,86.39704132080078,0.5337771486454835,2.304395732411882
F. angustifolia,2,800,31,250,-0.20421948109953153,74.55233833203576,77.54374694824219,0.538769627139488,2.3140427028881967
F. angustifolia,2,800,32,250,-0.5425645496426148,66.95897393678462,68.3209457397461,0.5433332862359768,2.3239030243759333
F. angustifolia,2,800,33,250,-1.1075431953744321,59.91218847475916,58.78521728515625,0.549888311577114,2.334169587171171
F. angustifolia,2,800,34,250,-1.517191791577113,52.261572526988246,49.284034729003906,0.5569347952148714,2.3459127106345843
F. angustifolia,2,800,39,150,-0.6865111843787098,84.77844696015751,85.90520477294922,0.4430022850821551,2.2800052262416575
F. angustifolia,2,800,40,150,-0.9255223098643257,77.21198793784002,76.96721649169922,0.44566090496285565,2.287321993392776
F. angustifolia,2,800,41,150,-1.2183079168620572,69.67700724742161,67.8546142578125,0.4528442271577211,2.295877837958018
F. angustifolia,2,800,42,150,-1.5209593658064557,61.84105494106653,58.438228607177734,0.461844318523673,2.3066774376266403
F. angustifolia,2,800,43,150,-1.8444061436943417,54.13042386539664,49.142486572265625,0.4755162609700756,2.3194982729781186
F. angustifolia,2,800,48,100,-1.2347714232952538,87.48576051257056,86.00365447998047,0.4300138591795846,2.2936340799045865
F. angustifolia,2,800,49,100,-1.399121044340887,79.76820115539935,77.30887603759767,0.43893624221446864,2.301823531859787
F. angustifolia,2,800,50,100,-1.6529482948279168,71.99052442340273,68.198150634765625,0.4492262811855387,2.3136606118336203
F. angustifolia,2,800,51,100,-1.878889439856567,63.74149280637557,58.764949798583984,0.4613126829746737,2.326402859636466
F. angustifolia,2,800,52,100,-2.057981832214396,55.210567626861106,49.273956298828125,0.47655566904185065,2.3242707614052343
S. laxum,1,200,4,1500,1.3770738403935348,77.00751523758619,90.08116149902344,0.3108803582849468,2.443812997862362
S. laxum,1,200,5,1500,1.1012639651840386,69.42192913334408,79.9100341796875,0.3405689079391933,2.4867856406024367
S. laxum,1,200,6,1500,0.7466018170099173,62.99354953754093,70.08213806152344,0.42842098406781653,2.54887662302838
S. laxum,1,200,7,1500,-0.03273783596198615,56.67618355767207,59.93497848510742,0.4508777523152328,2.5990742753259837
S. laxum,1,200,8,1500,-0.48504544678039707,49.05597304500505,50.030067443847656,0.47880351204216226,2.623330684577697
S. laxum,1,200,21,400,1.2437329687077998,75.23682502409645,87.74491882324219,0.30594977748283103,2.6832394514505578
S. laxum,1,200,22,400,0.8690126256628914,68.81297513202125,77.94454193115236,0.3474335989365292,2.7235152258859596
S. laxum,1,200,23,400,0.4338721093310555,61.79553367035301,67.94344329833984,0.37327041868638067,2.7499953813155007
S. laxum,1,200,24,400,-0.06664831056957599,54.63629219942894,57.81745529174805,0.37770631364702933,2.7597557504334547
S. laxum,1,200,25,400,-0.612773635332885,47.778371463290355,47.80025100708008,0.38820397451501776,2.7717606580719876
S. laxum,1,200,30,250,0.8415592886672678,75.22482055510508,87.61918640136719,0.21823303495565363,2.5891478239775463
S. laxum,1,200,31,250,0.5417158879367989,68.904063046067,77.81941986083984,0.24795750803048353,2.6278411073894823
S. laxum,1,200,32,250,0.17973982653390225,62.181362977948936,67.85425567626953,0.26921013713169173,2.65244904659412
S. laxum,1,200,33,250,-0.24200101717629896,55.35405652977111,57.7450065612793,0.2879465397072357,2.6705652646103264
S. laxum,1,200,34,250,-0.6975156084861001,48.58272273488574,47.73674392700195,0.2986828568017482,2.67800235612347
S. laxum,1,200,39,150,0.31400443314024545,78.09058613713552,87.64598083496094,0.16332352369355427,2.5258810423563407
S. laxum,1,200,40,150,0.15952578789651262,70.85844974271711,77.87523651123047,0.18880649500447,2.556860694577408
S. laxum,1,200,41,150,-0.14864227567898705,64.24519831450768,67.91460418701172,0.21110152756195905,2.5828086538152566
S. laxum,1,200,42,150,-0.4647276066605691,56.97023925209076,57.71202850341797,0.22292776903825923,2.597359603120829
S. laxum,1,200,43,150,-0.7292299895299745,49.275999922814215,47.73193359375,0.23819237008442043,2.6065096666967293
S. laxum,1,200,48,100,0.11344242274117139,78.69535599591373,87.58848571777344,0.11910150036747996,2.458984532059767
S. laxum,1,200,49,100,-0.05247845475194152,72.24621900065317,77.82598876953125,0.1493125645631392,2.498806094329397
S. laxum,1,200,50,100,-0.22677714714053532,64.72488964690541,67.90070343017578,0.17113369088784694,2.527133246485144
S. laxum,1,200,51,100,-0.5570309670879408,58.07626277435653,57.808292388916016,0.18757613460302025,2.5544038125331134
S. laxum,1,200,52,100,-0.808330900240658,50.459826002699515,47.73155975341797,0.1985605773682653,2.5636127984137858
T. cristatus,1,200,4,1500,5.706089159395004,50.98700299134007,89.978271484375,0.3227585622277391,2.8038748406624507
T. cristatus,1,200,5,1500,5.1738651185661615,48.021527750460024,80.1025161743164,0.36989630170545634,2.8581549433921754
T. cristatus,1,200,6,1500,4.446958745465565,43.810339683115835,69.86710357666016,0.40466870428742474,2.895452094687964
T. cristatus,1,200,7,1500,3.800554550190503,38.472722219694006,59.934566497802734,0.4319159767044438,2.9273635056777714
T. cristatus,1,200,8,1500,3.089653798348031,33.043233024559605,50.2562141418457,0.4503829989467342,2.950679664994502
T. cristatus,1,200,21,400,3.090396224009362,64.79833427970873,87.41146087646484,0.3222327254148633,2.9064454613579147
T. cristatus,1,200,22,400,2.722513036559859,59.62874762204602,77.61951446533203,0.3775260159431786,2.9505268789989496
T. cristatus,1,200,23,400,2.227340734599083,53.81469294410174,67.67027282714844,0.42666369959635697,2.984701786067075
T. cristatus,1,200,24,400,1.56661173895377,47.849589719001585,57.50328826904297,0.4753191114949322,3.0221015200379044
T. cristatus,1,200,25,400,0.9747599070493949,41.149930791201584,47.51658630371094,0.5175758442342209,3.0473394080405707
T. cristatus,1,200,30,250,2.0482973276694163,71.71200254381263,87.37824249267578,0.3370232583591274,2.9291028865340194
T. cristatus,1,200,31,250,1.7793033532411915,64.93346553097192,77.564208984375,0.3860979737256941,2.967502734802314
T. cristatus,1,200,32,250,1.2799388861996814,58.54906943848283,67.61029815673828,0.4314898635672583,2.998187387295373
T. cristatus,1,200,33,250,0.8495437161529477,51.103741395718515,57.4857177734375,0.4689442560850906,3.020919941813656
T. cristatus,1,200,34,250,0.2602658021353162,44.22552102839714,47.52299118041992,0.5086472718055213,3.0522116098963306
T. cristatus,1,200,39,150,0.9964857848877561,77.707854796131,87.3896484375,0.31888368470454204,2.9102784748874546
T. cristatus,1,200,40,150,0.792626217718014,70.06611960902053,77.61628723144531,0.365516393239964,2.9479324435335292
T. cristatus,1,200,41,150,0.4842279013143167,62.383373096783174,67.63670349121094,0.4110926348463469,2.9815650385658956
T. cristatus,1,200,42,150,0.1468607761300154,54.32868008184696,57.50029754638672,0.44864442549939326,3.0073299998942966
T. cristatus,1,200,43,150,-0.18154865197886969,46.20450799942206,47.55304718017578,0.4899001691344302,3.0318479696492724
T. cristatus,1,200,48,100,0.41340322256135653,81.33367113639153,87.38169860839844,0.31814587592363486,2.9082975257952057
T. cristatus,1,200,49,100,0.32382528756674817,72.68199839389698,77.60553741455078,0.36416118658038776,2.9435709320461028
T. cristatus,1,200,50,100,0.06290985709087749,64.54181954888887,67.66859436035156,0.40417474393497094,2.9779238060065545
T. cristatus,1,200,51,100,-0.2701774498166823,56.341563513265925,57.51813125610352,0.4397477320759218,3.001296356557228
T. cristatus,1,200,52,100,-0.5111666138305502,47.69833040795958,47.542850494384766,0.4730452116669645,3.022315966951064
T. cristatus,2,800,4,1500,3.8385731872207223,52.404151977694546,89.88616943359375,0.21779728181435565,1.9779366360905115
T. cristatus,2,800,5,1500,3.646801680898005,48.251780224797734,80.03086853027344,0.2511178741052869,2.0261136797149955
T. cristatus,2,800,6,1500,3.1299945646717093,44.34284056934085,69.848876953125,0.2790061351867063,2.0711858869826534
T. cristatus,2,800,7,1500,2.844654775314413,38.43245342461464,60.227340698242195,0.3041382747262536,2.107577761080989
T. cristatus,2,800,8,1500,2.0069676925976316,34.58298627545698,49.971065521240234,0.32645237316568415,2.1397413307864337
T. cristatus,2,800,21,400,3.2476558869481247,76.83783113089272,107.4152603149414,0.2409853846395972,2.1033773331172414
T. cristatus,2,800,22,400,2.74699043692102,74.50317445053373,99.08211517333984,0.26672413627384134,2.1364510475100396
T. cristatus,2,800,23,400,2.5895754356212004,68.34880884820869,90.06828308105469,0.29238345512500274,2.1740800377701817
T. cristatus,2,800,24,400,1.9551218449232013,64.191971972483,80.55863189697266,0.3164100987869989,2.2021989220022804
T. cristatus,2,800,25,400,1.6682904669068028,58.03735053038222,71.73063659667969,0.3388197990036339,2.228657791953679
T. cristatus,2,800,30,250,1.6794944480360001,89.1300133991673,107.70783233642578,0.24132181228249883,2.1263834521764946
T. cristatus,2,800,31,250,1.5398043640910717,82.99179586478996,99.15489196777344,0.26679701522461075,2.163766384117306
T. cristatus,2,800,32,250,1.2693238508519613,77.13450095745866,90.29888916015624,0.2923791691669677,2.1947049354901536
T. cristatus,2,800,33,250,0.8274970310796257,71.1179334701347,80.78057861328125,0.3108140197906679,2.2196292319649364
T. cristatus,2,800,34,250,0.6508723519394173,63.814704410119006,71.7565689086914,0.3330195766592119,2.24213747493588
T. cristatus,2,800,39,150,0.3886646884076253,98.27214704825175,107.36988830566406,0.22517721433286683,2.126270936825895
T. cristatus,2,800,40,150,0.19575615045912462,91.25351606580003,98.18022918701172,0.251419897308984,2.1626958523810607
T. cristatus,2,800,41,150,0.2666406050928287,83.18544056417079,90.04399108886719,0.2729024573513257,2.18269193404328
T. cristatus,2,800,42,150,-0.12414689657570674,76.35302086900988,80.11320495605469,0.2932842453807561,2.2012488815302493
T. cristatus,2,800,43,150,-0.16164703831836225,67.95996529826616,71.18244934082031,0.31704275038484875,2.2352166352211498
T. cristatus,2,800,48,100,-0.45381508954977146,104.78618322825696,107.0276107788086,0.21734933089044553,2.1228308195399586
T. cristatus,2,800,49,100,-0.3700962321993611,96.29262020456532,99.017822265625,0.2367979120943254,2.1490397017351643
T. cristatus,2,800,50,100,-0.35988615205705676,87.19376229307495,89.68267059326172,0.26610091643002715,2.1749066522745415
T. cristatus,2,800,51,100,-0.5167126611245603,79.0069585724584,80.21044158935547,0.2830262500937687,2.1982891335044403
T. cristatus,2,800,52,100,-0.6209853384283458,70.32068216843197,70.62944030761719,0.3050339615101795,2.2164463625452044
T. cristatus,2,800,4,1500,3.4177952491507577,55.307073323033975,89.97766876220702,0.21301079001152007,1.8939780467117673
T. cristatus,2,800,5,1500,3.398456936992446,48.75575858760573,80.21031188964844,0.2366822283721087,1.9356596593016293
T. cristatus,2,800,6,1500,2.8682956751232656,44.19407464859843,70.1182861328125,0.24939494485288063,1.9599477344524348
T. cristatus,2,800,7,1500,2.2420716941442342,39.67824866845038,59.934837341308594,0.2606637932722988,1.984770559605313
T. cristatus,2,800,8,1500,1.946158861337721,32.738397763802624,50.125694274902344,0.2690678613117525,2.0056767967784253
S. laxum,2,800,4,1500,2.1058960225065055,71.43647892911986,90.08065032958984,0.30644539399191223,1.7578761494906503
S. laxum,2,800,5,1500,1.5949582716255046,64.70718433447688,79.97630310058594,0.3049776927059168,1.7647809777840158
S. laxum,2,800,6,1500,0.9604561760328276,58.37592111498952,69.987335205078125,0.2840210095984578,1.7507824541447334
S. laxum,2,800,7,1500,0.23361426836219013,53.05953577188093,59.91365814208984,0.26795837336738065,1.7448264898729977
S. laxum,2,800,8,1500,-0.3795211007763621,47.551100979854496,49.95670318603515,0.25334401903002124,1.7391534531379875
S. laxum,2,800,21,400,2.0950383592173907,83.86709013908933,104.03105926513672,0.28754435732894745,2.059168663284392
S. laxum,2,800,22,400,1.7181838217535486,77.38699968593451,94.707183837890625,0.28920859608923377,2.070361769601266
S. laxum,2,800,23,400,1.2103118719508994,71.33340025112015,85.23265075683594,0.2831018736927856,2.072308017465694
S. laxum,2,800,24,400,0.7528870369212266,65.85661464057289,76.67858123779298,0.27259286350257017,2.0652632832566016
S. laxum,2,800,25,400,0.22012882870232586,60.09446608115898,67.07942199707031,0.2629555649027535,2.057560765610688
S. laxum,2,800,30,250,1.4931916277007389,84.46996894313891,103.19559478759766,0.22812388308238493,2.0378651621443713
S. laxum,2,800,31,250,0.9944791459150748,80.28634270822523,94.23722076416016,0.24122255541521875,2.0587203557943576
S. laxum,2,800,32,250,0.8773782972217428,72.96118467943191,85.49871826171875,0.24862028412640289,2.0726719735466177
S. laxum,2,800,33,250,0.3710543416896574,67.4404543202631,75.92325592041016,0.24969630888433375,2.079737577991444
S. laxum,2,800,34,250,0.03720749744300017,60.87816316222189,66.615570068359375,0.24915943778624383,2.0834962704724167
S. laxum,2,800,39,150,0.6174767091880777,88.56752537765016,102.39910888671876,0.17383619337653064,2.0080675757217685
S. laxum,2,800,40,150,0.6365120709801495,81.23354906428922,94.127899169921875,0.1922269162822187,2.035893243759521
S. laxum,2,800,41,150,0.1959890691498638,76.52815760300862,84.79295349121094,0.2042172489904049,2.0550678325560874
S. laxum,2,800,42,150,0.15576040933440632,68.43187992262077,75.91278076171875,0.21243037080184865,2.0688503387519157
S. laxum,2,800,43,150,-0.19922616384556024,62.27511019404315,66.45008087158203,0.21469434031479775,2.074549043403094
S. laxum,2,800,48,100,0.308995018771416,90.40014689284853,102.90756225585938,0.13462283130560038,1.9849565185699176
S. laxum,2,800,49,100,0.14034409639026385,84.46942397696796,93.95989990234376,0.14999089963198184,2.0106650503750134
S. laxum,2,800,50,100,0.054286497043859405,77.09089667302572,85.00811004638672,0.16157057109948642,2.0307143611709764
S. laxum,2,800,51,100,-0.2421002618397333,71.48270415822817,75.8849868774414,0.16941210065677842,2.0452681766321765
S. laxum,2,800,52,100,-0.38951041147301513,63.76839803316829,66.36722564697266,0.17570634494176868,2.0563557822294825
T. forrestii,1,200,4,1500,2.1140987655813115,73.63405866495057,90.01004791259767,0.4001546331955906,1.8667357729458307
T. forrestii,1,200,5,1500,1.573488863406108,67.554679944778,80.003875732421875,0.4549738412037422,1.9152813297936808
T. forrestii,1,200,6,1500,0.7014180209889898,62.09459961483002,70.17761993408203,0.48399809568710406,1.9327964063107357
T. forrestii,1,200,7,1500,-0.08522692506586738,55.5865005821884,60.03667068481445,0.511175874747802,1.9555517370710147
T. forrestii,1,200,8,1500,-1.4807073926805745,51.22766155776131,50.11663055419922,0.5453281426765066,1.9912493656126025
T. forrestii,1,200,21,400,1.3280032611231967,78.54232426680737,90.63441467285156,0.4371617239541342,1.87073930181982
T. forrestii,1,200,22,400,0.8072666312483298,72.18875798033855,80.81334686279298,0.5232428853674637,1.9408210335350304
T. forrestii,1,200,23,400,-0.02044330903402558,65.94753235967069,70.84510040283203,0.5988974324656918,1.9993587641365884
T. forrestii,1,200,24,400,-0.8590407470919508,58.9724678310891,60.68108749389648,0.6649256912156544,2.044814500862703
T. forrestii,1,200,25,400,-1.6612132750175288,51.693651478403986,50.65679168701172,0.7144473302897028,2.0762884699984423
T. forrestii,1,200,30,250,0.7865651473859337,81.40118668746972,90.39183044433594,0.52271239643847,1.9309188937797443
T. forrestii,1,200,31,250,0.10507612140820055,74.77045751854445,80.50846099853516,0.5908286696927598,1.975212132750952
T. forrestii,1,200,32,250,-0.3759489665053296,67.04264598489377,70.66624450683594,0.6459093517329036,2.008153940991964
T. forrestii,1,200,33,250,-1.1292046387657182,59.63642310254054,60.551513671875,0.6921661563027531,2.044966177732262
T. forrestii,1,200,34,250,-1.9244086663944,52.249278674986755,50.527435302734375,0.7396943940090768,2.073787241924787
T. forrestii,1,200,39,150,-0.1426920277435107,84.74138227693297,90.36769104003906,0.46528273883708354,1.8562164488065755
T. forrestii,1,200,40,150,-0.4921676374799789,76.80471153409735,80.55030822753906,0.5301934103029198,1.907205610713572
T. forrestii,1,200,41,150,-0.8980646318132592,68.70599483890683,70.6034927368164,0.5805021187354004,1.9409705916167004
T. forrestii,1,200,42,150,-1.4225601332114675,60.629227217714565,60.44536590576172,0.6244585270351292,1.9691601551117492
T. forrestii,1,200,43,150,-1.9294202248031238,52.68973899983174,50.656490325927734,0.656060162126898,2.0028937510806717
T. forrestii,1,200,48,100,-0.7960680812055421,87.52542576788228,90.32023620605469,0.3804342100799464,1.7626125628902665
T. forrestii,1,200,49,100,-1.0459959059240351,79.03493694644033,80.525390625,0.4576698215884781,1.828900045387243
T. forrestii,1,200,50,100,-1.1997646926935923,70.00772766193086,70.6710205078125,0.5159914476736805,1.8713400035919912
T. forrestii,1,200,51,100,-1.6933138071779876,61.77354539917741,60.47785949707031,0.5672181836498068,1.9168567249116313
T. forrestii,1,200,52,100,-2.0933726568753697,53.27096164336421,50.4210319519043,0.609675066715682,1.9415970845193808
T. forrestii,2,800,4,1500,2.517902659824692,72.65168356424292,89.97637176513672,0.4041081995935875,1.945669083457018
T. forrestii,2,800,5,1500,1.9710259314757557,66.1081095661887,80.043548583984375,0.42354084857214847,1.9704856191005675
T. forrestii,2,800,6,1500,1.1174434361851966,60.5804132556737,70.06611633300781,0.4381063275789646,1.9898590155717104
T. forrestii,2,800,7,1500,0.0593784309795613,55.49199247314677,59.8439826965332,0.4554404627547683,2.0107370437146166
T. forrestii,2,800,8,1500,-0.884759559995907,50.109805647924055,50.05826568603515,0.4769481293258323,2.020118346667252
T. forrestii,2,800,21,400,1.8552726458313047,83.00488759918223,99.42020416259767,0.32722436978530933,1.9549537685244287
T. forrestii,2,800,22,400,1.677460300405265,76.71615707202764,90.82440948486328,0.3636751708129026,1.9867494920667088
T. forrestii,2,800,23,400,1.029443684318926,71.62783111264751,81.57051849365236,0.39527573966021434,2.014135423811269
T. forrestii,2,800,24,400,0.4024134361221565,65.87152358225622,72.2327880859375,0.4253931256283696,2.0384220946093556
T. forrestii,2,800,25,400,-0.22484813360697745,60.03091777123353,63.167022705078125,0.4601779307145231,2.064110540517955
T. forrestii,2,800,30,250,1.4011917005063252,86.75857232250209,99.01445770263672,0.40050847983987525,2.0171808164589455
T. forrestii,2,800,31,250,1.0253936572190114,80.87977215811947,90.83746337890624,0.418575778936653,2.034267140196811
T. forrestii,2,800,32,250,0.3515391334796322,75.22852029768455,81.67594146728516,0.43300593952853966,2.0461224442449746
T. forrestii,2,800,33,250,0.03710730802896833,67.35888898664626,72.000823974609375,0.44601764443552094,2.054872449175367
T. forrestii,2,800,34,250,-0.48756803255361414,60.99832779570852,63.035892486572266,0.4630361840323307,2.066429778196849
T. forrestii,2,800,39,150,0.31774431306393924,90.8361704880568,99.0040054321289,0.28866771276750425,1.9065312378668169
T. forrestii,2,800,40,150,-0.19032344411770177,85.37753432871682,89.952606201171875,0.3196215377018429,1.9354664326430069
T. forrestii,2,800,41,150,-0.22838682066654942,77.14568037969632,81.13581848144531,0.34376289948602157,1.955965950482874
T. forrestii,2,800,42,150,-0.7012365016084079,70.91054745540006,72.11968994140625,0.36447135032657846,1.9746475515660131
T. forrestii,2,800,43,150,-0.88451307411275,62.95847693565028,63.00264358520508,0.3849934362140129,1.9890326194267256
T. forrestii,2,800,48,100,-0.19652506717753432,94.04742740296862,99.04345703125,0.2766320200200144,1.8782170319721043
T. forrestii,2,800,49,100,-0.5880102897283255,87.97886460226262,90.27213287353516,0.3072259361228178,1.9097340600126187
T. forrestii,2,800,50,100,-0.7747991405951908,80.14288919779588,81.14912414550781,0.32747820470566086,1.9307723168993831
T. forrestii,2,800,51,100,-1.0177469942800652,72.09931690529521,71.53972625732422,0.34749621833229666,1.9442785287469744
T. forrestii,2,800,52,100,-1.1127545452180023,63.70516300085072,62.529644012451165,0.3689433824158933,1.966502615414298
T. forrestii,1,800,4,1500,1.8991209220726624,72.82836894934896,90.14652252197266,0.3151886021539284,1.979585113061068
T. forrestii,1,800,5,1500,1.4383331492798312,65.71268777218556,79.83386993408203,0.32267648982814495,2.0104155256455707
T. forrestii,1,800,6,1500,0.29474813367527913,62.96400101128864,69.985260009765625,0.3381154089277309,2.0422909274166594
T. forrestii,1,800,7,1500,-0.527533161948096,57.85369335112681,59.96501159667969,0.34720886099849,2.0630709041396766
T. forrestii,1,800,8,1500,-1.0883811290531722,51.22844543223362,49.9387321472168,0.35646498249619396,2.0656280573940604
T. forrestii,1,800,21,400,1.0141186377395985,76.49168504819488,90.25511932373047,0.25791711541565016,2.020428686280764
T. forrestii,1,800,22,400,0.4196982942347535,71.7098065443269,80.36112213134764,0.29025557108671474,2.053832348613796
T. forrestii,1,800,23,400,-0.03226062077922037,65.20189024312091,70.41596221923828,0.32316196232118627,2.0887980899299
T. forrestii,1,800,24,400,-0.8220443941140096,59.866349525044285,60.31550598144531,0.35207743380099715,2.121653017261604
T. forrestii,1,800,25,400,-1.5997797024748015,54.146503460870335,50.35626602172851,0.3747384338208247,2.1435154751626397
T. forrestii,1,800,30,250,0.3861079451470453,81.27092426293012,90.26631164550781,0.27851047675441903,2.056800975644466
T. forrestii,1,800,31,250,-0.07870092233058623,74.8695001746154,80.434844970703125,0.28901952237773776,2.074110686231812
T. forrestii,1,800,32,250,-0.5314576380427952,68.11092786326022,70.46247100830078,0.3171785553749134,2.103740964846249
T. forrestii,1,800,33,250,-1.1320679540355525,61.55339477313567,60.251914978027344,0.3438264339145202,2.1296526724491267
T. forrestii,1,800,34,250,-1.7127307602060047,54.82749540063978,50.28266143798828,0.3644579328700937,2.1452187187440432
T. forrestii,1,800,39,150,-0.41049286951139696,86.51815135443337,90.25064849853516,0.23908601123617723,2.0160739657410742
T. forrestii,1,800,40,150,-0.7193761486979073,79.24597094619887,80.41991424560547,0.24347216938906016,2.024770424032293
T. forrestii,1,800,41,150,-1.025517800618095,71.64628174786176,70.45258331298828,0.2580664613553454,2.0437848508562895
T. forrestii,1,800,42,150,-1.3914030205904817,63.87668695798117,60.26085662841797,0.28257163850477446,2.071811073175893
T. forrestii,1,800,43,150,-1.9668748755166523,57.37172304893916,50.25059509277344,0.30334363102921597,2.094481359503363
T. forrestii,1,800,48,100,-0.8799634689428657,90.37615516889119,90.210479736328125,0.2117373380250911,1.9843401170195427
T. forrestii,1,800,49,100,-0.9687316279586478,81.78635790243953,80.41609191894531,0.2046235540372201,1.9700687799671723
T. forrestii,1,800,50,100,-1.1836689905122588,73.87212555684847,70.432647705078125,0.20641630220796972,1.974364035276696
T. forrestii,1,800,51,100,-1.5511345740074292,66.0245810881076,60.28094100952149,0.23929877895415425,2.015256058618892
T. forrestii,1,800,52,100,-1.9151343561425995,58.30420822356368,50.29252243041992,0.26098701824446396,2.0391589501764975
T. forrestii,2,200,4,1500,3.8802355284066405,72.72115995176067,89.95354461669922,0.7355661941924557,2.2608139354865853
T. forrestii,2,200,5,1500,2.819212738886711,66.74015791222895,79.96707916259767,0.7622148998534872,2.2954363634514157
T. forrestii,2,200,6,1500,1.67974995063619,60.838416466335744,70.03413391113281,0.7819312269137029,2.3194277899316513
T. forrestii,2,200,7,1500,0.5564221312870334,54.677558249487134,60.06378555297851,0.7913841637423836,2.3413867302352154
T. forrestii,2,200,8,1500,-0.7699168842462967,49.068355587452245,50.10216522216797,0.801819168330655,2.363220544071839
T. forrestii,2,200,21,400,2.5843294953857776,82.7617698326849,100.85831451416016,0.4187817180800411,2.1511475518163934
T. forrestii,2,200,22,400,1.7387486071419458,79.01635468586676,91.66303253173828,0.484542825006566,2.220763797089341
T. forrestii,2,200,23,400,1.3071036657115105,73.18596407842051,82.87542724609375,0.5616283021816454,2.2870369071598105
T. forrestii,2,200,24,400,0.6043522747625303,67.56753794954197,73.97473907470702,0.6325974134088054,2.35978422617713
T. forrestii,2,200,25,400,-0.03157159215661515,60.867173997849875,64.55232238769531,0.7183681660053578,2.415562196846295
T. forrestii,2,200,30,250,1.9044119140897584,92.00819973233125,101.95569610595705,0.9354257474238631,2.573814376992901
T. forrestii,2,200,31,250,1.444618474401309,84.60356458159855,92.896697998046875,0.9673237510475685,2.5968593520296563
T. forrestii,2,200,32,250,1.0075510693277199,77.07010513971629,83.7781982421875,1.0051354517483162,2.613382336528841
T. forrestii,2,200,33,250,0.4532197430104428,69.74219294755952,74.59093475341797,1.0746308032042238,2.645133065972768
T. forrestii,2,200,34,250,-0.14054561824290168,62.168831698904995,65.17930603027344,1.1465747051977109,2.675926906499939
T. forrestii,2,200,39,150,0.8680569073516444,94.16062778988751,101.04088592529295,1.0214802844599724,2.639389158366539
T. forrestii,2,200,40,150,0.5382785968760683,86.56361467837775,92.23484802246094,1.0542600704411211,2.6534453561228
T. forrestii,2,200,41,150,0.2542305289230576,78.41139826294386,83.03783416748047,1.073633274760534,2.6650044243259328
T. forrestii,2,200,42,150,0.005173981373273906,70.40656972932315,74.112030029296875,1.0865477614354722,2.6751723703704484
T. forrestii,2,200,43,150,-0.628313665230302,62.68913447837369,64.50853729248047,1.103680624133174,2.6823418585588805
T. forrestii,2,200,48,100,0.29122328848274703,94.38331800919462,100.2840576171875,0.7117791833697941,2.468768213161354
T. forrestii,2,200,49,100,0.3059257783495232,86.3978426441342,92.0069580078125,0.738669570921022,2.488564322855906
T. forrestii,2,200,50,100,-0.2368962340915336,79.30231679353187,82.8873748779297,0.758882528783127,2.5042620846885986
T. forrestii,2,200,51,100,-0.43741569808100117,71.15822947018434,73.81229400634764,0.7897671045672562,2.524145609046289
T. forrestii,2,200,52,100,-0.8983234998691842,63.46927563688762,64.44420623779297,0.8169314182583627,2.539800797303702
S. laxum,1,800,4,1500,1.7477451681885663,71.89806902547788,89.9791030883789,0.2720563496848828,2.063623460589006
S. laxum,1,800,5,1500,1.0315486301588783,65.12545492054458,79.947662353515625,0.21504408821989549,1.9751031948414168
S. laxum,1,800,6,1500,0.4742273505335347,59.57315997608606,70.04468536376953,0.19239020594065964,1.9426650036983628
S. laxum,1,800,7,1500,0.09354549340442536,53.58356822509937,59.87351989746094,0.20253220919725393,1.9474080460786352
S. laxum,1,800,8,1500,-0.44961918092678055,48.76100339463019,49.915042877197266,0.21895682290527296,1.977736506830566
S. laxum,1,800,21,400,1.3561136899502664,73.88153968639975,90.16657257080078,0.24702355477836507,2.0271260291466024
S. laxum,1,800,22,400,0.8928131615266728,67.07937324195125,80.277435302734375,0.2260177837686716,1.9975148605526192
S. laxum,1,800,23,400,0.40311758791274516,60.85035378102755,70.284149169921875,0.20406008243232537,1.9619140132673785
S. laxum,1,800,24,400,-0.018660953336509967,54.64129382097348,60.09097671508789,0.19446365959912404,1.9418401099191396
S. laxum,1,800,25,400,-0.41303171302130737,48.6757020352784,50.11837387084961,0.19036536582003627,1.9323840988393055
S. laxum,1,800,30,250,0.8756181733149444,73.26015050452462,90.01130676269531,0.1608320828853459,1.864693673354719
S. laxum,1,800,31,250,0.5155522153804422,67.60284897318861,80.20252990722656,0.15908903483957745,1.8643669971429917
S. laxum,1,800,32,250,0.16889230945124528,61.39810999980656,70.27921295166016,0.14655658742406222,1.8435144055556736
S. laxum,1,800,33,250,-0.24862341257815707,56.419236057733656,60.08551788330078,0.13717464589946737,1.827276151901344
S. laxum,1,800,34,250,-0.5453704334774285,50.61236087158631,50.11820983886719,0.13159804147829088,1.8154246510445955
S. laxum,1,800,39,150,0.25115518100342243,75.75541003507178,89.87796783447266,0.09158146580879316,1.7178825998089453
S. laxum,1,800,40,150,0.10940430672950974,70.03331154688686,80.05647277832033,0.10988956422636756,1.7533097765013808
S. laxum,1,800,41,150,-0.12634808569608758,64.20771551624944,70.17134094238281,0.11536051050155462,1.765242587062385
S. laxum,1,800,42,150,-0.34475045219096956,57.857273176524686,60.30659866333008,0.11322834721820788,1.7625073111098608
S. laxum,1,800,43,150,-0.673682623746778,53.32161959199803,50.40472412109375,0.1101050503225922,1.7599752515167784
S. laxum,1,800,48,100,-0.14938717339062133,81.77593465384447,90.52386474609376,0.053516465376660625,1.6723499511497355
S. laxum,1,800,49,100,-0.10061936584077683,72.21696846236848,80.6593017578125,0.07092529065137786,1.7094375591651767
S. laxum,1,800,50,100,-0.29389582678161946,67.0339833275017,70.68351745605469,0.08199325209470838,1.7330481546687662
S. laxum,1,800,51,100,-0.48264337625313497,60.737060970746995,60.453025817871094,0.08682469540466164,1.7388600569357222
S. laxum,1,800,52,100,-0.6731417205695704,54.56245546669587,50.398475646972656,0.08754219290177456,1.7347705417487305
T. cristatus,1,800,4,1500,5.193945937866999,59.201386296383205,90.1067123413086,0.40563430289545394,1.992343467756291
T. cristatus,1,800,5,1500,4.787445121307278,54.467452385882275,80.11553192138672,0.47307942535754066,2.048231750152176
T. cristatus,1,800,6,1500,3.9345751594166147,49.52325798884585,69.88965606689453,0.5178625676570794,2.085697343350286
T. cristatus,1,800,7,1500,3.2123089262317865,43.83624491869021,60.020164489746094,0.562121078724816,2.1010656373097443
T. cristatus,1,800,8,1500,2.280385238856194,37.636304154712946,50.08387756347656,0.5568461955567925,2.1073596419342793
T. cristatus,1,800,21,400,2.9360852985145995,69.207564641466,90.0942611694336,0.38222972613644407,1.871031017164161
T. cristatus,1,800,22,400,2.439155120476546,63.97000102807887,80.232940673828125,0.4479134815197228,1.9369923670886635
T. cristatus,1,800,23,400,1.994179295518445,57.117101174359775,70.29498291015625,0.4903948714551485,1.979823139435379
T. cristatus,1,800,24,400,1.3629420538150014,50.33699680834774,60.09800720214844,0.5259348464966975,2.0071433825399727
T. cristatus,1,800,25,400,0.7707808451881693,43.25286781609885,50.130157470703125,0.5509168531891739,2.0254083228250965
T. cristatus,1,800,30,250,1.6899273402427974,72.69612472836022,89.93635559082033,0.2965952012197044,1.730323597458206
T. cristatus,1,800,31,250,1.4633228604558435,65.9551963003162,80.1383285522461,0.3386916881867458,1.7779774855836876
T. cristatus,1,800,32,250,1.1689380122755963,58.80638480525867,70.18238067626953,0.3762333912975849,1.8142475103804463
T. cristatus,1,800,33,250,0.6619106148329202,52.120606907851865,60.11041641235352,0.41133990061578746,1.85087921605882
T. cristatus,1,800,34,250,0.20996876932977626,44.79627161651781,50.099117279052734,0.4365348191465674,1.876981030816285
T. cristatus,1,800,39,150,0.589292982664082,78.62986956218366,89.96332550048828,0.2549313651133516,1.6562483240720176
T. cristatus,1,800,40,150,0.36967516794312455,71.36820389674276,80.13594055175781,0.2888748883153676,1.6948725569473757
T. cristatus,1,800,41,150,0.23650588913812326,63.193499824547175,70.26628112792969,0.32678159831460873,1.7365083703648998
T. cristatus,1,800,42,150,-0.22107287129108294,56.11819653147291,60.08928298950195,0.36016702067129286,1.7822559996648342
T. cristatus,1,800,43,150,-0.5346172646475669,48.17183682330914,50.0977668762207,0.3885077239527094,1.8127673939682136
T. cristatus,1,800,48,100,-0.06861178844242838,82.99471450379646,89.88805389404298,0.22835746771218043,1.6031547995111175
T. cristatus,1,800,49,100,-0.16032238713683433,74.5230192510962,80.14118957519531,0.2555224540041602,1.6417751987949305
T. cristatus,1,800,50,100,-0.3569412327132342,66.41248604490195,70.20025634765625,0.28694707354412824,1.6848147149838042
T. cristatus,1,800,51,100,-0.7084976207577315,58.77475785196381,60.04034805297851,0.31872529522338683,1.724789686984601
T. cristatus,1,800,52,100,-0.9023530598144199,50.17217867773785,50.05387496948242,0.34224181805485393,1.7533684803105571
T. cristatus,2,200,4,1500,4.294538007242822,54.588328005009615,90.04973602294922,0.2681815836859855,2.2475826149156783
T. cristatus,2,200,5,1500,4.223864262369864,48.76433721087816,80.12517547607422,0.30535865393389977,2.2859774422434276
T. cristatus,2,200,6,1500,3.536054739749823,44.98899985780338,70.17192077636719,0.3324213484409152,2.313424555354708
T. cristatus,2,200,7,1500,3.0096353897151866,39.465703102905096,60.2954216003418,0.3553631188285657,2.3356673740962868
T. cristatus,2,200,8,1500,2.2134605251561874,34.47411812767468,50.12434005737305,0.37344184812128167,2.3514052812046575
T. cristatus,2,200,21,400,2.7875908312960163,74.40332700908196,101.0270538330078,0.25292677990522855,2.222631617367384
T. cristatus,2,200,22,400,2.592717655874426,70.48198282811268,92.92626190185547,0.2921058032791178,2.263430483571719
T. cristatus,2,200,23,400,2.5948109316751893,63.64779492875208,84.17858123779298,0.3253009703177229,2.298390739177732
T. cristatus,2,200,24,400,1.8618511119042958,59.946243957047194,75.0898208618164,0.35198271670074416,2.3243415759989148
T. cristatus,2,200,25,400,1.432225261386416,53.86189430507338,65.86016082763672,0.3754868360508398,2.3486414085176075
T. cristatus,2,200,30,250,2.0179752594928466,80.63660468864883,101.90186309814452,0.2489743436973013,2.242386569858703
T. cristatus,2,200,31,250,1.8440809473331168,74.94122205834114,92.97344970703124,0.28252671394998785,2.2780710632635164
T. cristatus,2,200,32,250,1.3340764582705036,70.32817906634446,83.896636962890625,0.31056262445715854,2.310927605007979
T. cristatus,2,200,33,250,0.6472637505125096,65.87730106839417,74.63763427734375,0.33371988395545715,2.335813110470597
T. cristatus,2,200,34,250,0.7027147413102752,57.16994248170785,65.63641357421875,0.35618027629365856,2.357560752591526
T. cristatus,2,200,39,150,0.7152112703188827,86.67304928621405,99.54778289794922,0.24789879973597423,1.5217727644664043
T. cristatus,2,200,40,150,0.6875390072074747,79.02989302597527,90.57376861572266,0.27838573355117335,1.5657054016702605
T. cristatus,2,200,41,150,0.3144451272933496,72.98756917449883,81.34663391113281,0.3037281323540873,1.6015645476474747
T. cristatus,2,200,42,150,0.2911299044251493,64.74687002571794,72.32084655761719,0.32676117893677137,1.6322481837556115
T. cristatus,2,200,43,150,-0.17560289951940294,58.30717246698326,62.709434509277344,0.3486107499092808,1.6604996414979103
T. cristatus,2,200,48,100,0.26737100560851795,88.75685549994951,98.63447570800781,0.2319678836495372,1.5067881529345175
T. cristatus,2,200,49,100,0.08304121600794512,81.76992197033103,89.4727783203125,0.26119846956814324,1.5497299300125014
T. cristatus,2,200,50,100,0.21705120895643915,72.89509359524511,80.80999755859375,0.2875661746057386,1.5856168677832827
T. cristatus,2,200,51,100,-0.22078123629269847,66.93936984607478,71.59944152832031,0.30864955053612375,1.6147301883077452
T. cristatus,2,200,52,100,-0.5199364216842645,59.96113706521768,62.46148681640625,0.33142000133260596,1.6430548008423649
F. angustifolia,1,800,4,1500,5.0560166205334935,70.62444744382601,89.84807586669922,0.769641666792471,2.213704642758239
F. angustifolia,1,800,5,1500,4.30464869989617,64.38778806931198,79.9365463256836,0.8645236189467168,2.2646105706651
F. angustifolia,1,800,6,1500,3.3891764317605233,57.81538565089307,69.986083984375,0.9342406191823264,2.3130323086294085
F. angustifolia,1,800,7,1500,2.388563830120874,51.013540744504965,59.91093826293945,0.9912538971188708,2.343225786854324
F. angustifolia,1,800,8,1500,1.405455466417715,44.13571375678335,50.04368209838867,1.0390760763808669,2.3658596879708496
F. angustifolia,1,800,21,400,2.3636564613377153,77.83372302466114,89.854949951171875,0.6661628674874015,2.169323990159901
F. angustifolia,1,800,22,400,1.666303362668051,71.02054807594537,80.0179672241211,0.7158576281438163,2.197887813317939
F. angustifolia,1,800,23,400,1.02496143494735,63.661091720884805,70.06886291503906,0.7683303229723752,2.2312257171644307
F. angustifolia,1,800,24,400,0.25030626329804134,56.30214256179071,59.943111419677734,0.818643029252726,2.260680206062374
F. angustifolia,1,800,25,400,-0.45134359487170245,48.669287584899685,49.94038009643555,0.8667925604820466,2.2864492101613725
F. angustifolia,1,800,30,250,1.3383469012520235,80.77193646401453,89.72232818603516,0.6197925230343861,2.1447267791909397
F. angustifolia,1,800,31,250,0.9108936933198493,72.9492509422729,79.9519271850586,0.6369879673376324,2.158402003298339
F. angustifolia,1,800,32,250,0.34564020920759253,65.38324162982715,70.01618957519531,0.659525429664147,2.174596180885099
F. angustifolia,1,800,33,250,-0.16284623152347988,57.334928237932026,59.87100601196289,0.686882077913936,2.1939683919675006
F. angustifolia,1,800,34,250,-0.8854559566488011,50.03170657075178,49.905372619628906,0.7147432499520147,2.214731548802607
F. angustifolia,1,800,39,150,0.30874391995301775,81.68268628898741,89.7327880859375,0.20646060320011272,1.7586962591781048
F. angustifolia,1,800,40,150,0.08626096813069525,74.74289735771816,79.98365020751953,0.26992778478163154,1.8336261627596253
F. angustifolia,1,800,41,150,-0.3797078614191046,68.1564037813603,70.08111572265625,0.351109205467686,1.9209248483312256
F. angustifolia,1,800,42,150,-0.7514232518667142,60.014777981243405,59.960079193115234,0.43419723143711153,1.9977955066495925
F. angustifolia,1,800,43,150,-1.2384117914014592,52.092137088691224,49.9798583984375,0.5120490123732838,2.065230379462257
F. angustifolia,1,800,48,100,-0.09475492754869823,85.4113861164894,89.816619873046875,0.262929190657943,1.8342897957129607
F. angustifolia,1,800,49,100,-0.35346952916176444,77.71202237843583,80.09496307373047,0.3248051179030149,1.8999465220746496
F. angustifolia,1,800,50,100,-0.463086562169097,68.70886035238176,70.20228576660156,0.3789706308117826,1.949928604970395
F. angustifolia,1,800,51,100,-0.8589893295730324,60.841274410609294,60.15126419067382,0.4079252885566412,1.9816605202365607
F. angustifolia,1,800,52,100,-1.2850356244698828,53.17995091679008,50.324317932128906,0.43449029813371515,2.0035515120101626
S. laxum,2,200,4,1500,1.932283160454328,70.99534090179995,90.305419921875,0.27597520450739055,1.9041002175232864
S. laxum,2,200,5,1500,1.5095569403305555,64.39767153517128,80.0998306274414,0.28771356994550196,1.9277959624339416
S. laxum,2,200,6,1500,0.8584463370119477,57.744236125826625,69.94178771972656,0.2502577465580572,1.887244617185788
S. laxum,2,200,7,1500,0.061752917620712444,53.55033838821901,59.82136535644531,0.2294478339854666,1.8563991451518087
S. laxum,2,200,8,1500,-0.6742104972988725,49.67728094750867,49.79611587524414,0.22936547562377504,1.8572387273213973
S. laxum,2,200,21,400,1.5955108361246801,79.14453640544056,98.630096435546875,0.23099283058088815,1.888414324329729
S. laxum,2,200,22,400,1.5192151125664695,71.94266797603258,89.83617401123047,0.24433123423230785,1.9096202046422404
S. laxum,2,200,23,400,0.8309512291880601,68.22911558686125,80.744964599609375,0.24303709875378307,1.9120772735914504
S. laxum,2,200,24,400,0.49208879627401403,62.099125685506685,71.90825653076172,0.2382193908081497,1.9087231736652903
S. laxum,2,200,25,400,0.1347838866443017,56.05131160784524,62.889278411865234,0.23513860461881295,1.9065106481002585
S. laxum,2,200,30,250,1.0707269222661604,80.44282259381917,98.69810485839844,0.17891745398873046,1.8211325056783971
S. laxum,2,200,31,250,0.921529091424385,74.69641503680636,90.08707427978516,0.1983177534496057,1.849757482920628
S. laxum,2,200,32,250,0.5942085440754035,69.24865985704693,81.05855560302734,0.20806032739602331,1.864696122716734
S. laxum,2,200,33,250,0.07339053664457318,64.65387007620748,71.65270233154297,0.21038375300536227,1.8684989094647029
S. laxum,2,200,34,250,-0.1875263715341197,58.426611864622274,62.94599151611328,0.20864426164913108,1.8670827427421173
S. laxum,2,200,39,150,0.6146847346171633,82.73008641378485,97.99174499511719,0.15287209264094728,1.7798523388018657
S. laxum,2,200,40,150,0.601917258771614,75.90092180144119,89.3984146118164,0.17697668845087977,1.8182669974571908
S. laxum,2,200,41,150,0.20462922629165564,71.6844254448778,80.5729751586914,0.18993538259481263,1.8339364109252347
S. laxum,2,200,42,150,-0.0259772619678032,65.27978206685479,71.67164611816406,0.19423676443398427,1.8390314312140836
S. laxum,2,200,43,150,-0.1554580669092745,57.751688664176,62.7568359375,0.19014843048009908,1.8359385479165795
S. laxum,2,200,48,100,0.30017026133064784,83.86503218045571,98.54730224609376,0.10769644278576256,1.6987050388515927
S. laxum,2,200,49,100,0.11654775941867906,79.23096946231263,89.6990966796875,0.12700274121487085,1.7302115845391526
S. laxum,2,200,50,100,-0.09856790090080991,74.48336932605706,81.41668701171875,0.14385278174495483,1.757935260502214
S. laxum,2,200,51,100,-0.15117990467657724,66.52503427037615,72.361602783203125,0.1541710515558486,1.773404026509801
S. laxum,2,200,52,100,-0.49064938806094005,61.30408165101339,63.07009506225586,0.15884846611994835,1.7789813379507686
T. cristatus,1,800,4,1500,5.785896284215425,58.858450757744805,90.03459167480469,0.455119508408137,2.13874435098088
T. cristatus,1,800,5,1500,5.21224245116408,54.861528319760346,80.14790344238281,0.5354524090462266,2.2006153061872173
T. cristatus,1,800,6,1500,4.537456422493165,48.507631188058326,69.93563079833984,0.5680393311802011,2.229724837614194
T. cristatus,1,800,7,1500,3.843689496581344,42.19335775401534,59.9755744934082,0.6000338255620771,2.2405874438702886
T. cristatus,1,800,8,1500,2.5145101526527314,36.85031517867328,49.86299514770508,0.5786628431020404,2.2717515465157048
T. cristatus,1,800,21,400,2.9773358111959993,68.94089783944682,90.1400375366211,0.3727810854812087,2.0376519913984668
T. cristatus,1,800,22,400,2.4312671476986196,63.27248085193807,80.29640197753906,0.40834228952769225,2.0878949064934713
T. cristatus,1,800,23,400,1.8543298396745334,57.03239511046292,70.31532287597656,0.4382748373803213,2.122252890855743
T. cristatus,1,800,24,400,1.2484428011859765,50.44751564836555,60.1593017578125,0.4689411012458932,2.145098144017902
T. cristatus,1,800,25,400,0.7920809213235316,43.06744376887184,50.18669128417969,0.4955371756448382,2.1611356353795417
T. cristatus,1,800,30,250,1.7399051892190842,73.6053825888906,90.0094223022461,0.31814526665929566,1.9871182761387172
T. cristatus,1,800,31,250,1.532918443514852,66.49479560253621,80.19745635986328,0.3587764543834408,2.029866208414489
T. cristatus,1,800,32,250,1.1589426951960529,59.486275970402005,70.26972961425781,0.3893014058904242,2.062643583696059
T. cristatus,1,800,33,250,0.706841898722749,52.31486192969002,60.15899658203125,0.41675027133279013,2.092844877095922
T. cristatus,1,800,34,250,0.14587406019303284,45.52169366525682,50.200775146484375,0.44200689465438814,2.117775671689582
T. cristatus,1,800,39,150,0.8586797001646443,77.92131487689629,90.1022186279297,0.2747707727900311,1.9290403861766827
T. cristatus,1,800,40,150,0.4799860944820998,71.553356486161,80.240753173828125,0.3104881244500607,1.9717237868851516
T. cristatus,1,800,41,150,0.27656964678423235,63.55959952902205,70.30023193359375,0.3401888603256353,1.9976924724210257
T. cristatus,1,800,42,150,-0.10375597631731853,56.01700528320294,60.18033981323242,0.36316297573503725,2.026952170441975
T. cristatus,1,800,43,150,-0.5465258300940906,48.760302113754925,50.23640441894531,0.38820509742798653,2.054954107237863
T. cristatus,1,800,48,100,0.12284091944460979,82.51363272911402,90.04883575439453,0.2479130305129112,1.8907897624742616
T. cristatus,1,800,49,100,-0.07882968895962644,74.75006500504249,80.27165222167967,0.2760754678583468,1.9295263314803015
T. cristatus,1,800,50,100,-0.31805377328690476,66.82474827158643,70.37454986572266,0.29883942166304134,1.9610836597896704
T. cristatus,1,800,51,100,-0.573074821145577,58.600794272135225,60.25393295288086,0.32596696784758417,1.9938779827531543
T. cristatus,1,800,52,100,-0.8593183588516095,50.58581320251505,50.33924865722656,0.35155064784907475,2.017234181043459
F. angustifolia,2,200,4,1500,5.512516783160418,71.35482396058178,89.88452911376953,0.8656952360060916,2.234254659977553
F. angustifolia,2,200,5,1500,4.70215804681433,64.88587193299766,79.9722900390625,0.9676007510707603,2.288334740706196
F. angustifolia,2,200,6,1500,3.8547690482877996,58.11330233223584,70.1470947265625,1.063340320275565,2.3284167454606215
F. angustifolia,2,200,7,1500,2.7682704020976083,51.27434594024581,60.07379150390625,1.1569887075725889,2.3665384812653065
F. angustifolia,2,200,8,1500,1.8140179973329826,43.940702519913536,50.15401077270508,1.2238944288018183,2.396805258897424
F. angustifolia,2,200,21,400,2.383017463312419,82.74738044464634,95.762054443359375,0.5731331429036493,2.09852322455011
F. angustifolia,2,200,22,400,2.0604102170306926,76.4727721037175,87.192779541015625,0.6560847536503025,2.14704092430335
F. angustifolia,2,200,23,400,1.565862016758727,70.22258898723479,78.671295166015625,0.7144639644539521,2.1798445487526767
F. angustifolia,2,200,24,400,1.3359676126856712,62.31529386436448,69.454986572265625,0.7749756999863244,2.2133386938498587
F. angustifolia,2,200,25,400,0.6229322944862157,55.360917890082035,60.04200744628906,0.8173001084957127,2.2381382736042577
F. angustifolia,2,200,30,250,1.520237850818171,84.12201069405319,96.35975646972656,0.39631695651179893,1.9724550768111513
F. angustifolia,2,200,31,250,1.1862203866362115,77.61831500027296,87.533599853515625,0.4247773436860274,1.9924808953675677
F. angustifolia,2,200,32,250,0.6292354751239319,72.07822601106963,78.9114761352539,0.4573362831707681,2.0145676283391367
F. angustifolia,2,200,33,250,0.22860476145434605,65.12114237541634,69.788238525390625,0.49058149284899055,2.0358461218692536
F. angustifolia,2,200,34,250,-0.38648420243653314,58.72317855808177,60.586631774902344,0.5318985035698323,2.059684810583043
F. angustifolia,2,200,39,150,0.12458101147121392,88.51723182683223,95.7146224975586,0.1894728212489928,1.7758781221701063
F. angustifolia,2,200,40,150,0.19347489986383637,80.9238437501014,87.22532653808594,0.28029779730532794,1.8615808105790783
F. angustifolia,2,200,41,150,-0.4237402066572606,76.5536257282244,78.78099060058594,0.3686334986361858,1.93546859388554
F. angustifolia,2,200,42,150,-0.635004912324194,68.72595579312902,69.78204345703125,0.43735288165147573,1.9885430492099985
F. angustifolia,2,200,43,150,-1.019372119730893,61.25697593065775,60.578311920166016,0.4916511666181408,2.0299800041493583
F. angustifolia,2,200,48,100,-0.38119060905951985,93.92699777822841,96.8895492553711,0.2658639992669617,1.8408125375618984
F. angustifolia,2,200,49,100,-0.5836730974687908,86.78476655486271,88.38237762451172,0.32173609032288064,1.8881244196367917
F. angustifolia,2,200,50,100,-0.7420515677630428,78.79437771295486,79.45892333984375,0.37182947072331246,1.9289382604787824
F. angustifolia,2,200,51,100,-0.9767777807010779,70.89866452990707,70.3433609008789,0.41007767562438546,1.962453699337144
F. angustifolia,2,200,52,100,-1.234044208565887,62.97593480030759,61.120338439941406,0.43846597031819,1.9843618609195113
F. angustifolia,4,800,4,1500,3.0658061434157347,67.77053928134117,89.91981506347656,0.3512616852619711,2.139839992059453
F. angustifolia,4,800,5,1500,2.686447012621136,61.4180017813453,79.90455627441406,0.3845300622796928,2.1807281684437765
F. angustifolia,4,800,6,1500,2.1555805627353424,55.44611428343889,69.91573333740234,0.42105414746392184,2.2252962952175586
F. angustifolia,4,800,7,1500,1.5964913756908332,49.306773890027074,60.05668640136719,0.4608486435169646,2.265716618812265
F. angustifolia,4,800,8,1500,0.758462782412983,43.66466378939988,49.944541931152344,0.49682606284610575,2.304152025343821
F. angustifolia,4,800,21,400,0.7513085239792952,78.10204512794816,85.95513916015625,0.46119284751509915,2.238440170496644
F. angustifolia,4,800,22,400,0.290872590442909,71.71099023530452,77.01981353759767,0.4822709296909663,2.2547673713383265
F. angustifolia,4,800,23,400,-0.31315688931211494,65.84929349765241,68.15023040771484,0.5039968824331406,2.2747309125416213
F. angustifolia,4,800,24,400,-0.8939576103526037,59.084622515656214,58.60773849487305,0.523438123152045,2.293196855038157
F. angustifolia,4,800,25,400,-1.4560336648975416,52.20774825143701,49.17247009277344,0.5466258210910284,2.3116103913944097
F. angustifolia,4,800,30,250,-0.06318399610939132,82.85515112895168,86.91138458251953,0.5254770021885204,2.2985687620665556
F. angustifolia,4,800,31,250,-0.4625180413515171,76.04509946479112,78.10008239746094,0.5279800800515914,2.298205839699003
F. angustifolia,4,800,32,250,-0.9368226348771963,69.03668721517043,68.8009262084961,0.5384527232251246,2.305652511403401
F. angustifolia,4,800,33,250,-1.4151844754834533,61.554104259983056,59.03156661987305,0.5462881544357722,2.308238380732087
F. angustifolia,4,800,34,250,-1.929292613445691,54.42319458919464,49.53017807006836,0.5515838493780351,2.320421992974705
F. angustifolia,4,800,39,150,-0.8459553325787696,87.9650286681041,88.33148193359375,0.42011915786118015,2.2126232162471866
F. angustifolia,4,800,40,150,-1.4411213697774554,81.00157961915342,78.11737823486328,0.4236690934272364,2.2234223251724323
F. angustifolia,4,800,41,150,-1.8494416540799574,74.03973996801336,68.9627456665039,0.4352879379238486,2.241023298517801
F. angustifolia,4,800,42,150,-2.0998328158785586,65.93827521806668,59.41065216064453,0.441619059549985,2.2593198756319186
F. angustifolia,4,800,43,150,-2.3898664580321256,58.03839216515125,49.95272445678711,0.4503232452845274,2.2841402922766285
F. angustifolia,4,800,48,100,-1.5928970997942542,92.98714591277037,87.30535888671875,0.2882973793837271,2.1380961733963777
F. angustifolia,4,800,49,100,-1.8610801197488074,85.77262089348834,78.3966064453125,0.30245735713298716,2.1642822372881927
F. angustifolia,4,800,50,100,-2.12008349992828,77.97391512497279,69.02754974365234,0.31625448094052383,2.1897868212356406
F. angustifolia,4,800,51,100,-2.2683749744408193,69.2060586746451,59.45987701416016,0.33186080522387246,2.214127051106858
F. angustifolia,4,800,52,100,-2.3502016838772564,60.41895618483484,49.79264831542969,0.33353049402662804,2.195243813064677
T. cristatus,3,200,4,1500,7.457136031930979,55.94172650903554,89.97757720947266,0.5377315997557217,1.6058154605364323
T. cristatus,3,200,5,1500,6.950334299206012,51.288272640058835,79.9030532836914,0.6268628867489079,1.6907891976153768
T. cristatus,3,200,6,1500,5.74228637370136,46.15227517568693,69.94532775878906,0.6380015110692628,1.701981331706047
T. cristatus,3,200,7,1500,4.467459827042036,40.38476198144376,59.90251541137695,0.6147889604188815,1.6840641667023302
T. cristatus,3,200,8,1500,3.352128036414208,34.307258900718665,50.03929901123047,0.5839992064901379,1.6588050049772718
T. cristatus,3,200,21,400,3.966756662537565,69.34898672764831,93.2095947265625,0.4370751446885748,1.4761971872431896
T. cristatus,3,200,22,400,3.506716758865673,64.22938038464743,83.35260009765625,0.5195310456054237,1.563096291370064
T. cristatus,3,200,23,400,2.81730512939181,58.45212513291403,73.76603698730469,0.5579468427789563,1.6010580242136785
T. cristatus,3,200,24,400,2.0171982761265195,51.83789896702197,63.37488555908203,0.5817025333730046,1.6079722215309813
T. cristatus,3,200,25,400,1.3806109230253263,44.4942154604151,53.25758361816406,0.5892055837213144,1.625885203609243
T. cristatus,3,200,30,250,2.3930164739098387,71.69010874769702,92.65979766845702,0.30604851210848655,1.2994430034251492
T. cristatus,3,200,31,250,2.261772675253238,65.54951002759631,82.84004211425781,0.3740760259246068,1.3856250459025614
T. cristatus,3,200,32,250,1.8920428013923085,59.2379759098848,73.2492446899414,0.41686842065943425,1.4388639279947677
T. cristatus,3,200,33,250,1.1869382643301958,53.04949119588457,62.961727142333984,0.44219492320150666,1.4657135321968964
T. cristatus,3,200,34,250,0.6638085328184344,46.147406880478535,53.16832733154297,0.4565315680186652,1.4801127686102264
T. cristatus,3,200,39,150,1.1963019154244996,76.17995758855254,92.9547119140625,0.2231553238838629,1.1692259113554613
T. cristatus,3,200,40,150,0.9364326431131492,70.65414684877587,83.2812271118164,0.2740130216052552,1.24310978014837
T. cristatus,3,200,41,150,0.6135670997171181,64.07373432594294,73.24205780029298,0.3243331565712439,1.3104235179163806
T. cristatus,3,200,42,150,0.2516554983050949,56.8289118663107,63.15672302246094,0.3605569927177132,1.3565736054451407
T. cristatus,3,200,43,150,-0.15392800150659358,49.533328809341846,53.1967887878418,0.38693067781113866,1.386854817780113
T. cristatus,3,200,48,100,0.3468109737191948,80.56996937806869,91.36476135253906,0.1904523025296498,1.1672259601850818
T. cristatus,3,200,49,100,0.18164535750790678,73.54870535461485,81.5783920288086,0.23318143306497857,1.2564903254071396
T. cristatus,3,200,50,100,0.0023632743357144825,65.86162591106097,71.63761901855469,0.2821403196042435,1.3443191438890063
T. cristatus,3,200,51,100,-0.37723974072050187,58.603990972753216,61.47412109375,0.3208121146164393,1.4080096419324837
T. cristatus,3,200,52,100,-0.6602717211084136,50.6290322903645,51.51588821411133,0.34925725352167286,1.4472897754261358
T. cristatus,4,800,4,1500,4.941484669454086,55.238152248948346,90.0582275390625,0.3120509488447967,1.7482961870204887
T. cristatus,4,800,5,1500,4.101683199693124,50.45149650015469,80.0691146850586,0.31165040266819194,1.7452575437378255
T. cristatus,4,800,6,1500,2.4381869798978406,46.25310550321933,70.12606048583984,0.2398951355409783,1.668897933642802
T. cristatus,4,800,7,1500,1.6313227165392614,41.92837770125065,59.991268157958984,0.23222643014117533,1.6582309991529764
T. cristatus,4,800,8,1500,1.2247028074892152,35.881771403066246,50.0894775390625,0.2414515489753597,1.6626726567528676
T. cristatus,4,800,21,400,2.713704172436185,65.55490394420174,84.75311279296875,0.372722465175107,1.7303861151823805
T. cristatus,4,800,22,400,2.3089495621101657,60.472315400060594,76.1328125,0.41528440960065544,1.762524743021233
T. cristatus,4,800,23,400,1.7273513164029932,55.012914571647435,67.23682403564453,0.4395175228187549,1.7805310459111934
T. cristatus,4,800,24,400,1.042086570438958,49.21383289509653,57.97769927978515,0.4498043236308567,1.784482118101092
T. cristatus,4,800,25,400,0.4475152899437445,42.78377316703192,48.645381927490234,0.4498423486300284,1.7798148936907818
T. cristatus,4,800,30,250,1.6402401839514278,67.67588475668832,85.724578857421875,0.25341316316400425,1.5713073424761532
T. cristatus,4,800,31,250,1.2759452300225473,62.2710390724046,76.9547348022461,0.26623387708142904,1.5808565052284176
T. cristatus,4,800,32,250,0.8060495789893694,56.89042744603038,67.8194580078125,0.2770704512607687,1.589109387838063
T. cristatus,4,800,33,250,0.4146248809797978,50.502832962048934,58.39940643310547,0.2849460396401602,1.5907837728286247
T. cristatus,4,800,34,250,-0.20454258928708802,45.396043072835155,49.0048942565918,0.2924403736504399,1.5937287340315234
T. cristatus,4,800,39,150,0.3097184067701141,74.3587886406757,84.5673599243164,0.19164439647485568,1.4599025260240306
T. cristatus,4,800,40,150,0.27134219572148904,67.06191001217734,75.91397857666016,0.21840789931132837,1.4857500118969038
T. cristatus,4,800,41,150,-0.10448153602822541,61.604284963118346,66.85411834716797,0.24644444066136265,1.510613736290921
T. cristatus,4,800,42,150,-0.5059239035280757,55.61311146148474,57.702938079833984,0.26580659640370435,1.5293299498269337
T. cristatus,4,800,43,150,-0.6384163209657954,47.68254795020872,48.60763168334961,0.2862459521057546,1.5440631308103694
T. cristatus,4,800,48,100,-0.28788721754230734,79.69221069119016,84.5777359008789,0.20073304804341305,1.423064881383747
T. cristatus,4,800,49,100,-0.4945070785136513,73.30035695266743,76.1490707397461,0.22864536778141953,1.4499466022427951
T. cristatus,4,800,50,100,-0.650076118734588,65.64772831921294,67.1302719116211,0.25516681763146537,1.4771640708207852
T. cristatus,4,800,51,100,-0.86515401687426,58.12819315371489,57.966548919677734,0.2769770780379175,1.4976981773701628
T. cristatus,4,800,52,100,-1.045672760842087,50.13083015275471,48.65741729736328,0.2947476690511087,1.5160722323530351
S. laxum,4,800,4,1500,2.034763152747524,71.87963544221142,89.96822357177734,0.2912347385740676,2.2282358667149817
S. laxum,4,800,5,1500,1.6831243977651091,63.7675405682794,80.2659683227539,0.2708335959531864,2.2169178846767754
S. laxum,4,800,6,1500,0.736246399522535,59.58729481700364,69.99825286865234,0.25348369602994597,2.2073741900461026
S. laxum,4,800,7,1500,0.09983275058996988,54.17153081310382,59.91804885864258,0.24705563120145552,2.204736394018517
S. laxum,4,800,8,1500,-0.42738561920684703,48.352025113322995,50.04059219360352,0.242377882933805,2.203097541796742
S. laxum,4,800,21,400,1.036295370139697,72.51198966119601,84.81294250488281,0.2717538649040818,2.2158152643193314
S. laxum,4,800,22,400,0.5089103284042844,66.30152854532948,75.81989288330078,0.2326256603050538,2.187668172661506
S. laxum,4,800,23,400,0.1674460431827069,59.78480618655156,66.8763198852539,0.20940610188866113,2.1636515295460415
S. laxum,4,800,24,400,-0.2943078537467284,54.48279866956781,57.52351760864258,0.19517365160643715,2.14702494941614
S. laxum,4,800,25,400,-0.8305945973494231,50.222478162180835,48.1365966796875,0.1879362200048451,2.138881266837416
S. laxum,4,800,30,250,0.37982621986308035,73.41800084133217,85.60045623779298,0.1398726096357203,2.0837367253303527
S. laxum,4,800,31,250,0.13973422679575515,68.99239184824597,76.8736801147461,0.1764702192475691,2.1196446507153452
S. laxum,4,800,32,250,-0.24329649820411414,63.486988409666225,67.48834991455078,0.1700191831994422,2.115539283059057
S. laxum,4,800,33,250,-0.436742945366762,56.086720547087744,57.88029861450195,0.1476250456187708,2.095377761296375
S. laxum,4,800,34,250,-0.9615180704751186,53.52092856963623,48.45024108886719,0.13361891022331007,2.07980687356228
S. laxum,4,800,39,150,-0.015971080631253298,74.99518442666285,84.928558349609375,0.0870751609851218,2.023629773573193
S. laxum,4,800,40,150,-0.17991083472479333,70.6335717207303,76.50354766845702,0.11125649567349127,2.0465719348652636
S. laxum,4,800,41,150,-0.49596246308156383,66.19745430305939,67.343505859375,0.12722055170869698,2.0610245432257654
S. laxum,4,800,42,150,-0.6330377399636877,58.87695384169294,58.044532775878906,0.12852194474368864,2.0605997703998584
S. laxum,4,800,43,150,-0.9955549485245581,54.86049472012448,48.60370635986328,0.12022695819529244,2.050165403416337
S. laxum,4,800,48,100,-0.19003568200576,77.44354504298842,85.7860107421875,0.0584519942061933,1.9693601569156165
S. laxum,4,800,49,100,-0.5028853156692409,76.46478360617736,76.8514633178711,0.0770259069831322,1.98815674152087
S. laxum,4,800,50,100,-0.5151378648032695,67.16473816057149,67.53376770019531,0.09222799574344824,2.0011686719188875
S. laxum,4,800,51,100,-0.7894446621898095,62.23511386139887,58.047119140625,0.10009489203584658,2.007384488292213
S. laxum,4,800,52,100,-1.0490990722718876,57.10990761220302,48.57417297363281,0.1013327794483565,2.0068430335719896
T. forrestii,3,200,4,1500,2.91805275406391,74.57522652944682,90.04705810546875,0.5752307459130421,1.8320876392864736
T. forrestii,3,200,5,1500,2.1107802104576834,68.54787069615297,79.99171447753906,0.6532664154509304,1.8752075755711848
T. forrestii,3,200,6,1500,1.1385280951163779,62.305364416979955,69.94831848144531,0.722194339905294,1.9075241839340888
T. forrestii,3,200,7,1500,-0.06637774940531188,56.047405912251726,59.82022857666016,0.7810882751919996,1.9469588508762536
T. forrestii,3,200,8,1500,-1.135044795309139,49.38341628630488,49.97929763793945,0.838915409207696,1.976824248236677
T. forrestii,3,200,21,400,1.393451004583725,81.56763721994234,91.56208038330078,0.6099867607964936,1.8327502277869645
T. forrestii,3,200,22,400,0.6883832675405341,74.85524187862286,81.75745391845702,0.7127058114817848,1.8979598879611876
T. forrestii,3,200,23,400,0.09229277248256773,67.11697269847198,71.755157470703125,0.7922407929557862,1.9387353953704296
T. forrestii,3,200,24,400,-0.32624046563734416,58.63469969266364,61.63556671142578,0.8677901896628905,1.954715994912258
T. forrestii,3,200,25,400,-1.6718589757545135,52.20209923461922,51.754024505615234,0.9295416646385828,2.026083848562004
T. forrestii,3,200,30,250,0.7983796776523313,83.75882749345405,91.50090026855469,0.6777124489294787,1.8798493180007936
T. forrestii,3,200,31,250,0.3059886297982336,76.08662225042727,81.7837905883789,0.7416423367433046,1.9147218950832612
T. forrestii,3,200,32,250,-0.18429373726973475,67.98904239337773,71.87541198730469,0.795176809284558,1.9440071521107456
T. forrestii,3,200,33,250,-0.7100568705447885,59.62246170928598,61.722854614257805,0.8530830691527219,1.9719165342714404
T. forrestii,3,200,34,250,-1.5134765874253446,51.88481451355917,51.69627380371094,0.9045903253448746,2.0078666697198058
T. forrestii,3,200,39,150,-0.05159374102918257,85.80079154323435,91.494537353515625,0.47776494704183586,1.7686827456514584
T. forrestii,3,200,40,150,-0.3123761498719112,77.51965871441054,81.67095184326172,0.5587587139502632,1.820397170693264
T. forrestii,3,200,41,150,-0.4377410618515975,68.62859475577167,71.81014251708984,0.6423436011673674,1.8530256252038528
T. forrestii,3,200,42,150,-1.791143199679843,62.62215122715591,61.72396087646485,0.6957297708133912,1.943962127941835
T. forrestii,3,200,43,150,-1.2109064860270464,51.36234652080967,51.59104537963867,0.7545883654887052,1.9115799476003157
T. forrestii,3,200,48,100,-0.3798233672243647,87.13477233698379,91.53339385986328,0.44082846914530394,1.7475435493537517
T. forrestii,3,200,49,100,-0.7455899332499354,79.21496166725076,81.84330749511719,0.530613484257915,1.8113267296296107
T. forrestii,3,200,50,100,-1.3754757526728438,71.58718314806158,71.717529296875,0.5530325828117443,1.8412179406192737
T. forrestii,3,200,51,100,-0.9958921233112956,60.69306619344286,61.71501159667969,0.6453216144247874,1.856569580197247
T. forrestii,3,200,52,100,-1.8493585697407604,53.432167551475395,51.76093673706055,0.6750414917774749,1.9200023386156393
T. forrestii,4,800,4,1500,2.92509529391377,74.70158159399372,90.21320343017578,0.556741808999093,2.0131030706125026
T. forrestii,4,800,5,1500,1.67313655676441,69.723996856970345,80.024169921875,0.5992687447706249,2.038003308904066
T. forrestii,4,800,6,1500,0.5661471288622835,63.91017342414311,70.00769805908203,0.639127128550643,2.061793972015992
T. forrestii,4,800,7,1500,-0.5365012080491677,57.728728310212254,60.00820541381836,0.6699203853821482,2.0821512379071794
T. forrestii,4,800,8,1500,-1.5960987958519501,51.11498710021825,49.984188079833984,0.7211227431898333,2.1082127761512384
T. forrestii,4,800,21,400,0.5624037075658339,75.5438872177913,83.744537353515625,0.40325122370357946,1.9299453585930169
T. forrestii,4,800,22,400,0.26081342129485313,68.50476032991881,74.89202117919922,0.4206586732964227,1.9425604590021688
T. forrestii,4,800,23,400,-0.3378823266937062,62.77753691040862,66.17725372314453,0.43898786028529513,1.9545249137562932
T. forrestii,4,800,24,400,-0.8767973915153142,56.05428855753253,56.8670768737793,0.4542035648012685,1.9647654187164296
T. forrestii,4,800,25,400,-1.4281678565047997,49.03031806733439,47.341655731201165,0.4749097238198962,1.976076817678404
T. forrestii,4,800,30,250,0.4382148837675175,75.87179783732233,83.87907409667967,0.3660216027219408,1.9006002712686167
T. forrestii,4,800,31,250,-0.10829105052478494,70.25351241624828,75.11747741699219,0.38762735452382746,1.9137714377735684
T. forrestii,4,800,32,250,-0.335142411963761,62.7630188342349,66.19463348388672,0.408912977317938,1.9266095724669867
T. forrestii,4,800,33,250,-0.8752384403461879,56.11704361409019,56.811676025390625,0.421923638953667,1.9344210261351693
T. forrestii,4,800,34,250,-1.2094049106480846,48.46839516170608,47.47483444213867,0.442547630656365,1.9463628539924105
T. forrestii,4,800,39,150,0.3702363581326226,76.37960462921728,83.9881362915039,0.37125600025205574,1.903667553028063
T. forrestii,4,800,40,150,-0.45911234764128933,72.2480524528405,75.4463882446289,0.3872632759569668,1.9127734556404177
T. forrestii,4,800,41,150,-1.0886685961002522,66.35229110845185,66.3635482788086,0.4062339895016808,1.9266566056963057
T. forrestii,4,800,42,150,-1.1036044826666545,57.374195138450474,57.0693244934082,0.41524573255998687,1.936521406716958
T. forrestii,4,800,43,150,-1.5820631398489762,50.31833785891198,47.64213562011719,0.4271020182518353,1.9425846963557267
T. forrestii,4,800,48,100,-0.3617136708275878,80.3714922673485,84.39702606201172,0.34875325215329733,1.884029913014936
T. forrestii,4,800,49,100,-0.6656003289762437,73.51115242854488,75.69429779052734,0.3578350819150281,1.8919629413160144
T. forrestii,4,800,50,100,-0.8389150183450697,65.4552071450244,66.5357437133789,0.3759826130831194,1.9072404467166053
T. forrestii,4,800,51,100,-1.28382167373963,58.45683177267153,57.15235900878906,0.387427660895497,1.9167275767893153
T. forrestii,4,800,52,100,-1.41840538425888,50.06949335706488,47.82917404174805,0.39115587052176265,1.9182257113380912
F. angustifolia,3,200,4,1500,7.0386075650947575,62.053038623556176,90.06620788574219,0.734743759892634,2.4220436340696323
F. angustifolia,3,200,5,1500,6.281988756495933,56.8556212422684,80.00440979003906,0.8539578982182435,2.521821535088122
F. angustifolia,3,200,6,1500,5.35757000258423,51.08875038665921,69.85032653808594,0.9594554982133555,2.5832893370740933
F. angustifolia,3,200,7,1500,4.348974191510272,45.0652377218809,59.91716384887695,1.0446013186171563,2.623177931616374
F. angustifolia,3,200,8,1500,3.3127794658764262,38.74061035382709,50.02775573730469,1.115675742529751,2.6538383371531964
F. angustifolia,3,200,21,400,3.8683930538649745,70.89318439926194,89.3251724243164,0.6496157868926606,2.353207389114861
F. angustifolia,3,200,22,400,3.210471537463956,64.85170812772792,79.52655029296875,0.7373217072372013,2.4343382317794604
F. angustifolia,3,200,23,400,2.474274100097836,58.265602664404085,69.4994888305664,0.8148162144231789,2.483927440347412
F. angustifolia,3,200,24,400,1.6707699744239535,51.45928834928068,59.415260314941406,0.8928793226665767,2.5250270332615763
F. angustifolia,3,200,25,400,0.7665320401920038,44.578493957509274,49.3828010559082,0.9458526487732652,2.582149848627785
F. angustifolia,3,200,30,250,2.461348867109121,75.70896450561638,89.06585693359375,0.6434601080793199,2.3537849399433473
F. angustifolia,3,200,31,250,2.0090571877482977,68.51348991224367,79.34334564208984,0.7029486070126042,2.3986352812722327
F. angustifolia,3,200,32,250,1.335911876950255,61.45924131086109,69.376953125,0.7496278430640452,2.4485830066552445
F. angustifolia,3,200,33,250,0.7938259998387361,53.65819366362173,59.219181060791016,0.7959558917484851,2.4694531196971075
F. angustifolia,3,200,34,250,0.047505728690583615,46.497341945274776,49.25518035888672,0.8438520159033851,2.506503754364967
F. angustifolia,3,200,39,150,1.148069629850709,78.12379108117739,88.98200225830078,0.38672563821020056,2.0954886125916965
F. angustifolia,3,200,40,150,0.8405124282597197,71.42856571074527,79.29512023925781,0.491685767973567,2.209649160049841
F. angustifolia,3,200,41,150,0.4300462166879257,64.11101319148666,69.37571716308594,0.593178763222305,2.3057728859189375
F. angustifolia,3,200,42,150,-0.05006819754135805,56.2500352900581,59.2237548828125,0.659978993535213,2.3744556983321963
F. angustifolia,3,200,43,150,-0.5268709186442533,48.330750318752294,49.22393798828125,0.7105793486506096,2.409743667092582
F. angustifolia,3,200,48,100,0.4312339782048822,80.59641990492162,89.03009796142578,0.2579690082770212,1.9340903181504692
F. angustifolia,3,200,49,100,0.17252418708433143,74.02501607748627,79.38047790527344,0.37052145066711306,2.0862674707960105
F. angustifolia,3,200,50,100,-0.13013952764610542,66.24397324119477,69.415679931640625,0.4918816708897518,2.2294953757494804
F. angustifolia,3,200,51,100,-0.4780949157376061,57.97212161726189,59.294132232666016,0.559517919082353,2.3016386560496613
F. angustifolia,3,200,52,100,-0.7636815781778996,49.42072048892609,49.29091262817382,0.5982612732258625,2.33737898792341
S. laxum,3,200,4,1500,2.3913547560414963,73.54479953399752,90.11226654052734,0.4281455835487608,2.267013075977069
S. laxum,3,200,5,1500,2.0411033096313203,66.64666030629411,80.14794921875,0.4831607141989509,2.3209484028503065
S. laxum,3,200,6,1500,1.0560164967443149,60.70958054992676,70.057159423828125,0.43900513307127104,2.289871442516087
S. laxum,3,200,7,1500,0.30449024895643545,54.31330343623037,60.0526237487793,0.3993539387329708,2.2585869221552275
S. laxum,3,200,8,1500,-0.5030920302531542,48.57032565762467,49.832374572753906,0.38195414851957293,2.239218628645991
S. laxum,3,200,21,400,1.2626409009689952,71.72696458210791,84.98310089111328,0.30884478420302663,2.175958905375461
S. laxum,3,200,22,400,0.9348500929411308,65.71252980695434,76.45826721191406,0.3170254331350612,2.18712603434395
S. laxum,3,200,23,400,0.4072032262590242,59.50174322873373,67.11388397216797,0.28949029751391536,2.159159191414743
S. laxum,3,200,24,400,-0.18714989852718872,54.398135021315646,57.93871307373047,0.25908910506071864,2.1244617656453193
S. laxum,3,200,25,400,-0.6322709800892109,48.66023951085225,48.51746368408203,0.22893435810458607,2.090604163249023
S. laxum,3,200,30,250,0.24562483774636173,72.50580436956331,86.27208709716797,0.0950797001599696,1.8897146240813307
S. laxum,3,200,31,250,0.23232612053869184,67.27255130542744,77.52567291259767,0.13930423065416886,1.9681982414877277
S. laxum,3,200,32,250,0.11215572995038647,61.049490105416496,68.278778076171875,0.18100184274694167,2.0329769288825337
S. laxum,3,200,33,250,-0.24358902611300956,55.35867562985506,58.7603645324707,0.19812731152587415,2.068549132506727
S. laxum,3,200,34,250,-0.5682746014064928,49.33363729446464,49.47674560546875,0.19824092019225423,2.0665770515000186
S. laxum,3,200,39,150,0.2911429233427494,72.85965265360763,86.00727844238281,0.10984617387775358,1.9452325299928344
S. laxum,3,200,40,150,0.20127704694284054,68.22926282041713,77.292877197265625,0.1581639633587773,2.0236211303314193
S. laxum,3,200,41,150,-0.12838846563075396,63.24354417591806,67.99018096923828,0.1912992795614853,2.077727542414185
S. laxum,3,200,42,150,-0.40914619243868533,56.66950307695206,58.50040817260742,0.1960108631001433,2.0852826237734554
S. laxum,3,200,43,150,-0.7472645025408176,50.76239816334153,49.065189361572266,0.18556285959903507,2.074296703954023
S. laxum,3,200,48,100,0.093839952464643,74.81410338258299,85.634246826171875,0.097990643418706,1.9472783807210072
S. laxum,3,200,49,100,-0.15268042484113198,71.47867729956089,76.885101318359375,0.13941546386640988,2.0193236543481032
S. laxum,3,200,50,100,-0.2786410061194767,64.39544091655819,67.78998565673828,0.17150732323197793,2.0707524400978583
S. laxum,3,200,51,100,-0.46092319845557567,57.050198248903406,58.322509765625,0.1775116685220423,2.083421239206393
S. laxum,3,200,52,100,-0.7062824904254245,50.614657948960534,48.98677444458008,0.16695168739248867,2.0715345164044994
T. forrestii,3,800,4,1500,1.6810365789472739,79.14415484208341,90.00493621826172,0.6176386605371399,2.2987639935527113
T. forrestii,3,800,5,1500,0.5705788246041572,73.43363686927246,79.907501220703125,0.7450152398020112,2.3370028598132193
T. forrestii,3,800,6,1500,-1.2596460502947402,68.35373650669288,69.85234069824219,0.8738398951357949,2.376952942485383
T. forrestii,3,800,7,1500,-2.2313330238676143,60.78725836894652,59.90221405029297,0.9561123963275138,2.389500120247656
T. forrestii,3,800,8,1500,-2.9384928581657523,52.202801860254915,49.90983200073242,1.1017831827655775,2.4128125448702775
T. forrestii,3,800,21,400,1.4179604251011146,81.31972083822563,89.03480529785156,0.9993607057487184,2.315776206854105
T. forrestii,3,800,22,400,0.4563884958928336,73.97219656858906,79.21795654296875,1.1040235100749247,2.350937457677355
T. forrestii,3,800,23,400,-0.3856483502643282,66.04948400988984,69.25202941894531,1.251187496428128,2.3840269063093
T. forrestii,3,800,24,400,-1.5544164726844252,58.25378821739777,59.11815643310547,1.3037211522989582,2.396678465655059
T. forrestii,3,800,25,400,-2.7151767424748807,50.36479875796768,49.12550354003906,1.4454598424361629,2.4201014777226373
T. forrestii,3,800,30,250,0.3869477370517437,82.7680251515156,88.78477478027344,0.84787935434904,2.212449920610408
T. forrestii,3,800,31,250,-0.09697534362732496,74.5441962980255,78.995361328125,0.9653120935492568,2.2369579602855376
T. forrestii,3,800,32,250,-0.7766569982762477,66.36779032101116,69.0630874633789,1.0152146304507257,2.2392994909768458
T. forrestii,3,800,33,250,-1.7936004615292118,58.49005495172508,58.86355972290039,1.088076588573652,2.246281781829719
T. forrestii,3,800,34,250,-2.5564274778548857,50.38708062309912,48.88949203491211,1.0575199580515315,2.2261385364062294
T. forrestii,3,800,39,150,-0.5798409346996563,83.05345558755383,88.692596435546875,0.20422511035367785,1.8830691234117547
T. forrestii,3,800,40,150,-0.833321231772485,75.6912957596688,78.94632720947266,0.29184702877172486,1.917674950712826
T. forrestii,3,800,41,150,-1.528902170281007,69.38257070293938,69.05690002441406,0.3773238903624034,1.9483836474796408
T. forrestii,3,800,42,150,-2.066632422312822,61.09285709492923,58.99312210083008,0.4797643537706748,1.985150198800562
T. forrestii,3,800,43,150,-2.424268847039683,51.954265243474275,48.99156188964844,0.5726406278649819,2.017392559870379
T. forrestii,3,800,48,100,-1.1249634760262774,88.38033207496943,88.78541564941406,0.14571152972084866,1.8194087826914185
T. forrestii,3,800,49,100,-1.5468086627433877,81.37477830197587,78.852996826171875,0.20016876534174963,1.8440154789765075
T. forrestii,3,800,50,100,-1.5581583029475459,70.39730584319774,69.03245544433594,0.27892489375448754,1.8785566589187368
T. forrestii,3,800,51,100,-1.9887266550031817,61.802332764487794,58.88203811645508,0.36052356626982657,1.912864171833382
T. forrestii,3,800,52,100,-2.5099926152657206,53.447972184001344,48.91779708862305,0.4410829015020334,1.9423102498370717
T. forrestii,4,200,4,1500,1.2947192934973923,78.04200993609227,89.97679138183594,0.45886437295518995,2.333374663882074
T. forrestii,4,200,5,1500,1.9089690454581223,67.22957451180059,79.9798126220703,0.5215282187762691,2.3387797615384915
T. forrestii,4,200,6,1500,0.05487929007812853,64.04728920650497,70.0714111328125,0.5267041362855676,2.339252727959538
T. forrestii,4,200,7,1500,-0.9636327339109416,57.725198463760854,59.98057556152344,0.5686797888436079,2.350203282238988
T. forrestii,4,200,8,1500,-2.266225314110283,51.95501054670354,50.03023910522461,0.622744832851364,2.3630957830157424
T. forrestii,4,200,21,400,0.25927270540326286,80.87892103702984,88.59227752685547,0.4579478731050151,2.2461676507216186
T. forrestii,4,200,22,400,0.009570621149419756,72.70278743231329,78.84125518798828,0.5192356416849713,2.264071481984138
T. forrestii,4,200,23,400,-0.9280148008537725,66.44566810654065,69.067657470703125,0.5546944799578748,2.275216137491836
T. forrestii,4,200,24,400,-2.262125112091697,60.34166465528892,58.67740249633789,0.625999261270103,2.2932934547801413
T. forrestii,4,200,25,400,-2.856307577060562,52.10314445656213,48.79438400268555,0.6873915105240531,2.305427628711448
T. forrestii,4,200,30,250,-0.2892562849250677,83.3124830447821,88.52821350097656,0.573145879355239,2.2696532426553313
T. forrestii,4,200,31,250,-0.5643217690757056,74.82340341403592,78.7647476196289,0.6299154288520493,2.283693797521366
T. forrestii,4,200,32,250,-1.3141778592645184,67.28496804562994,68.78063201904297,0.6952928108095637,2.2990426711868497
T. forrestii,4,200,33,250,-2.182028609868693,59.5902150263654,58.75122833251953,0.7838531961374425,2.3230818133387947
T. forrestii,4,200,34,250,-3.0954297611369084,51.86776405026987,48.7110710144043,0.8324730065868235,2.333350485989504
T. forrestii,4,200,39,150,-1.1068830965652185,85.93069110904518,88.50132751464844,0.5668259305448584,2.2536577108246276
T. forrestii,4,200,40,150,-1.1399423756351523,76.51155830047212,78.74980926513672,0.6399908045624807,2.271878140320594
T. forrestii,4,200,41,150,-1.9905251621194646,69.06214878807965,68.77525329589844,0.70394205924923825,2.290075626233593
T. forrestii,4,200,42,150,-2.2199630403628197,59.67325748696265,58.6732177734375,0.7619823278493333,2.3016106425957403
T. forrestii,4,200,43,150,-2.7072566518025667,51.02313517937149,48.752906799316406,0.8187513973917168,2.314541192171935
T. forrestii,4,200,48,100,-1.796881308878567,88.1987303227204,88.568389892578125,0.5586281146864505,2.2436660753215256
T. forrestii,4,200,49,100,-1.9513028392376104,78.81108071627082,78.58309173583984,0.6081198368064534,2.255023179910553
T. forrestii,4,200,50,100,-2.251861282306648,69.94943041878855,68.783447265625,0.6637241472094746,2.26825509173068
T. forrestii,4,200,51,100,-2.679664615659477,61.41494832461754,59.00276947021485,0.7006450282218029,2.2805955079961424
T. forrestii,4,200,52,100,-3.1389374229898737,52.322546901684554,48.78986740112305,0.7705368708652364,2.296655512249941
T. cristatus,3,800,4,1500,4.827874355891525,63.1965071149195,89.63800811767578,0.4312266444090134,2.3760119198230094
T. cristatus,3,800,5,1500,4.26448746991349,58.867247363032114,80.06890106201172,0.5026051037005661,2.4196119531214206
T. cristatus,3,800,6,1500,3.3411945632128774,53.525274543642944,69.83255767822266,0.5423641714231254,2.4334830334055297
T. cristatus,3,800,7,1500,2.787253361483309,46.2123668523208,59.90781784057618,0.5555553919795236,2.4370759235921433
T. cristatus,3,800,8,1500,1.946110090615577,39.40237114259206,50.030364990234375,0.5336124310207231,2.443244589894952
T. cristatus,3,800,21,400,2.928805725156773,66.7487656868741,85.74181365966797,0.3915971530327335,2.2875881433021568
T. cristatus,3,800,22,400,2.6408610224264666,60.95245431697076,76.9486083984375,0.4384368097552475,2.315272392921601
T. cristatus,3,800,23,400,1.9716550476063872,55.73420022451924,68.02266693115234,0.4642296395421956,2.333839209879516
T. cristatus,3,800,24,400,1.4339086949401323,49.01708677011773,58.53416442871094,0.4790643262222942,2.3414678985637147
T. cristatus,3,800,25,400,0.9486152480776002,42.47206223356172,49.66560745239258,0.48228868966673955,2.3394501297581884
T. cristatus,3,800,30,250,1.8811622375878483,68.70669617413637,85.76618194580078,0.288858581921678,2.1593446454056684
T. cristatus,3,800,31,250,1.7194208441177945,62.79515383673905,77.470550537109375,0.320958872626331,2.1856389673083614
T. cristatus,3,800,32,250,1.3260886886079577,57.00550764287581,68.55304718017578,0.3435243944952364,2.195385304651063
T. cristatus,3,800,33,250,0.8666902537949959,50.69362635777962,59.24679946899414,0.362141308866286,2.219718383725674
T. cristatus,3,800,34,250,0.42374863660516354,43.72406297089985,49.85422897338867,0.35197050768101035,2.224480187588779
T. cristatus,3,800,39,150,0.7757801845797114,74.66634030604966,86.14842987060547,0.2372479352165863,2.0696224845740945
T. cristatus,3,800,40,150,0.588606474836922,67.65884902747854,77.31853485107422,0.25037292870100974,2.094722107135225
T. cristatus,3,800,41,150,0.44876664455745674,60.68972661290593,68.35877990722656,0.2817005539840887,2.103613762607798
T. cristatus,3,800,42,150,0.037998170358906846,54.40785981232326,59.2254638671875,0.29006357797311966,2.1287852828313336
T. cristatus,3,800,43,150,-0.2634198901225683,47.40912648085267,49.87093734741211,0.31533792338148553,2.128456398869021
T. cristatus,3,800,48,100,0.0016000189351941252,79.49495604545245,85.78498077392578,0.20209739174656113,2.0055027298490167
T. cristatus,3,800,49,100,-0.05639646433980777,72.01033190354669,77.08253479003906,0.2274186084097421,2.0094011865682115
T. cristatus,3,800,50,100,-0.17632684695851636,64.28367353201949,68.25090789794922,0.2426564691717795,2.0376190047981217
T. cristatus,3,800,51,100,-0.4213637130852564,57.2180512668196,58.97418975830078,0.26069438289370184,2.033177199391357
T. cristatus,3,800,52,100,-0.6435261083658006,49.55966864536267,49.68277359008789,0.27769025694867894,2.0573643375051325
T. cristatus,4,200,4,1500,5.266345410623456,61.410537689169665,89.80574035644531,0.4338315391948081,1.998475803183348
T. cristatus,4,200,5,1500,5.301966044993069,55.71396900308855,79.833526611328125,0.5374719438988285,2.0685419782103565
T. cristatus,4,200,6,1500,4.442000347036459,51.012304975946655,69.953857421875,0.6067602696855366,2.1037368966302745
T. cristatus,4,200,7,1500,3.5598533191082358,44.95824810021347,59.92522430419922,0.6517747973348711,2.134866120709572
T. cristatus,4,200,8,1500,2.6380352253214605,38.37275572943602,49.85482406616211,0.6745711748010511,2.148536970929505
T. cristatus,4,200,21,400,2.9914974457482786,72.36897114714459,91.8501205444336,0.40359446206470495,1.996076527299592
T. cristatus,4,200,22,400,2.6761595764834265,66.02570591413327,82.04759216308594,0.4658917384650409,2.033566153500171
T. cristatus,4,200,23,400,2.1195346397547623,59.46147784805995,72.12512969970702,0.5085759840799073,2.058718793206848
T. cristatus,4,200,24,400,1.4687313928828245,52.47554530203319,61.9742546081543,0.5399720549580009,2.0786434629423014
T. cristatus,4,200,25,400,0.7945672323699736,45.3563038870496,51.965301513671875,0.5560155003370456,2.0882467590857994
T. cristatus,4,200,30,250,1.6393704962347384,74.76935309154693,91.72930908203124,0.2786979719113065,1.905029327009528
T. cristatus,4,200,31,250,1.4039589215836112,68.38000668674535,81.91705322265625,0.3278392733259416,1.940389674399412
T. cristatus,4,200,32,250,0.986833450873084,62.035494744853295,71.99468231201172,0.3794566644531974,1.9776986707338364
T. cristatus,4,200,33,250,0.3994437175303125,55.36800587722461,61.83732223510742,0.4127708365228075,1.999740650905267
T. cristatus,4,200,34,250,0.0051683320378719255,47.61251133133534,51.849388122558594,0.4376151803241253,2.014363277213095
T. cristatus,4,200,39,150,0.5452173960978874,80.21144159119268,91.85216522216797,0.21710115641087951,1.8471618345249443
T. cristatus,4,200,40,150,0.2635623253106456,73.70148760607799,82.05119323730469,0.25701024361982594,1.8844914721602108
T. cristatus,4,200,41,150,-0.08263674568044521,66.84116193111421,72.119049072265625,0.3024150202769151,1.9192678103235812
T. cristatus,4,200,42,150,-0.3767004535147428,58.87443074821099,61.9971809387207,0.3410141553492416,1.946977615126816
T. cristatus,4,200,43,150,-0.7413863378186353,51.09068260640301,52.03860855102539,0.37703222940698267,1.9718936667462696
T. cristatus,4,200,48,100,-0.2892398857892854,86.46628664718338,91.66499328613281,0.19708896656796504,1.8243809764371837
T. cristatus,4,200,49,100,-0.2974806767741437,77.30912385620539,81.88968658447266,0.23423046870465333,1.8527782220776716
T. cristatus,4,200,50,100,-0.3981093924875621,68.51159580865955,71.95918273925781,0.2758793405609545,1.8862993849340128
T. cristatus,4,200,51,100,-0.7446944816890367,60.83420037485722,61.89970779418945,0.3138281704954449,1.9145468253927536
T. cristatus,4,200,52,100,-1.2649646663179186,53.82294609228525,51.96590423583984,0.34765788439249357,1.940261084551588
S. laxum,3,800,4,1500,1.8652612232527126,75.82107532884577,90.14299011230469,0.3935309446881683,2.539623691714791
S. laxum,3,800,5,1500,1.2821872263057663,69.74096597376784,80.01702880859375,0.4429814418548846,2.5829044176335447
S. laxum,3,800,6,1500,0.5936488133436513,62.95681913706844,69.94056701660156,0.42173484174430387,2.5766036851624667
S. laxum,3,800,7,1500,-0.15787901623819528,56.81280163688295,59.95896911621094,0.39513069574085474,2.563864718356155
S. laxum,3,800,8,1500,-0.6014341567871142,49.4633653601458,50.05033493041992,0.3796304145226021,2.5578937264143025
S. laxum,3,800,21,400,0.8727126458444654,74.22045185854576,85.15520477294922,0.28449528418319475,2.479671059806977
S. laxum,3,800,22,400,0.5761392070639404,67.83258471599285,76.53519439697266,0.28741245665121046,2.4873387403938687
S. laxum,3,800,23,400,0.09923834094714618,61.86026395717025,67.26416015625,0.27978499108715477,2.4804175929827035
S. laxum,3,800,24,400,-0.33181905028640496,55.67240281798426,57.961307525634766,0.2826514780786601,2.4919640273805124
S. laxum,3,800,25,400,-0.7369330915666702,49.438525053505245,48.822269439697266,0.2956034391002498,2.4965376683585347
S. laxum,3,800,30,250,-0.19116565087636125,78.57645151103452,85.16613006591797,0.07726719439062342,2.2440163008705714
S. laxum,3,800,31,250,-0.1798589785688211,70.75946106382153,76.35811614990233,0.10730678495898144,2.2869230312785365
S. laxum,3,800,32,250,-0.22800633835516534,63.230691259885695,67.37489318847656,0.139760945489715,2.3349385834409624
S. laxum,3,800,33,250,-0.5560294973486205,57.73967444746052,57.95775604248047,0.17247613321585345,2.3787460564541836
S. laxum,3,800,34,250,-0.9434577520603382,52.122880699393576,48.614013671875,0.19068647901406785,2.401964311504882
S. laxum,3,800,39,150,-0.22686897758638958,78.2266881734325,85.72618103027344,0.04829194991146359,2.225404171684233
S. laxum,3,800,40,150,-0.6474320843680232,81.11082812787105,76.65343475341797,0.06413113861310354,2.2520673978772683
S. laxum,3,800,41,150,-1.1467577646675704,80.03981819518644,67.41804504394531,0.08578438509520296,2.285202999102068
S. laxum,3,800,42,150,-0.7974526555578022,62.39131661119137,57.97354507446289,0.10874442208595445,2.320990304594394
S. laxum,3,800,43,150,-1.2719966262671865,58.72231343125086,48.71596908569336,0.12907546089994928,2.350620419745086
S. laxum,3,800,48,100,-0.45090230047884683,86.2638433426182,85.4281997680664,0.037431434625064264,2.2425023047010617
S. laxum,3,800,49,100,-0.35149708005555386,73.70687710047099,77.036651611328125,0.04747951923776469,2.2607041704548756
S. laxum,3,800,50,100,-0.6019836342644647,71.67675796669353,67.97088623046875,0.06028412038614056,2.282783005233505
S. laxum,3,800,51,100,-1.0429440714657714,70.57789513750653,58.35311126708984,0.07621047685123047,2.3077068952831907
S. laxum,3,800,52,100,-0.45462936991786596,48.519616819699955,49.15426254272461,0.09158043789184059,2.3350552521098873
S. laxum,4,200,4,1500,1.0693637201189221,75.33204301531168,89.8561248779297,0.2371300759004954,2.2400234528068976
S. laxum,4,200,5,1500,1.0165366740041328,67.63990956546553,79.98921966552734,0.27250394076111323,2.2600555068246613
S. laxum,4,200,6,1500,0.49831655836205685,61.79270851108164,70.11458587646484,0.2832846794254379,2.2834689770706027
S. laxum,4,200,7,1500,-0.00774609819945693,55.285899242588776,59.972782135009766,0.28537284879926145,2.30127966356471
S. laxum,4,200,8,1500,-0.7722994015242879,50.44601118942082,49.9052848815918,0.2745855418344628,2.33780428935017
S. laxum,4,200,21,400,0.3928737852014374,78.50293024649503,90.00849914550781,0.1581615906776711,2.282564296645549
S. laxum,4,200,22,400,0.20166750712564713,71.51498478037236,80.15345764160156,0.17361664676808186,2.3099304574551205
S. laxum,4,200,23,400,0.04929684608627011,63.61695460752331,70.61560821533203,0.17197232543110108,2.327693881334373
S. laxum,4,200,24,400,-0.39860882393703717,58.038323038844474,60.05244827270508,0.1785964398070672,2.3277158815291186
S. laxum,4,200,25,400,-0.6375016637251718,50.672734284807404,50.0738639831543,0.17502311163040124,2.3342383164941567
S. laxum,4,200,30,250,0.08370344979664551,78.21413734090937,90.13092803955078,0.08498372707948462,2.2534676038748587
S. laxum,4,200,31,250,-0.1044475284838367,72.84731301497807,79.93318939208984,0.10512036072118158,2.2853817780176904
S. laxum,4,200,32,250,-0.35168712059774665,66.91239311492079,69.862396240234375,0.11156930940796687,2.301968927283422
S. laxum,4,200,33,250,-0.45609096193700904,58.79118341144826,59.99357604980469,0.1129358693163621,2.310210178919151
S. laxum,4,200,34,250,-0.8235624040146493,54.91694814884078,50.21512222290039,0.10915832483880795,2.310087611178795
S. laxum,4,200,39,150,-0.32008776607178724,85.44964266652623,90.03916931152344,0.05008410243356696,2.255414872740308
S. laxum,4,200,40,150,-0.3334370207010457,76.4414108663226,80.27928161621094,0.06350367725318845,2.279723526269081
S. laxum,4,200,41,150,-0.48362395822434423,70.1639254258521,70.32471466064453,0.072474373175913,2.2968526214188896
S. laxum,4,200,42,150,-0.6819513343940082,64.17122207181943,60.20351791381836,0.07718812365798755,2.3142947387920576
S. laxum,4,200,43,150,-0.8607149672921717,57.68312715620178,50.17796325683594,0.0818177463461125,2.318547977113354
S. laxum,4,200,48,100,-0.5005221187098238,92.24504594762001,89.97856903076172,0.0395496929449579,2.2831390691032865
S. laxum,4,200,49,100,-0.4487001894241444,79.5815555423817,80.14362335205078,0.04800127317832502,2.3042682012772273
S. laxum,4,200,50,100,-0.6264481872382567,74.46133001044173,70.173797607421875,0.05803550161832908,2.318160178993581
S. laxum,4,200,51,100,-0.7248408366695919,66.15395390430939,60.01968765258789,0.06541434942249705,2.3316478407735413
S. laxum,4,200,52,100,-0.8858477520837016,59.17910200728824,50.050167083740234,0.07258315151457395,2.3450636216116982
F. angustifolia,3,800,4,1500,3.672842216829142,68.3939291917045,90.03778076171875,0.42601682647069167,2.1953873230202587
F. angustifolia,3,800,5,1500,3.189305752959976,62.56591290126275,79.93269348144531,0.48712101889776693,2.254909359926314
F. angustifolia,3,800,6,1500,2.6492772050428037,56.167200708526025,69.92427825927734,0.54229383569028,2.3133668088375123
F. angustifolia,3,800,7,1500,1.9475066250245354,50.09559414754571,60.1594352722168,0.5948609985599869,2.360372111808887
F. angustifolia,3,800,8,1500,1.2113450664666114,43.25318597990304,49.948856353759766,0.6408012491778655,2.3956971842561035
F. angustifolia,3,800,21,400,1.598918442907093,73.3847167190318,85.45403289794922,0.385710179031339,2.337601211827743
F. angustifolia,3,800,22,400,0.8164935229344802,68.25482992271274,75.610015869140625,0.4166729376539606,2.358374328422884
F. angustifolia,3,800,23,400,0.22905067424622505,62.222312750113026,66.36425018310547,0.4478692039620574,2.3969624975075714
F. angustifolia,3,800,24,400,-0.6460807189897353,57.18320915794016,57.162322998046875,0.4807808807783625,2.434618112975353
F. angustifolia,3,800,25,400,-0.966094704383337,49.326779060583966,47.78261184692382,0.511828799172103,2.470749318622198
F. angustifolia,3,800,30,250,0.7558385661091166,77.74142841341576,84.99321746826172,0.4310009813374058,2.4464372299725072
F. angustifolia,3,800,31,250,0.4159140547240622,70.97998900505334,76.28197479248047,0.446079072593121,2.4652461428157983
F. angustifolia,3,800,32,250,-0.08786710130565187,64.45545113557651,67.14612579345703,0.4602675669791595,2.481317213177943
F. angustifolia,3,800,33,250,-0.6858732344033442,57.98492410700348,57.76107025146485,0.47609553778345687,2.4991370025254582
F. angustifolia,3,800,34,250,-1.1324304759040544,50.762856634930706,48.37555313110352,0.49252117007242013,2.5109164156804327
F. angustifolia,3,800,39,150,0.0764336455250769,80.87670827525695,85.05912780761719,0.34714895313731925,2.4262284979256803
F. angustifolia,3,800,40,150,-0.4428131636648157,75.3427227244535,76.4073715209961,0.3543276109737857,2.442487825115808
F. angustifolia,3,800,41,150,-0.8801247521941626,68.89134492003315,67.3408432006836,0.36581505341741294,2.4547372493095465
F. angustifolia,3,800,42,150,-1.0155237904398244,60.494357491170206,58.04035568237305,0.3758329846721703,2.4724957629012643
F. angustifolia,3,800,43,150,-1.115007298833855,51.87034838710558,48.70811462402344,0.3835006581249676,2.4919349104256834
F. angustifolia,3,800,48,100,-0.49821003774051964,84.8228055934219,84.704559326171875,0.2021537381123032,2.3558914274610143
F. angustifolia,3,800,49,100,-1.2595570147350599,82.26658018276446,75.772796630859375,0.21786353788161825,2.379052626173536
F. angustifolia,3,800,50,100,-0.8844796424681809,70.55426801607788,67.13553619384766,0.22978823143067612,2.3960369141599367
F. angustifolia,3,800,51,100,-0.757896490542797,60.45375844300115,57.98062896728515,0.2399412458892936,2.419057693244526
F. angustifolia,3,800,52,100,-1.3694939862780002,55.488602156264456,48.466495513916016,0.25292861696775165,2.435988329368469
F. angustifolia,4,200,4,1500,4.350540913977044,60.46731853134609,89.8982925415039,0.32015516277092126,2.352596730315941
F. angustifolia,4,200,5,1500,3.936790768554222,55.864411411792275,80.0757827758789,0.369686459164347,2.438291246516892
F. angustifolia,4,200,6,1500,3.584639410946356,50.830692993790635,70.03986358642578,0.4444221472892493,2.4834601754411123
F. angustifolia,4,200,7,1500,3.029800892885907,45.41268337923186,60.100154876708984,0.5223751847442216,2.542909955185736
F. angustifolia,4,200,8,1500,2.2416369498884494,40.134981215427345,50.15273666381836,0.6266081331957332,2.6083533259123213
F. angustifolia,4,200,21,400,2.3029973403783206,69.0664590130648,89.49463653564453,0.2564442737237156,2.4975900414239733
F. angustifolia,4,200,22,400,1.9969904585576475,63.84512473309126,79.6718521118164,0.3041835042447909,2.5354446954338345
F. angustifolia,4,200,23,400,1.432497764105957,58.76648364931721,69.65928649902344,0.35559628230303564,2.582085664146871
F. angustifolia,4,200,24,400,0.9495162660889094,52.130028443788426,59.48186492919922,0.4064456075870703,2.6179528308281443
F. angustifolia,4,200,25,400,0.46465618736721964,45.148242556204494,49.562129974365234,0.46138550621300534,2.6536522102796294
F. angustifolia,4,200,30,250,1.6917288707679443,72.43660493083641,89.319427490234375,0.23892071088101097,2.5326042843193863
F. angustifolia,4,200,31,250,1.2666539413289395,67.10570920202922,79.492431640625,0.2683356239569255,2.56231987802824
F. angustifolia,4,200,32,250,0.9431921598075889,60.42878343182657,69.543121337890625,0.30248079254821947,2.585794128171983
F. angustifolia,4,200,33,250,0.43228112833797827,54.14490004998232,59.450660705566406,0.3421741559587072,2.6149593944719527
F. angustifolia,4,200,34,250,-0.03427187397626788,47.07781553679308,49.439022064208984,0.3795148383111316,2.641482472694828
F. angustifolia,4,200,39,150,0.7752067456945216,75.67166773933181,89.25775909423828,0.15342264846929385,2.502058817555677
F. angustifolia,4,200,40,150,0.5112491873490133,69.94391567199546,79.41651916503906,0.1746575520384068,2.523006268315512
F. angustifolia,4,200,41,150,0.29398375613176797,62.94294749917112,69.50951385498047,0.1957179188689834,2.543120445069246
F. angustifolia,4,200,42,150,-0.0034602602900756785,55.98566798081352,59.42237091064453,0.21913194315806597,2.5621093266700337
F. angustifolia,4,200,43,150,-0.4388047038004394,49.58717846628064,49.43296813964844,0.24366158597801824,2.5883145781166386
F. angustifolia,4,200,48,100,0.1365909643930506,81.15020552487032,89.33789825439453,0.10165450205020216,2.4973963704213964
F. angustifolia,4,200,49,100,-0.0448056893413018,74.84234874122897,79.55174255371094,0.11388417708658168,2.5142481176731963
F. angustifolia,4,200,50,100,-0.3067187948983584,68.84560943361261,69.5851058959961,0.12511346240253188,2.5290560444108268
F. angustifolia,4,200,51,100,-0.4758168077607675,60.960819752070115,59.44697952270508,0.13632813076851605,2.5449803533859523
F. angustifolia,4,200,52,100,-0.6920697419230529,53.539418843809734,49.49171447753906,0.14719277579941856,2.5595016253533833
T. cristatus,6,800,4,1500,2.5624251720552254,65.6998850565087,90.095916748046875,0.25116458815513204,2.541873826530893
T. cristatus,6,800,5,1500,2.4076194590219187,59.834225570592835,80.04314422607422,0.29956002407689925,2.606108837896332
T. cristatus,6,800,6,1500,1.9881225366761013,55.364769717594214,70.03852844238281,0.3709190761894998,2.6357372621787656
T. cristatus,6,800,7,1500,1.624808650749494,47.68909211234012,59.85653305053711,0.3888560627860108,2.679513948073145
T. cristatus,6,800,8,1500,0.9518934901446889,41.97244581874568,49.99778747558594,0.4169321171314917,2.69229174645331
T. cristatus,6,800,21,400,1.8540724504244288,66.6621293087403,83.76795959472656,0.2859613890821503,2.617195294518766
T. cristatus,6,800,22,400,1.4115635940426436,61.566547147724705,74.7922134399414,0.3083436417593056,2.636799241687113
T. cristatus,6,800,23,400,1.239698987885857,54.832440038938046,66.21834564208984,0.3316837445601959,2.661725110206753
T. cristatus,6,800,24,400,0.8908762136780699,48.08185159706902,57.01567459106445,0.34577723413246325,2.692482766426663
T. cristatus,6,800,25,400,0.37629865229389103,41.917186250599215,47.68141555786133,0.3468285016592469,2.6947116104464803
T. cristatus,6,800,30,250,1.1164685971413777,70.05895257238545,84.27954864501953,0.22970618368139772,2.576427548116335
T. cristatus,6,800,31,250,0.7250759418164839,64.65343623782448,75.0238037109375,0.25045660826012656,2.6167314167268194
T. cristatus,6,800,32,250,0.7899484935189279,56.29103617863602,66.40260314941406,0.2673391333479119,2.6268769686882294
T. cristatus,6,800,33,250,0.5586867329437621,49.619965126475776,57.28055191040039,0.300262143045265,2.657235104953812
T. cristatus,6,800,34,250,0.17719244117247268,42.843305797786954,47.90221405029297,0.3028772801366554,2.6803133331688587
T. cristatus,6,800,39,150,0.42057320454507197,74.17579512987388,83.72188568115236,0.1958232691824379,2.547268123407208
T. cristatus,6,800,40,150,0.15486583614683125,68.2694768252346,75.11090850830078,0.20609122364120244,2.5731417916475765
T. cristatus,6,800,41,150,0.043305895530726723,60.869974570762665,66.271881103515625,0.22357868159448047,2.591260225171893
T. cristatus,6,800,42,150,-0.328934506836409,54.86032937943394,56.822967529296875,0.25710490989984597,2.59954014020109
T. cristatus,6,800,43,150,-0.7323730367861758,48.21739843114692,47.2106819152832,0.2558809184103037,2.6363616538348142
T. cristatus,6,800,48,100,-0.31484827634696644,80.71241192053019,83.6944351196289,0.17079132100458233,2.533567439113045
T. cristatus,6,800,49,100,-0.4166543539210954,73.32294104852323,75.12639617919922,0.16953818489528638,2.5402364385614637
T. cristatus,6,800,50,100,-0.4974925447940172,65.47344741100953,66.199310302734375,0.19964811862720988,2.5475937108900397
T. cristatus,6,800,51,100,-0.5240803465573198,56.583442352647566,57.07133102416992,0.20634069319442408,2.576904809061205
T. cristatus,6,800,52,100,-0.9256094634361387,50.75086361627293,47.63165664672851,0.2124448455228803,2.583988150957244
T. cristatus,6,200,4,1500,4.888285818209555,61.09859202571906,90.0242919921875,0.4057137197621374,2.7325015924584295
T. cristatus,6,200,5,1500,4.603684891838584,54.31189158538958,80.04041290283203,0.4401645246549431,2.7697785412509695
T. cristatus,6,200,6,1500,4.003287183641187,49.20628043278113,70.087158203125,0.4949877190315445,2.807458870360191
T. cristatus,6,200,7,1500,2.95058873227218,43.72268477516669,59.873348236083984,0.49887197150678886,2.8265814782953385
T. cristatus,6,200,8,1500,2.1788634315257025,37.66342477968934,49.866756439208984,0.5263961890254997,2.8466013386887643
T. cristatus,6,200,21,400,2.3443219900756516,70.76962893403878,89.3160171508789,0.3364338233185892,2.6760537861436897
T. cristatus,6,200,22,400,2.0439901358679737,63.894487768963266,79.4896011352539,0.3676065723047864,2.703488852979979
T. cristatus,6,200,23,400,1.4721164558288276,57.7583223745027,69.50360870361328,0.39505879313453546,2.727990747725358
T. cristatus,6,200,24,400,1.0328769031206422,50.42917483731959,59.3659553527832,0.4199167295035569,2.748919695425778
T. cristatus,6,200,25,400,0.5753555080722133,43.06526479637856,49.38511657714844,0.4406063294105272,2.7669621487287803
T. cristatus,6,200,30,250,1.3215094514532413,75.86344875251226,89.1937255859375,0.3146819732812209,2.6554743052996783
T. cristatus,6,200,31,250,1.1459798531170922,67.79000557595698,79.46508026123047,0.3314454742939317,2.680564975640562
T. cristatus,6,200,32,250,0.8121664198612508,60.56862697943173,69.55320739746094,0.3615579428162153,2.707567645874733
T. cristatus,6,200,33,250,0.369965015716068,53.43402633760769,59.395118713378906,0.4010613120683392,2.735431143078487
T. cristatus,6,200,34,250,-0.11480563273667477,46.11860558408644,49.36136245727539,0.4212843360221385,2.7532779011719684
T. cristatus,6,200,39,150,0.24927788333764228,81.66498440645046,89.185791015625,0.2732788174913511,2.6226388540905465
T. cristatus,6,200,40,150,0.1316800277065449,72.98413712004015,79.37818908691406,0.2849301206905538,2.6423408428562105
T. cristatus,6,200,41,150,-0.09028873535064758,64.91260317927151,69.4449691772461,0.30532019109096276,2.6616470900312996
T. cristatus,6,200,42,150,-0.37368055546815415,56.851442160883714,59.31239700317382,0.3328646629618335,2.686609701974623
T. cristatus,6,200,43,150,-0.7463622493225486,49.20554244955047,49.3249397277832,0.3449757674366149,2.703174844976369
T. cristatus,6,200,48,100,-0.38569840717762477,85.74584744448515,89.19368743896484,0.22666650672940653,2.588258340792905
T. cristatus,6,200,49,100,-0.4888323773438879,77.01461262664165,79.4278335571289,0.2477869971365496,2.6147427459994943
T. cristatus,6,200,50,100,-0.6812080450763431,68.62315290848002,69.46351623535156,0.2691445752095372,2.6377321193897516
T. cristatus,6,200,51,100,-0.9091788329263168,60.13358645976693,59.32448959350586,0.2963781443706413,2.658200241214363
T. cristatus,6,200,52,100,-1.150588502654368,51.7015589145181,49.32601547241211,0.31777209296811254,2.676911953811534
