Species,Plant,GrowthCO2ppm,Obs,PARi,Photo,Ci,CO2R,Cond,vp_kPa
H. aturensis,1,200,1,1500,24.126991759297002,282.4029179081108,400.14501953125,0.4974617254908933,2.769712556008599
H. aturensis,1,200,2,1500,18.557217392058515,206.54401583512708,300.4588317871094,0.47084148205490406,2.784093016636034
H. aturensis,1,200,3,1500,12.985245542482213,139.29040681997537,201.43736267089844,0.5118659629910524,2.831756805598838
H. aturensis,1,200,4,1500,5.523659434478783,66.81476284842238,92.12618255615236,0.5726212515415026,2.891107671159203
H. aturensis,1,200,5,1500,4.9139552923524175,60.65323959606851,82.252716064453125,0.6160158888996121,2.9346274955340195
H. aturensis,1,200,6,1500,4.122568994003544,53.33687398827326,72.2342758178711,0.5893465389832878,2.9524943303903126
H. aturensis,1,200,7,1500,3.2911121703305324,46.06037829225876,62.06960678100586,0.553127472283344,2.9458147279731204
H. aturensis,1,200,8,1500,2.4865359846723476,38.93982054798319,51.93138885498047,0.5166538453568394,2.91889299983278
H. aturensis,1,200,9,1500,20.684388891388675,272.3557214316178,399.3990478515625,0.3593378373834209,2.8396849386836984
H. aturensis,1,200,10,1500,18.057650311760675,235.16885942582977,399.5929260253906,0.21701101997530697,2.712457489694847
H. aturensis,1,200,11,1500,20.458125132004174,256.47866129891145,399.7677307128906,0.2998735685049456,2.7987288297044435
H. aturensis,1,200,12,1500,26.478223311609526,352.3596784016982,499.6013488769531,0.40862017830269526,2.9037104550805672
H. aturensis,1,200,13,1500,29.626504771638718,446.2854091246876,599.38079833984375,0.45677785423256495,2.937728939591558
H. aturensis,1,200,14,1500,34.37607931061655,700.3231532983438,897.9322509765625,0.40690711570395766,2.931865858011486
H. aturensis,1,200,15,1500,36.24282027066586,942.3044020752948,1195.111572265625,0.3181208689374273,2.860841616749618
H. aturensis,1,200,16,1500,37.206683534071566,1171.8283677010122,1491.7386474609375,0.24566053134897492,2.80293230976873
H. aturensis,1,200,17,1500,16.879153706459693,250.2780236840472,400.2894592285156,0.22467196139814513,2.788226121085696
H. aturensis,1,200,18,400,12.57448825332009,303.6147407125493,400.2667236328125,0.2816661618288302,2.8524424098569
H. aturensis,1,200,19,400,3.343642720301805,86.06468102275667,112.33071136474608,0.2937169611912004,2.850726217009127
H. aturensis,1,200,20,400,3.314731491399344,80.44101523717903,102.5750732421875,0.3648037575725685,2.9100083222369433
H. aturensis,1,200,21,400,3.117475943292257,74.16098001848064,92.28800964355469,0.4460434779841392,2.9654974034267796
H. aturensis,1,200,22,400,2.6826486047101183,67.8676493237557,82.429534912109375,0.5098368035424148,3.0147924450135326
H. aturensis,1,200,23,400,2.2894593494948543,60.46830001651366,72.396942138671875,0.5603368327613636,3.045137896268323
H. aturensis,1,200,24,400,1.713762086621541,53.08198226091199,62.20257186889648,0.5875215162336173,3.0616525263804943
H. aturensis,1,200,25,400,1.1761586926274004,45.41573720030676,52.11574172973633,0.6029933267789518,3.0662347818997513
H. aturensis,1,200,26,400,14.335191888481642,330.414338378805,399.5412292480469,0.5423467235825463,3.034466030076146
H. aturensis,1,200,27,250,9.929090840036324,323.222579559074,399.7467651367187,0.2915624480463938,2.8650326387645326
H. aturensis,1,200,28,250,2.571020218823017,91.55220606258132,112.0386199951172,0.309300196200708,2.8837763903669837
H. aturensis,1,200,29,250,2.6763353771555236,83.6838558651323,102.37586975097656,0.36053511190423426,2.90453653695673
H. aturensis,1,200,30,250,2.347271855623191,77.03187918870066,92.243743896484375,0.41543853581160906,2.9619802438820626
H. aturensis,1,200,31,250,2.0361281768472397,69.68220811032265,82.35443878173828,0.4578312092972548,2.9908119831090736
H. aturensis,1,200,32,250,1.6838460499539054,62.27660959200806,72.3463134765625,0.5058934769684377,2.9917679928792493
H. aturensis,1,200,33,250,1.1141640591973645,54.83948957607508,62.19928741455078,0.511403938272709,3.007145826540291
H. aturensis,1,200,34,250,0.6753692865630759,46.76622983405788,52.11022186279297,0.49783946092950143,3.002868346347648
H. aturensis,1,200,35,250,11.055421210993684,333.72772941566524,399.50689697265625,0.41528605367652033,2.939439332103997
H. aturensis,1,200,36,150,6.690269511136925,310.91659502024504,399.6988220214844,0.1523472622811614,2.707574101359292
H. aturensis,1,200,37,150,1.4880034241887952,91.14183923100369,112.12120819091795,0.16832038377545985,2.7233230691797217
H. aturensis,1,200,38,150,1.5383070244941093,84.89490411967738,102.43846893310548,0.21732877636403256,2.7690811803904363
H. aturensis,1,200,39,150,1.474149896717983,78.2201355186508,92.25657653808594,0.2787549938775152,2.823710467227065
H. aturensis,1,200,40,150,1.1863029307941162,71.8403912884857,82.39808654785156,0.33234909015325936,2.872007235725905
H. aturensis,1,200,41,150,0.9292186333942719,64.29785616419751,72.402252197265625,0.3766619505072034,2.8946381626046787
H. aturensis,1,200,42,150,0.5464669829699265,56.69156771383945,62.2680778503418,0.405280057912246,2.9120902313807164
H. aturensis,1,200,43,150,0.14386250868883355,48.90432550799884,52.20087814331055,0.41377714202737026,2.921045280982944
H. aturensis,1,200,44,150,7.836638276074475,343.7809236697821,399.4876403808594,0.3506735283963779,2.8743714999092043
H. aturensis,1,200,45,100,4.90666109983673,326.12390925099425,399.7137145996094,0.13794932407943142,2.651273014175473
H. aturensis,1,200,46,100,0.8758030589284383,96.42489455781268,112.1577606201172,0.15108636421825958,2.658885677413782
H. aturensis,1,200,47,100,0.9524311380402161,88.57752495254029,102.47699737548828,0.19021187346902893,2.679531333404186
H. aturensis,1,200,48,100,0.7865951095027792,81.79889209694485,92.25760650634764,0.2358381060841901,2.719604696607683
H. aturensis,1,200,49,100,0.675197748429147,74.25734565426845,82.48729705810547,0.28841764574559475,2.7611289362917306
H. aturensis,1,200,50,100,0.4720743086241779,66.29926463716544,72.464630126953125,0.331000619633835,2.794630962573923
H. aturensis,1,200,51,100,0.14283362722738546,58.49230935466757,62.33829498291016,0.3530818632074447,2.8057662039652933
H. aturensis,1,200,52,100,-0.2514038708519586,50.84067945384642,52.27645492553711,0.35942309018362173,2.823930417273223
H. aturensis,1,200,53,100,5.784223614906728,352.21620290673235,399.8008728027344,0.31239202225742374,2.7633305333358296
H. aturensis,2,800,1,1500,17.89986941653422,212.67881091943784,385.2967834472656,0.21093780478793417,2.027680232756946
H. aturensis,2,800,2,1500,14.11020068455529,160.04148761940175,286.8931579589844,0.2306942605781228,2.0934745053668884
H. aturensis,2,800,3,1500,9.913256051625716,110.95621893908238,191.58880615234375,0.26361630168128264,2.1635152048862074
H. aturensis,2,800,4,1500,4.198943111743349,55.11899308057029,88.1795425415039,0.2890303048622237,2.2241794711326657
H. aturensis,2,800,5,1500,3.7763693866570605,49.31411195201485,78.81778717041016,0.2940861241487807,2.258967239298319
H. aturensis,2,800,6,1500,3.177580007854187,44.35020186294692,69.94611358642578,0.287230240653597,2.2650652480192512
H. aturensis,2,800,7,1500,2.5401068937907296,38.520697001011534,60.52408218383789,0.26829486482323367,2.2614449765618483
H. aturensis,2,800,8,1500,1.9867179859707536,32.88965475872337,51.34164047241211,0.25334890847889596,2.2547746946453406
H. aturensis,2,800,9,1500,17.725043645872205,219.59611513512837,384.4333801269531,0.2198105457066808,2.2243820686461695
H. aturensis,2,800,10,1500,14.414713463547903,200.68901919117812,383.94677734375,0.15164376716126832,2.1323911262081814
H. aturensis,2,800,11,1500,13.60354630408943,198.46775536386477,383.16400146484375,0.14083914134024375,2.134712706604696
H. aturensis,2,800,12,1500,18.611316170458714,268.5813962837275,481.8763427734375,0.17075667424837074,2.190465975258936
H. aturensis,2,800,13,1500,22.64485432980472,339.25202873881295,581.78216552734375,0.1854967451619708,2.2367752021571503
H. aturensis,2,800,14,1500,28.589225836228152,542.241906704414,884.5555419921875,0.16345102189815033,2.210070138012277
H. aturensis,2,800,15,1500,29.668319323688273,673.3529560625104,1186.0924072265625,0.1070486642088508,2.133450091132603
H. aturensis,2,800,16,1500,29.694716083778093,796.6102106187723,1484.617431640625,0.07703581088468127,2.088706208928095
H. aturensis,2,800,17,1500,9.374508970698482,190.75780554402584,391.92724609375,0.08480384596620598,2.121067505014711
H. aturensis,2,800,18,400,10.818834100465848,254.57591539539663,391.4147033691406,0.15718220436993952,2.297483585388865
H. aturensis,2,800,19,400,2.3515200629643136,73.30872883498704,105.63688659667967,0.15798871580196677,2.310725517600862
H. aturensis,2,800,20,400,2.4220234382933534,66.2132570075034,96.27599334716797,0.17660935089730753,2.347303510669735
H. aturensis,2,800,21,400,2.2768421451365732,61.233836375442365,87.40187072753906,0.19533860608214168,2.382792909041047
H. aturensis,2,800,22,400,2.024743444490471,55.79093928255246,78.236785888671875,0.2077862491877761,2.4101700054747197
H. aturensis,2,800,23,400,1.6546500385414695,50.555141273509136,69.109619140625,0.21257158050787112,2.426056900295589
H. aturensis,2,800,24,400,1.2734361122432671,44.91615081518389,59.82120513916016,0.2133967507366964,2.4381748982955904
H. aturensis,2,800,25,400,0.8984719041735899,39.244315578668875,50.54596328735352,0.21500488691926647,2.4491635551065847
H. aturensis,2,800,26,400,12.057561294428867,264.63430459882227,383.90325927734375,0.21088938437780996,2.4518751995454076
H. aturensis,2,800,27,250,8.263839252240176,267.57970242307687,383.94146728515625,0.14140641886569874,2.37244056624714
H. aturensis,2,800,28,250,1.888385458866772,78.70129155145817,106.209716796875,0.1537639927708623,2.4000890772889254
H. aturensis,2,800,29,250,1.9036157647176843,72.00827592409125,96.82972717285156,0.17486598511147733,2.4385110028798227
H. aturensis,2,800,30,250,1.7475674158942007,66.83044896453285,88.16749572753906,0.19274276054698777,2.472100994799679
H. aturensis,2,800,31,250,1.4194043792093525,61.63533781930007,78.74947357177734,0.20537251522089237,2.4919593038040766
H. aturensis,2,800,32,250,1.2416117540617313,54.80269590999511,69.70378875732422,0.2120597311301308,2.497022895488102
H. aturensis,2,800,33,250,0.8176489736373113,49.58239941216357,60.39664077758789,0.21519631324823,2.506862713403534
H. aturensis,2,800,34,250,0.4962150738531579,43.38502468686184,51.13248825073242,0.21614289101801387,2.515409572259523
H. aturensis,2,800,35,250,9.390812805256406,287.4761114832167,383.6626892089844,0.20859418797448503,2.5131391818250997
H. aturensis,2,800,36,150,5.936429119492619,292.0843743382947,383.5184326171875,0.13260556694298037,2.419920103193668
H. aturensis,2,800,37,150,1.0591108883057354,86.85552882781667,105.98440551757813,0.13942327432668014,2.4368530541226794
H. aturensis,2,800,38,150,1.1559699421707135,78.38252633289666,97.0044174194336,0.1545803807358537,2.4669209568457444
H. aturensis,2,800,39,150,1.0649100786790318,71.89994349492493,87.94921875,0.1712534808619866,2.4952049961292944
H. aturensis,2,800,40,150,0.8646587256627846,66.06212929027511,78.9040298461914,0.18731190001515372,2.5232525578867353
H. aturensis,2,800,41,150,0.5994229924109349,60.25415174051137,69.85578918457031,0.19911334200517963,2.5451110083824022
H. aturensis,2,800,42,150,0.37831514154227597,53.32181972127454,60.41547775268555,0.20827745145252216,2.5621985895165564
H. aturensis,2,800,43,150,0.013071565134013863,47.624165487424165,51.166500091552734,0.2141865483082682,2.5745695960355808
H. aturensis,2,800,44,150,6.6130456810914815,313.70013876190444,383.9226684570313,0.21224156708831787,2.576541651430962
H. aturensis,2,800,45,100,4.277041920854007,317.80149228990615,383.1005859375,0.14324501878078175,2.491245566870173
H. aturensis,2,800,46,100,0.550627407946853,93.19038520459559,105.4000244140625,0.1461478338966288,2.4996531029766484
H. aturensis,2,800,47,100,0.6459296047648811,84.0306239796674,96.41825103759767,0.15950542937085707,2.510210826393158
H. aturensis,2,800,48,100,0.5662717815276929,77.18100921248396,87.909088134765625,0.17209418028302698,2.525704566804925
H. aturensis,2,800,49,100,0.34781031192723627,70.88380422772713,78.74031829833984,0.1841204360757374,2.54748911081627
H. aturensis,2,800,50,100,0.16547966568119413,63.97746374333096,69.59754180908203,0.19163126339751205,2.571509093825371
H. aturensis,2,800,51,100,0.006641126283508547,56.47396316223107,60.25431823730469,0.19667074924394892,2.5895859816167213
H. aturensis,2,800,52,100,-0.24353176734519832,49.976525157852635,51.17643356323242,0.2003586685360313,2.6160795211313963
H. aturensis,2,800,53,100,4.87209750167756,327.2580315732072,383.7906188964844,0.19941687303600136,2.6337975052437104
H. isocalycia,1,200,1,1500,16.97290260392042,289.6983716749949,400.1522216796875,0.32987780890703816,2.690323940794333
H. isocalycia,1,200,2,1500,13.138033557340185,219.85173413411633,300.80657958984375,0.3559060410716154,2.6996943902427883
H. isocalycia,1,200,3,1500,8.520395590098213,152.46764409469952,201.87420654296875,0.3969225249105454,2.733914414814557
H. isocalycia,1,200,4,1500,2.4368758363945093,77.43516533689724,92.5875701904297,0.436934410293688,2.752216352034899
H. isocalycia,1,200,5,1500,1.9218198490409388,70.7058347652387,82.69026184082033,0.4697593634892606,2.7733159665698186
H. isocalycia,1,200,6,1500,1.4238781309889323,63.17784133178018,72.62688446044922,0.4814529458257448,2.7863588448642984
H. isocalycia,1,200,7,1500,0.8400712664623154,55.934380536946605,62.44400405883789,0.4993568531183693,2.789172208741307
H. isocalycia,1,200,8,1500,0.17469982339275908,48.84466476057872,52.32923889160156,0.49218634726995714,2.778973832398551
H. isocalycia,1,200,9,1500,14.710951569103406,312.5944296347785,399.89849853515625,0.38773038367054213,2.70715090302343
H. isocalycia,1,200,10,1500,13.087548104822302,283.57151355446115,399.8650817871094,0.2289212863054227,2.5633804644751943
H. isocalycia,1,200,11,1500,13.194554613630073,269.6602739637374,399.97952270507807,0.19996853522235744,2.5268438434453855
H. isocalycia,1,200,12,1500,15.153984497942801,322.88536246292836,499.6956481933594,0.1635105305321916,2.4825290840901
H. isocalycia,1,200,13,1500,16.240367901258203,371.72323929788354,599.42718505859375,0.13216368755447358,2.4424834211182316
H. isocalycia,1,200,14,1500,19.466219838014528,550.3771575546806,897.2711181640625,0.1011213626826036,2.402226641966481
H. isocalycia,1,200,15,1500,20.71408849088851,715.5885639848913,1193.586181640625,0.07586838194559332,2.3620929171958704
H. isocalycia,1,200,16,1500,21.9142531243935,861.7556766062427,1488.575927734375,0.05980084178098712,2.335286199344555
H. isocalycia,1,200,17,1500,5.878887426311553,234.69476507956637,400.4445495605469,0.06344263331131922,2.3384017670080066
H. isocalycia,1,200,18,400,7.0418016530070195,236.4987712924012,400.5472717285156,0.07766402352151092,2.335420785211041
H. isocalycia,1,200,19,400,0.9900796367847803,86.6681519476884,112.77423858642578,0.09193100324328221,2.343671046032163
H. isocalycia,1,200,20,400,1.238028662256258,82.21721553167701,103.0066375732422,0.14680943253446832,2.4010930806118993
H. isocalycia,1,200,21,400,1.2133531246091978,76.60793516115224,92.658843994140625,0.2010850944384281,2.4618518727509073
H. isocalycia,1,200,22,400,1.0381843272924538,69.80134518786973,82.80470275878906,0.22786335265298305,2.4808565052954945
H. isocalycia,1,200,23,400,0.6504581736242401,63.469368403438,72.74694061279298,0.24225975145082207,2.4875020427646377
H. isocalycia,1,200,24,400,0.27319775208448865,56.52319950814783,62.59027862548828,0.249636324876097,2.4897429091912637
H. isocalycia,1,200,25,400,-0.09609398321556925,49.419850217549374,52.500755310058594,0.2526436313633184,2.487900261608156
H. isocalycia,1,200,26,400,9.80995539448741,296.0009917915628,399.8767395019531,0.192632525915098,2.4260014176889673
H. isocalycia,1,200,27,250,5.4300464815600025,219.58422274172017,399.9894409179687,0.05334631328159818,2.238804857178009
H. isocalycia,1,200,28,250,0.4869891691483553,88.78087595661388,112.49752044677734,0.06018051424064928,2.243666197822895
H. isocalycia,1,200,29,250,0.6979871174020099,80.90667598683157,102.82579803466795,0.08554709835825396,2.2700982226468622
H. isocalycia,1,200,30,250,0.8553866653106714,74.3530873998085,92.59455871582033,0.125227161577949,2.313380201384425
H. isocalycia,1,200,31,250,0.6340976035532866,70.24673193665657,82.75470733642578,0.16103013048808623,2.3535292644008585
H. isocalycia,1,200,32,250,0.41831220743669717,63.01851149754371,72.70923614501953,0.16710451914686178,2.3571170330064923
H. isocalycia,1,200,33,250,0.08712869080138402,56.638420809831054,62.533668518066406,0.16904494978473245,2.3513700878596575
H. isocalycia,1,200,34,250,-0.30395489682128274,50.87942032988616,52.474388122558594,0.1683006424374105,2.343436894287297
H. isocalycia,1,200,35,250,7.750117696255297,280.95846731978605,399.779052734375,0.12600297786904513,2.2906744303871673
H. isocalycia,1,200,36,150,4.2325263449573685,219.6355257795292,399.9791564941406,0.04143550597739759,2.1647200870663363
H. isocalycia,1,200,37,150,0.25063359998023405,91.47913626879688,112.53250122070313,0.04699241519876659,2.1644629356566294
H. isocalycia,1,200,38,150,0.36390768758453107,84.29089153591181,102.82164764404295,0.06776144909204575,2.1870348601592995
H. isocalycia,1,200,39,150,0.44411123844519457,78.29508902713204,92.7342529296875,0.1051884114750818,2.23065838522173
H. isocalycia,1,200,40,150,0.3734315973216088,71.81680740374063,82.784332275390625,0.13574085720369852,2.2679751121126466
H. isocalycia,1,200,41,150,0.1785840826125789,64.61978839476804,72.70600128173828,0.14034336508233156,2.266855818923766
H. isocalycia,1,200,42,150,-0.13526260170899776,58.54508900846454,62.564579010009766,0.13648420428293584,2.2548820957166753
H. isocalycia,1,200,43,150,-0.43639888506708546,52.554243673675735,52.48025131225586,0.13127787839820013,2.2429169419342654
H. isocalycia,1,200,44,150,5.833393912033392,277.3125039208321,399.7268371582031,0.09037627683322126,2.1869448423209685
H. isocalycia,1,200,45,100,3.1820244628336054,236.39966408460737,399.9671630859375,0.03465669075545383,2.0906707098709303
H. isocalycia,1,200,46,100,-0.07998811454179872,101.36281858704866,112.47483825683594,0.037968317553550616,2.0917940041745897
H. isocalycia,1,200,47,100,0.1407152747494016,87.0481106241669,102.80662536621094,0.053047309310758545,2.1066787402977933
H. isocalycia,1,200,48,100,0.11891786320313047,81.03415895510578,92.6275634765625,0.07579686682023629,2.134398096683901
H. isocalycia,1,200,49,100,0.09529880532574497,73.79276672019175,82.7867202758789,0.10076876458891484,2.1637733117259197
H. isocalycia,1,200,50,100,-0.1343721275591489,68.01969487955007,72.75543212890625,0.11229551455164688,2.174643690987548
H. isocalycia,1,200,51,100,-0.3215220314618121,61.00209866595535,62.64873504638672,0.11055425637473146,2.164385317163935
H. isocalycia,1,200,52,100,-0.48176565571466,53.63881533629982,52.49333572387695,0.10582329857563988,2.153214468723512
H. isocalycia,1,200,53,100,4.325854203030585,284.7757539580932,399.6553649902344,0.07161290214435699,2.0998277032216284
H. isocalycia,2,800,1,1500,16.689161222589185,233.69137008828105,381.70849609375,0.2203519196863513,2.5089549946824556
H. isocalycia,2,800,2,1500,12.259441151405214,179.07578291161047,284.0165100097656,0.23255972446823328,2.5223931957902095
H. isocalycia,2,800,3,1500,7.936282354311938,128.79014058203015,188.3118133544922,0.28049738812058966,2.565113874885588
H. isocalycia,2,800,4,1500,2.0379922457735096,69.36816564374473,85.152496337890625,0.33544612947510416,2.609673413870856
H. isocalycia,2,800,5,1500,1.7162314194920574,63.46313027032775,76.46468353271484,0.3633693793073142,2.632569622053794
H. isocalycia,2,800,6,1500,1.1689122177744746,57.824123670151614,67.65867614746094,0.36466334529900907,2.63324428282358
H. isocalycia,2,800,7,1500,0.4609791573303212,52.45704511837802,58.52779769897461,0.34270940915225356,2.619122668620199
H. isocalycia,2,800,8,1500,-0.15935592054897807,46.97135952466578,49.466941833496094,0.31288627990035983,2.606932169740321
H. isocalycia,2,800,9,1500,16.12848797963886,244.69229377117264,380.4289245605469,0.23575610137778075,2.5281894407649963
H. isocalycia,2,800,10,1500,13.638345562247206,214.84781589437455,380.05657958984375,0.15430425510161802,2.4533883107581933
H. isocalycia,2,800,11,1500,13.84529776392402,210.45576632485785,380.16891479492193,0.15197920192775655,2.452548740785642
H. isocalycia,2,800,12,1500,18.527274954702488,275.6760650261507,478.89300537109375,0.17140719323687686,2.4745282637524215
H. isocalycia,2,800,13,1500,23.096343728044214,339.57546755868447,578.755859375,0.1823985908897483,2.486749665053561
H. isocalycia,2,800,14,1500,29.061288556446588,494.6311505418065,882.59881591796875,0.13632168051200452,2.441680622330925
H. isocalycia,2,800,15,1500,30.63932562625577,582.6974751162088,1184.292236328125,0.08864084929063581,2.39002229435755
H. isocalycia,2,800,16,1500,30.20563409431095,659.9676602714857,1482.3612060546875,0.06204933883671142,2.3599363307659225
H. isocalycia,2,800,17,1500,6.9808505614478715,205.12684576942917,390.260986328125,0.06678238652960533,2.3705250704392093
H. isocalycia,2,800,18,400,11.254630188561414,244.64330053813427,390.3650512695313,0.14524174566576245,2.460596948328457
H. isocalycia,2,800,19,400,1.650884493176425,82.83690759525534,105.31451416015624,0.1744027410317229,2.48956116082269
H. isocalycia,2,800,20,400,1.6580468842710143,77.04916366998935,95.80638122558594,0.21851298129685107,2.531576653031763
H. isocalycia,2,800,21,400,1.4230485553479655,71.48278047263756,86.96944427490233,0.24076572527705137,2.5558521368788933
H. isocalycia,2,800,22,400,0.9481907538835799,65.4501620346124,77.1500015258789,0.2401544216525516,2.557723787239054
H. isocalycia,2,800,23,400,0.547464957774788,59.75574609353954,68.2802963256836,0.2377859549463273,2.5563437959672592
H. isocalycia,2,800,24,400,0.10043250471421439,54.20299467095214,59.104835510253906,0.23830597271257423,2.555844656160625
H. isocalycia,2,800,25,400,-0.39942226628053357,49.081856642812234,49.969818115234375,0.2388477404982406,2.5557732283665975
H. isocalycia,2,800,26,400,12.849725240091894,264.29472478845224,381.16546630859375,0.21963083424368943,2.5396685741148977
H. isocalycia,2,800,27,250,8.097533931909405,234.3671757827642,379.9354248046875,0.10227987832703894,2.4278562382372626
H. isocalycia,2,800,28,250,0.7925052802901384,85.47588630006912,103.9629364013672,0.11853137087350524,2.447967109206002
H. isocalycia,2,800,29,250,0.9658780335630537,76.85850449129603,95.04704284667967,0.14037279619137585,2.471271117072087
H. isocalycia,2,800,30,250,0.8306543598113665,72.0511902576778,86.68812561035156,0.16235666108906596,2.4953541421853007
H. isocalycia,2,800,31,250,0.5322597959762398,67.47075207659357,77.9217300415039,0.1799429216390526,2.5130495984729206
H. isocalycia,2,800,32,250,0.2367198087485637,61.63398636922286,68.75481414794922,0.1896377252225501,2.5235433514390024
H. isocalycia,2,800,33,250,-0.16915808404325247,56.493957846807014,59.565059661865234,0.19535872162063264,2.5268494035603943
H. isocalycia,2,800,34,250,-0.4557435072386004,50.12095916972835,50.41536712646485,0.20106304198601505,2.532322044105182
H. isocalycia,2,800,35,250,10.230812716025397,271.9984775850595,381.2253723144531,0.18513661406203097,2.5183349066774245
H. isocalycia,2,800,36,150,5.907542501789773,248.3098567090514,381.0520935058594,0.08177191872287133,2.4168301249109208
H. isocalycia,2,800,37,150,0.4307212892430802,89.16712584901548,104.52810668945313,0.09745964597376326,2.434470674197306
H. isocalycia,2,800,38,150,0.4624519030031104,82.56027263768972,95.62092590332033,0.12508598218617606,2.463997050984762
H. isocalycia,2,800,39,150,0.5608728705767563,74.86879589673556,87.01509094238281,0.1547554822974128,2.49608865104105
H. isocalycia,2,800,40,150,0.3075428402012293,69.75808703058058,78.21858215332033,0.17303775042477867,2.5147089174352004
H. isocalycia,2,800,41,150,0.06970713782967375,63.56574025217683,69.29005432128906,0.18016729716231397,2.522684355670324
H. isocalycia,2,800,42,150,-0.2963966254668132,58.086498170402614,60.03628158569336,0.1859858896595963,2.5283623656131677
H. isocalycia,2,800,43,150,-0.6791122575414695,52.6825017665928,50.843997955322266,0.18883008133411716,2.5336423346283845
H. isocalycia,2,800,44,150,7.2628781901753525,294.5818744174394,381.3953857421875,0.1698275020327391,2.519063406566391
H. isocalycia,2,800,45,100,4.530855220760737,273.18136123213117,380.8523254394531,0.07912717847321554,2.4202194813039095
H. isocalycia,2,800,46,100,0.14524871680268986,93.36387615638513,104.12493133544922,0.0925123572823306,2.4365330747517437
H. isocalycia,2,800,47,100,0.1291871131941686,86.61955442637408,95.38187408447266,0.11803658860691968,2.463564853796401
H. isocalycia,2,800,48,100,0.1287650396733212,79.16041798867462,86.6545639038086,0.14647614016450636,2.4946233780874607
H. isocalycia,2,800,49,100,-0.0013498251212037404,72.53727862593428,77.97795867919922,0.16350617087932748,2.5130000243386457
H. isocalycia,2,800,50,100,-0.2586666865997405,66.64075383206762,69.1411361694336,0.17196450695302792,2.5217763638383475
H. isocalycia,2,800,51,100,-0.4831274164772991,59.71481141544655,59.782344818115234,0.1759894283879065,2.5276919716536215
H. isocalycia,2,800,52,100,-0.7640186436806817,53.589076754337086,50.67230987548828,0.1773235669573766,2.526540707145061
H. isocalycia,2,800,53,100,5.141253194528593,311.70678692739835,381.179443359375,0.15480127611829875,2.505601132571086
F. sonorensis,1,800,1,1500,27.945618400265356,262.51350130360004,399.93756103515625,0.476640204106365,2.285239506163998
F. sonorensis,1,800,2,1500,20.75736288143686,198.70827167721728,300.14495849609375,0.48438835486196474,2.2915375091764143
F. sonorensis,1,800,3,1500,12.828193473676654,137.5472235798835,199.8928070068359,0.500461126478024,2.3012423524465704
F. sonorensis,1,800,4,1500,3.718890956826783,70.33512094123884,89.9630126953125,0.5230163874197877,2.3170120107727854
F. sonorensis,1,800,5,1500,3.104920636349471,63.76803716363463,79.94157409667967,0.5533723149502124,2.327968245316297
F. sonorensis,1,800,6,1500,2.401582887627646,57.262781287076265,69.96919250488281,0.5807009195083883,2.341804717597552
F. sonorensis,1,800,7,1500,1.5839859618709498,50.9395048011318,59.99885559082031,0.6064219250309196,2.357707577914698
F. sonorensis,1,800,8,1500,0.7659155623912873,44.37757517902303,49.99600601196289,0.6302244142334035,2.3727079942011913
F. sonorensis,1,800,9,1500,29.510138116315137,281.37457010418245,399.9803161621094,0.6429836502866395,2.379710321692546
F. sonorensis,1,800,10,1500,29.700817124280807,279.5245466214402,399.8822326660156,0.6343264456000581,2.3736041085461186
F. sonorensis,1,800,11,1500,29.50362094105357,277.7434997582883,400.1333923339844,0.612408728116246,2.3550089941471524
F. sonorensis,1,800,12,1500,34.94610441635977,348.93264921576645,500.1211853027344,0.5782086221233596,2.3275046201356746
F. sonorensis,1,800,13,1500,38.46569683739765,421.5910937602689,599.96661376953125,0.5280230594997701,2.2876578603857927
F. sonorensis,1,800,14,1500,43.98768824217382,572.8305157693314,799.91192626953125,0.46106686601336905,2.2203607523902176
F. sonorensis,1,800,15,1500,48.83089564905097,857.2185381137562,1150.0113525390625,0.3885501964753723,2.1424974028952564
F. sonorensis,1,800,16,1500,51.12100227563685,1141.8700113917885,1500.2130126953125,0.32370835309719925,2.0606464252122385
F. sonorensis,1,800,17,1500,22.518882490030176,246.02086644341975,399.89163208007807,0.3107064215350453,2.037705463730614
F. sonorensis,1,800,18,400,13.783020705159629,310.1684584300496,402.5807800292969,0.3521094022812432,2.066436042189249
F. sonorensis,1,800,19,400,2.383935994320749,94.03053211077051,113.11603546142578,0.35242168459420536,2.072504229434926
F. sonorensis,1,800,20,400,2.2046466093909234,86.33261846438914,103.29102325439452,0.3767767330719088,2.0902221738274673
F. sonorensis,1,800,21,400,1.807935679964981,79.15706556782179,92.96656036376953,0.4087989281378965,2.1199080296112514
F. sonorensis,1,800,22,400,1.314401696431807,72.3946099170684,83.10350799560547,0.43303137087119986,2.146615580721045
F. sonorensis,1,800,23,400,0.6537754891202052,65.98273999725232,73.0433349609375,0.4573059935236264,2.169689902191807
F. sonorensis,1,800,24,400,-0.008722163922400994,59.16428547587424,62.84259414672851,0.4774267147220382,2.1909274397340632
F. sonorensis,1,800,25,400,-0.6294258123929974,52.05629439390584,52.690818786621094,0.5020235557578917,2.2042454643371165
F. sonorensis,1,800,26,400,15.795098855982173,319.80915186908373,401.8542785644531,0.5040778408731583,2.2070803857233843
F. sonorensis,1,800,27,250,10.387747357557958,333.72870720252047,401.9738159179687,0.40195804855125206,2.106035574471345
F. sonorensis,1,800,28,250,1.7198079626027762,97.94894581954313,112.8669204711914,0.3776704284043215,2.081472920625325
F. sonorensis,1,800,29,250,1.5426889671588386,89.71016787779523,103.13692474365234,0.3880638842564949,2.0901807917582627
F. sonorensis,1,800,30,250,0.872497173635607,83.3499474479751,92.71122741699219,0.4078997692300648,2.105461014114204
F. sonorensis,1,800,31,250,0.742171860719925,74.84893525370141,82.98664093017578,0.4232939046448205,2.1056676153001317
F. sonorensis,1,800,32,250,0.15413824366245432,67.98612024268452,72.92564392089844,0.4453989197162298,2.1384729359932244
F. sonorensis,1,800,33,250,-0.39408715221290125,60.744222513356135,62.74016952514648,0.4553062366122651,2.132192081471294
F. sonorensis,1,800,34,250,-0.9710952297958664,53.54900100034607,52.64239501953125,0.46731584451379926,2.146451538871275
F. sonorensis,1,800,35,250,11.557787195930208,334.5396323696325,401.7241516113282,0.47084339533043906,2.150580898548927
F. sonorensis,1,800,36,150,6.32538048360877,344.5563720293302,401.87600708007807,0.29718308602832366,1.9651937700676496
F. sonorensis,1,800,37,150,0.7975154005114518,100.6154147662036,112.819091796875,0.2599145120408704,1.9181695738658309
F. sonorensis,1,800,38,150,0.5725195634624043,93.20373535155537,103.09434509277344,0.27607998310326975,1.9313891092162812
F. sonorensis,1,800,39,150,0.22046017591963968,85.95303065777264,92.8022232055664,0.303549017337782,1.962486234903976
F. sonorensis,1,800,40,150,-0.010039522327997263,78.07403085891164,82.9663314819336,0.3345642782194005,1.9960917391197728
F. sonorensis,1,800,41,150,-0.4583934267904075,70.91236681157784,72.911224365234375,0.35989249009096413,2.025667139523197
F. sonorensis,1,800,42,150,-0.8349605714290469,63.07400903743866,62.781944274902344,0.3809840656519596,2.0473556138631106
F. sonorensis,1,800,43,150,-1.1697979675085834,54.879081621013285,52.64658737182618,0.40140746273540234,2.066579080767231
F. sonorensis,1,800,44,150,7.161426255941769,349.88006828853867,401.633544921875,0.40913747645267046,2.073090320403746
F. sonorensis,1,800,45,100,3.91586137996181,356.94557749822974,401.7630920410156,0.2666726104026189,1.9152379361029743
F. sonorensis,1,800,46,100,0.08801010050079952,105.4915587376368,112.77124786376952,0.24247187235334544,1.8735176081068927
F. sonorensis,1,800,47,100,-0.0442039943365595,97.43349338109928,103.18866729736328,0.2584232201308349,1.9186870041378716
F. sonorensis,1,800,48,100,-0.29955755305851084,89.39263249411684,92.95464324951172,0.2881913937077033,1.982637352397869
F. sonorensis,1,800,49,100,-0.4388342493366458,80.71756610521408,83.09113311767578,0.32464714122227595,2.036924405224185
F. sonorensis,1,800,50,100,-0.8647669411217138,73.35324329569437,73.01756286621094,0.347729687482431,2.07034509968292
F. sonorensis,1,800,51,100,-1.0638438080938446,64.52286080597524,62.84464263916016,0.36379602388441246,2.0895519522989927
F. sonorensis,1,800,52,100,-1.3999371546915194,56.40661365405478,52.76124954223633,0.38094438589933105,2.111843272705155
F. sonorensis,1,800,53,100,4.6403843540390435,361.3731246255318,401.4002685546875,0.38915241306543585,2.1086602187780374
F. sonorensis,2,200,1,1500,18.573014292389978,183.44834324529683,399.99026489257807,0.1628992792889686,1.6592920448366204
F. sonorensis,2,200,2,1500,14.192328319353749,146.04497157528965,299.96563720703125,0.17849314713950712,1.694842363885691
F. sonorensis,2,200,3,1500,11.307694331672412,113.11985654331797,200.08352661132813,0.27213380524274633,1.8390664982843736
F. sonorensis,2,200,4,1500,4.454233099985203,60.74637400074125,89.92989349365236,0.3627257225258491,1.9590442495813911
F. sonorensis,2,200,5,1500,4.231061949411875,56.13342348358356,79.93357849121094,0.449421910904289,2.059637444709311
F. sonorensis,2,200,6,1500,3.64040407250492,50.677838481238375,70.12142181396484,0.4952355846684176,2.1099836727005896
F. sonorensis,2,200,7,1500,2.827212658181266,44.87864485593835,60.082172393798835,0.5169029352347311,2.137973129316175
F. sonorensis,2,200,8,1500,1.8633135682160864,39.16387709120697,49.93867874145508,0.524533516270084,2.1525143208988156
F. sonorensis,2,200,9,1500,25.440000153823306,253.9381360584896,399.9583740234375,0.39038727322195294,2.022980716181628
F. sonorensis,2,200,10,1500,16.364203156939052,192.25791566791895,399.9764099121094,0.1487041321328859,1.706001651094528
F. sonorensis,2,200,11,1500,14.870087657249385,177.3857320112754,399.7940673828125,0.12352478545619004,1.6684133345115844
F. sonorensis,2,200,12,1500,19.973548887270034,217.73779133282864,499.7684326171875,0.13067922266072932,1.6866389807041269
F. sonorensis,2,200,13,1500,24.28290401589978,258.4948612157413,600.09600830078125,0.1307212669493973,1.692088458033395
F. sonorensis,2,200,14,1500,25.723144700581834,318.19566066357254,799.829345703125,0.09516848696469954,1.6364794201029726
F. sonorensis,2,200,15,1500,30.334783807411743,437.0853526589988,1150.0467529296875,0.0741081183943626,1.6011313628089847
F. sonorensis,2,200,16,1500,35.6635154391562,569.4603595853808,1499.973388671875,0.06610076881711165,1.5907602082550438
F. sonorensis,2,200,17,1500,9.864624152851675,177.1355463678699,399.9288940429687,0.07967558950357001,1.6203196693696085
F. sonorensis,2,200,18,400,7.357902642540807,177.92568170610602,395.3611755371094,0.06027085997755001,1.5872025192106227
F. sonorensis,2,200,19,400,0.8989159140376255,78.93630552110129,107.54956817626952,0.0791408024426866,1.624755715002946
F. sonorensis,2,200,20,400,2.1630871498089235,73.78564029840699,98.3909683227539,0.2118240335946804,1.8365106845535335
F. sonorensis,2,200,21,400,2.4458094263719556,71.03813381075537,88.54334259033203,0.384452729745094,2.048246772146682
F. sonorensis,2,200,22,400,1.6955842931436094,65.02522355976863,79.4029312133789,0.34108637319872004,2.0085981875774306
F. sonorensis,2,200,23,400,0.9189275048089681,58.17211247584196,69.84769439697266,0.2503196876390513,1.9019847599701023
F. sonorensis,2,200,24,400,0.5944743093809308,51.79790028863207,60.64297866821289,0.25625293339813526,1.913449459547366
F. sonorensis,2,200,25,400,0.10248225665432065,46.61358438326889,51.26188278198242,0.2948443358234718,1.9641406469708893
F. sonorensis,2,200,26,400,13.9305857591645,281.5591362164271,386.8017578125,0.2953921063588367,1.9667412905870003
F. sonorensis,2,200,27,250,6.766537823822042,210.97646429483285,386.8545837402344,0.07041944028476194,1.6289449516890455
F. sonorensis,2,200,28,250,0.8256753484704936,84.17290970439363,108.0269775390625,0.09364893061936362,1.6721310907971492
F. sonorensis,2,200,29,250,1.8028058458824818,82.24680319732695,98.9097671508789,0.3117172286000649,1.9868005032412477
F. sonorensis,2,200,30,250,1.2253086462056295,76.27930643991138,89.47015380859375,0.29652636036837315,1.9697853029044927
F. sonorensis,2,200,31,250,0.2981292615202138,68.57775488718457,80.224761962890625,0.11774011869505673,1.7151463206939517
F. sonorensis,2,200,32,250,0.12023949821953478,61.95759347130296,70.69506072998047,0.1183122934606612,1.7162749942233204
F. sonorensis,2,200,33,250,-0.09708956456470008,56.670292030611755,61.19600296020508,0.17118276141897346,1.8008241436025128
F. sonorensis,2,200,34,250,-0.25707851242606516,49.315226795693725,51.70333480834961,0.27724526908680847,1.9478960626386104
F. sonorensis,2,200,35,250,10.11803102175738,310.67178301727876,388.50933837890625,0.31320947875305,1.9929091174047064
F. sonorensis,2,200,36,150,3.3673927163955883,220.279253515799,387.1144714355469,0.03663202817614543,1.57180618500337
F. sonorensis,2,200,37,150,-0.17024594157746903,100.52770533649168,108.0435028076172,0.0461473915596957,1.5903149695305911
F. sonorensis,2,200,38,150,0.32343985109663465,87.28298977830671,98.914459228515625,0.1347258380052354,1.7426574286445975
F. sonorensis,2,200,39,150,0.3456977876548861,81.0967157873751,89.71759033203125,0.22836722020886663,1.8778001479811792
F. sonorensis,2,200,40,150,-0.03724364799655189,74.47779192425755,80.32331848144531,0.16947791136154283,1.7924081045388591
F. sonorensis,2,200,41,150,-0.3561007056990161,68.60724638394348,70.6990966796875,0.14190249587354686,1.7481408931850455
F. sonorensis,2,200,42,150,-0.4974869403923441,60.80228382664576,61.33868408203125,0.17916998701380404,1.805683340740594
F. sonorensis,2,200,43,150,-0.7916620199775395,53.12440691002324,51.762752532958984,0.2601473353216311,1.916837086499116
F. sonorensis,2,200,44,150,6.471118239777748,329.45241720143576,388.3193359375,0.2874190779434316,1.949715389199846
F. sonorensis,2,200,45,100,2.716779542463495,259.7072082629451,387.4154968261718,0.04027938745481024,1.5645672929230567
F. sonorensis,2,200,46,100,-0.3847565028807256,107.65073640395131,107.74036407470705,0.046563175797955304,1.575774589428962
F. sonorensis,2,200,47,100,-0.17087608945705818,93.02252430168716,98.502960205078125,0.12311222796879873,1.7082305715013062
F. sonorensis,2,200,48,100,-0.07766996527134759,84.53999202298368,89.3914566040039,0.3124488406059977,1.9638562141759612
F. sonorensis,2,200,49,100,-0.3761749262467983,77.49979600500913,80.13563537597656,0.26427189759647934,1.903911567022704
F. sonorensis,2,200,50,100,-0.627238808012302,71.6584350100819,70.61921691894531,0.14763851772398554,1.7341704039390895
F. sonorensis,2,200,51,100,-0.7581869828497318,64.82078635501077,61.0943603515625,0.12631541541462282,1.697981367867207
F. sonorensis,2,200,52,100,-0.9754966923147708,56.46721184210504,51.628265380859375,0.16931495377071312,1.7633299504079625
F. sonorensis,2,200,53,100,4.162719514111037,338.3410185651024,388.3208312988282,0.22858370117246127,1.8498052437533337
F. cronquistii,2,200,1,1500,19.164079860525764,224.6505550960709,399.8611145019531,0.2323777456663751,2.2912934576247643
F. cronquistii,2,200,2,1500,13.960519911885825,172.12492020574848,300.0544738769531,0.23317896613382916,2.289286292106117
F. cronquistii,2,200,3,1500,8.28529263239884,125.00049156986287,199.7618865966797,0.24349073234726368,2.299275897861924
F. cronquistii,2,200,4,1500,1.5328275418426238,73.47936229649954,89.964630126953125,0.25341929638953253,2.3380153337912923
F. cronquistii,2,200,5,1500,1.0872997006396279,68.2096812716057,79.8795166015625,0.2847654497289868,2.36176630332561
F. cronquistii,2,200,6,1500,0.620811314716017,62.23658739533764,70.01123046875,0.30645471437292465,2.4102920044995844
F. cronquistii,2,200,7,1500,-0.10946175540109584,57.480392680259165,59.93706512451172,0.3503607011527241,2.4680200829515377
F. cronquistii,2,200,8,1500,-0.7963379205277105,51.83661695408611,49.976043701171875,0.37915828135202984,2.502252981556012
F. cronquistii,2,200,9,1500,22.477184987337832,264.12837971497305,399.9493103027344,0.412398184651708,2.5574062398362147
F. cronquistii,2,200,10,1500,22.346839785291817,255.1159168337068,399.9356994628906,0.3715087652049492,2.523184889226104
F. cronquistii,2,200,11,1500,20.97009103258918,241.4928443052601,399.943603515625,0.29893657213528424,2.420348100356219
F. cronquistii,2,200,12,1500,24.685888430108637,284.6066905094085,499.9957580566406,0.24582530788298887,2.33617440061894
F. cronquistii,2,200,13,1500,27.728058313932152,327.69817693676174,599.91357421875,0.21107018501987637,2.2772921768092056
F. cronquistii,2,200,14,1500,33.560169023130165,437.9595773298828,800.1881103515625,0.18821174175529257,2.2436748495170757
F. cronquistii,2,200,15,1500,39.07875738172734,670.3897343334761,1150.0626220703125,0.16244335628356554,2.1865601836369604
F. cronquistii,2,200,16,1500,41.27688648431477,893.4449151684797,1499.97021484375,0.13277727878868664,2.142047857479105
F. cronquistii,2,200,17,1500,12.957960228183792,204.8427378359516,400.1119995117187,0.12780542155368652,2.1193705796853464
F. cronquistii,2,200,18,400,9.22912938540215,237.86860063269805,390.13720703125,0.1185498134813882,2.10298063416942
F. cronquistii,2,200,19,400,0.9215729237215833,86.04388421336958,105.9394989013672,0.1181223624932088,2.097297970908985
F. cronquistii,2,200,20,400,0.8121213962113486,79.22047506424845,96.938751220703125,0.12151527617308096,2.112641408356925
F. cronquistii,2,200,21,400,0.6027703371809006,74.61927596259812,88.21966552734375,0.13085823603401744,2.124353195422038
F. cronquistii,2,200,22,400,0.3159695583518139,69.80505183464189,78.81511688232422,0.14113666495520766,2.1483571984409355
F. cronquistii,2,200,23,400,-0.008653866653675457,65.07053154855947,69.48162841796875,0.15329903237316997,2.167911869055388
F. cronquistii,2,200,24,400,-0.37518216916773595,60.20013271777026,60.125118255615234,0.16585072746390908,2.1908368927334085
F. cronquistii,2,200,25,400,-0.7672641895395834,55.06182817596693,50.790828704833984,0.18048908901920335,2.217219413659288
F. cronquistii,2,200,26,400,11.511881719786437,257.19193286517805,385.709228515625,0.18934627026425116,2.2358386010854447
F. cronquistii,2,200,27,250,7.683937341960131,261.38709463808385,384.4041748046875,0.12624476142321442,2.1147667837421467
F. cronquistii,2,200,28,250,0.812405149969436,88.34495957809702,107.02655792236328,0.11518609630140655,2.086794979847182
F. cronquistii,2,200,29,250,0.7080798774747458,81.32621056205835,98.05802917480469,0.1162046360675319,2.0908502443761683
F. cronquistii,2,200,30,250,0.3940324553366256,77.42245719498453,88.68504333496094,0.1226855998635633,2.101518794085248
F. cronquistii,2,200,31,250,0.16427629893436205,71.91900920178085,79.31427001953125,0.13024251991955835,2.1140319792767404
F. cronquistii,2,200,32,250,-0.20505716059117557,67.70304891815414,69.76994323730469,0.13903801076503572,2.129449638993363
F. cronquistii,2,200,33,250,-0.5079622383182376,62.38539329360693,60.52021408081055,0.1488461889500392,2.1521933534334092
F. cronquistii,2,200,34,250,-0.7882278546045611,56.34268259517172,51.17322540283203,0.15893635250534657,2.1719839009223505
F. cronquistii,2,200,35,250,8.63768491891218,276.44407301043964,386.01318359375,0.1673535707408216,2.184957569553604
F. cronquistii,2,200,36,150,5.0861192713073535,289.10128508004976,384.5007019042969,0.11066368173842668,2.063011860843748
F. cronquistii,2,200,37,150,0.2846663231230575,96.13725452701358,107.87310028076172,0.09873625697635285,2.0379608456436547
F. cronquistii,2,200,38,150,0.16071344663984927,89.38657523225255,98.53330993652344,0.10123717535404192,2.04288327003365
F. cronquistii,2,200,39,150,0.023749016652551636,82.70172391117316,89.16156768798828,0.10369682781285998,2.0478539916477603
F. cronquistii,2,200,40,150,-0.19802831983299007,77.41300054871722,79.83961486816406,0.11028945061047768,2.0574949268646305
F. cronquistii,2,200,41,150,-0.37746757469044523,70.78848130988388,70.24066162109375,0.11723201809045028,2.0731992121342917
F. cronquistii,2,200,42,150,-0.627453953468023,65.20532060349946,61.01021957397461,0.12544261054010328,2.0898743673742137
F. cronquistii,2,200,43,150,-0.8939987554227607,59.23122760094173,51.5406608581543,0.13394312720573778,2.10642164573881
F. cronquistii,2,200,44,150,5.678966897937441,297.27258460643765,386.20025634765625,0.13774885358507769,2.1165359939863704
F. cronquistii,2,200,45,100,3.380975068561854,310.0112778474632,384.5243225097656,0.09907446438650135,2.0279963995871513
F. cronquistii,2,200,46,100,-0.12794734906536018,101.98946474414473,106.55004119873048,0.09205788395016651,2.0099601565428165
F. cronquistii,2,200,47,100,-0.12626378061548169,93.32789766361216,97.62761688232422,0.0926481294017614,2.007924953641792
F. cronquistii,2,200,48,100,-0.30294421024330254,87.60577426605461,88.37379455566406,0.09447618177399576,2.0087221922412866
F. cronquistii,2,200,49,100,-0.41566642833198636,80.54181193002462,79.12201690673828,0.09826802854365928,2.014525121776387
F. cronquistii,2,200,50,100,-0.579412567684896,74.2514314125952,69.9002685546875,0.10170103742730112,2.0218145670959786
F. cronquistii,2,200,51,100,-0.7950991080636302,68.48188805279474,60.646339416503906,0.1077003607093702,2.027408094570972
F. cronquistii,2,200,52,100,-0.9865259526786905,61.849472744437875,51.23906326293945,0.11335265368150788,2.0420635307144694
F. cronquistii,2,200,53,100,3.8113913933919235,312.87706925361687,385.9123840332031,0.11621566871829112,2.0463448311636454
F. pringlei,1,200,1,1500,28.03494584974892,268.95767813741406,402.1828002929687,0.6372984480805484,2.647500490903389
F. pringlei,1,200,2,1500,21.360545940938067,200.6093695879339,302.2435302734375,0.6367730434137399,2.662567390911165
F. pringlei,1,200,3,1500,13.342939455599831,139.92609410296967,202.9589385986328,0.6589792931845696,2.6847698626988423
F. pringlei,1,200,4,1500,3.4247749650220265,75.81846404497036,93.27660369873047,0.6987076660306308,2.712573959039524
F. pringlei,1,200,5,1500,2.3594089761184813,70.93651630234483,83.38763427734375,0.745563068133748,2.742024327526975
F. pringlei,1,200,6,1500,1.1977024053983074,65.93430207345273,73.32408905029298,0.797040872856593,2.770171802001336
F. pringlei,1,200,7,1500,0.12270194276665766,60.211042518255475,63.17416000366211,0.8518450639194256,2.794954087387596
F. pringlei,1,200,8,1500,-0.7893844057113101,53.64321395832109,53.04723358154297,0.91041097362859,2.83440875569859
F. pringlei,1,200,9,1500,19.359120464951623,321.54792227158873,401.7853393554687,0.9484803616691733,2.851763674339105
F. pringlei,1,200,10,1500,22.421238027099673,308.5939088987933,401.8844909667969,0.891187039371195,2.8274285514362414
F. pringlei,1,200,11,1500,24.53411862077635,295.3037262550437,401.9893493652344,0.7888816714232098,2.7811178723988705
F. pringlei,1,200,12,1500,29.273832862247364,365.1082828816817,502.0243225097656,0.687999042878429,2.722432998354372
F. pringlei,1,200,13,1500,31.874991846685063,439.3508418406,602.25537109375,0.5915970212833698,2.6324993392043687
F. pringlei,1,200,14,1500,34.808693942060785,694.5429220755167,902.06915283203125,0.48493533553698726,2.5418067065248033
F. pringlei,1,200,15,1500,36.96194011627759,941.2453180358264,1200.729736328125,0.3876995629268046,2.424990192323399
F. pringlei,1,200,16,1500,38.2151679503007,1181.2817850649028,1499.223388671875,0.30932022160780653,2.320604533704609
F. pringlei,1,200,17,1500,19.674200665258958,236.59752251758655,402.3269958496094,0.26813210787263647,2.2490862289132347
F. pringlei,1,200,18,400,11.951979694539647,296.6721354589663,402.3718872070313,0.2719001281280975,2.2393125555804
F. pringlei,1,200,19,400,2.162391133556307,92.33215631009118,113.52154541015624,0.27569061502737824,2.2526364321965957
F. pringlei,1,200,20,400,1.8165216476042938,86.4932745184448,103.79686737060548,0.30084422644959036,2.2871184644189344
F. pringlei,1,200,21,400,1.358310844107786,80.56694112449595,93.38972473144531,0.3381513909100799,2.3364015860665095
F. pringlei,1,200,22,400,0.8469207118968916,74.97303086728533,83.557037353515625,0.3877572077824996,2.3979397674635403
F. pringlei,1,200,23,400,0.24193955726727254,68.98344228308015,73.49058532714844,0.44209531308783473,2.4594491441705033
F. pringlei,1,200,24,400,-0.3907141994383676,62.44940192694008,63.31696701049805,0.5068798154272659,2.519849478370452
F. pringlei,1,200,25,400,-1.0152139417943014,55.4575859402208,53.23484420776367,0.5661921770804768,2.586445411220484
F. pringlei,1,200,26,400,13.54283321604966,328.15046608117433,401.6017150878906,0.6101771837970845,2.6174972317573704
F. pringlei,1,200,27,250,9.416494510980057,333.80948948202285,401.6917419433594,0.41286009714735794,2.433710409679275
F. pringlei,1,200,28,250,1.5340498087326595,98.90272524153393,113.21525573730467,0.36027501391024025,2.368244623007413
F. pringlei,1,200,29,250,1.2964087298737055,91.2180061799013,103.49846649169922,0.36948433118348,2.3661683723290916
F. pringlei,1,200,30,250,0.8484563788269114,84.3117817417727,93.269683837890625,0.39068323596469096,2.386258709118236
F. pringlei,1,200,31,250,0.465787958615246,77.32839475695313,83.491119384765625,0.4253145867779147,2.4195493212057047
F. pringlei,1,200,32,250,-0.10115939437147133,70.70409611246616,73.39913177490233,0.4621339595148233,2.459619702201933
F. pringlei,1,200,33,250,-0.6292860649617339,63.51128439839298,63.24501037597656,0.5055820129516156,2.5013292324864307
F. pringlei,1,200,34,250,-1.199791530906086,56.34061362671462,53.20501327514648,0.5486218953547499,2.547287294727692
F. pringlei,1,200,35,250,9.714068106337587,343.1256871227613,401.5276184082031,0.5786876490330037,2.5696581117098685
F. pringlei,1,200,36,150,5.743113856926982,350.23467254877653,401.6165771484375,0.35263940261176885,2.332649568620953
F. pringlei,1,200,37,150,0.6422334376464429,103.31826107747057,113.2904815673828,0.272876868332127,2.2200575244784706
F. pringlei,1,200,38,150,0.48743498845014194,94.96663875483182,103.5465087890625,0.2620135702135023,2.2037600310314738
F. pringlei,1,200,39,150,0.12783684065295212,88.0410283290529,93.31546783447266,0.28284156093505153,2.2341582384184147
F. pringlei,1,200,40,150,-0.16934956707585158,80.74982828466301,83.46919250488281,0.32695233335227536,2.2938200558814135
F. pringlei,1,200,41,150,-0.477962351336768,72.93948714174353,73.459381103515625,0.38392557716946363,2.359521925234003
F. pringlei,1,200,42,150,-0.9165688849145208,65.32598935259988,63.28211212158203,0.4303836088123832,2.427484264237937
F. pringlei,1,200,43,150,-1.3480885742151703,57.59191365684519,53.210723876953125,0.47059499299410656,2.470635021711147
F. pringlei,1,200,44,150,5.9785485836899035,356.79568468585893,401.4822998046875,0.49283075477938926,2.4892864528151692
F. pringlei,1,200,45,100,3.4814021133667086,355.2514402627764,401.5803833007813,0.22869192915156636,2.1522885630314703
F. pringlei,1,200,46,100,-0.025112800804058213,107.88335515342908,113.31676483154295,0.145281233583869,1.9837523427097767
F. pringlei,1,200,47,100,0.2420359164690002,95.64934637452852,104.32194519042967,0.13507755977993913,1.9574210040243345
F. pringlei,1,200,48,100,-0.22291947562818396,91.18638332472904,93.334075927734375,0.15105007237278167,1.9890759802824467
F. pringlei,1,200,49,100,-0.45387667898201484,83.61386519714665,83.52117156982422,0.20390182895201803,2.098386545357207
F. pringlei,1,200,50,100,-0.6690899684012179,74.84500798529238,73.49760437011719,0.28348755563021494,2.231393051641033
F. pringlei,1,200,51,100,-1.0307991470086684,66.83133010363622,63.35883331298828,0.3463395094262318,2.323154088791634
F. pringlei,1,200,52,100,-1.3883110433155554,58.8526440538751,53.234176635742195,0.3784339178348951,2.366463585708043
F. pringlei,1,200,53,100,3.6623039554429537,364.7685648790486,401.55328369140625,0.3817094110666062,2.36884136594116
F. sonorensis,1,200,1,1500,31.09509169059009,259.1348234885139,402.7101745605469,0.5342538915641963,2.3033999292121736
F. sonorensis,1,200,2,1500,24.372889189491914,195.15728393029804,302.71875,0.5715795731661655,2.3422376319460456
F. sonorensis,1,200,3,1500,16.659169301041192,134.66721240856782,203.393310546875,0.639871120360405,2.4008668080058415
F. sonorensis,1,200,4,1500,6.525735745271229,67.5098727065674,93.66046142578124,0.7213399567532979,2.4648979424940336
F. sonorensis,1,200,5,1500,5.745373670988508,61.83529753422913,83.78009033203125,0.7951761687284259,2.51598439816061
F. sonorensis,1,200,6,1500,4.775420176036822,55.77213315303639,73.735992431640625,0.8428663106043289,2.5473686823667085
F. sonorensis,1,200,7,1500,3.7256683083531854,49.31962024782051,63.492671966552734,0.8712173470593355,2.565744514398859
F. sonorensis,1,200,8,1500,2.805398857656245,42.6064071319853,53.422218322753906,0.914694349665184,2.595466583779926
F. sonorensis,1,200,9,1500,30.72247973219436,296.6784990861113,402.4115905761718,0.8825087619580417,2.575377426871797
F. sonorensis,1,200,10,1500,31.290221519226737,289.0330523335839,402.5245666503906,0.7973645728703032,2.5198468956879805
F. sonorensis,1,200,11,1500,30.390314138607444,282.27455554284904,402.5682067871094,0.6894908042265835,2.446194619367947
F. sonorensis,1,200,12,1500,34.7264316749225,349.37027334801286,502.89166259765625,0.5827040132292582,2.3526843756919553
F. sonorensis,1,200,13,1500,37.52104628232144,411.6547333916107,603.26202392578125,0.4737485490427548,2.2502590803423517
F. sonorensis,1,200,14,1500,44.22896898070306,628.0661639408887,903.48065185546875,0.36789109490952393,2.1347693371806526
F. sonorensis,1,200,15,1500,48.15459368355417,842.7282643447443,1202.6497802734375,0.29375950147142244,2.0387694296150585
F. sonorensis,1,200,16,1500,49.64935029411138,1090.6174718519535,1501.47412109375,0.2631372769728313,1.9886457714496355
F. sonorensis,1,200,17,1500,23.060742987091217,230.77067157667244,403.2076721191406,0.28023392383294476,2.005326272104794
F. sonorensis,1,200,18,400,15.291049165804152,291.00256652191996,401.69140625,0.31501285167864573,2.0564661702631857
F. sonorensis,1,200,19,400,3.740014219522609,84.45415147774936,113.0252685546875,0.32122660520555635,2.064316601990009
F. sonorensis,1,200,20,400,3.6594937217836816,79.21206460988877,103.24227905273438,0.3972004934785861,2.1527399853322713
F. sonorensis,1,200,21,400,3.275363709151558,73.95636786850369,92.96105194091797,0.49050127407179406,2.2532689470145124
F. sonorensis,1,200,22,400,2.8171506490141085,67.71431981358172,83.0764923095703,0.5623153388297352,2.321995292523061
F. sonorensis,1,200,23,400,2.07072394882562,61.53469070430562,72.90962219238281,0.6212230829432781,2.3668226262184326
F. sonorensis,1,200,24,400,1.484942515886069,54.23608064165087,62.80382537841797,0.6549424406945833,2.3792691447385734
F. sonorensis,1,200,25,400,0.7241427933282076,47.33859525887068,52.72581100463867,0.6907654620108934,2.4168273625172443
F. sonorensis,1,200,26,400,17.698812085155204,325.24675768025236,401.17672729492193,0.7000163157214396,2.42646919691033
F. sonorensis,1,200,27,250,11.903180707876444,334.22424833714206,401.3592224121094,0.5027669030606864,2.259867329443601
F. sonorensis,1,200,28,250,3.21592902732374,92.49363237939342,112.8393325805664,0.45521369859951055,2.213726736716868
F. sonorensis,1,200,29,250,2.8243677072850635,85.4921135742995,103.14397430419922,0.4785540613493144,2.237419243663826
F. sonorensis,1,200,30,250,2.4368911858014015,78.00774332810923,92.87525177001953,0.517454952280081,2.275935002546801
F. sonorensis,1,200,31,250,1.981301259950919,70.95945411249852,83.04157257080078,0.5576753382148316,2.309908642966475
F. sonorensis,1,200,32,250,1.466142880185973,63.66523908052865,72.94086456298828,0.6005379765074083,2.340109107133336
F. sonorensis,1,200,33,250,0.7708893750252108,56.73504949584806,62.819881439208984,0.6475960529520823,2.3824320297160737
F. sonorensis,1,200,34,250,0.1643732471491185,49.255104796585776,52.77468490600586,0.6572636929713044,2.3876096565802
F. sonorensis,1,200,35,250,12.981941359509241,339.61278431592785,401.18753051757807,0.6585847958191048,2.379612706559856
F. sonorensis,1,200,36,150,7.784182060168031,342.6085426862794,401.4122314453125,0.36901122193347075,2.116264541637676
F. sonorensis,1,200,37,150,1.6856191348434617,95.52624566259156,112.91551208496094,0.28506989648720704,2.011815851152569
F. sonorensis,1,200,38,150,1.6312672389489096,87.23882384390119,103.17146301269533,0.30507858715691527,2.0339959294424625
F. sonorensis,1,200,39,150,1.3180059528189103,80.4955582108517,92.97371673583984,0.3514313350533833,2.0892243493358835
F. sonorensis,1,200,40,150,0.9518028615407074,73.90572665361817,83.10233306884764,0.4155334588725064,2.1627677060401767
F. sonorensis,1,200,41,150,0.602713242626288,66.42021645190587,73.07266998291016,0.4772729213194275,2.226366921505309
F. sonorensis,1,200,42,150,0.11625073952273152,58.98178648032079,62.949684143066406,0.5273872928026113,2.270661002544715
F. sonorensis,1,200,43,150,-0.3309949391175425,51.0718201462321,52.82140350341797,0.5633378168762454,2.3035175246167054
F. sonorensis,1,200,44,150,8.449737097869361,352.77523620445385,401.2153015136718,0.5827470780818851,2.3259309439112696
F. sonorensis,1,200,45,100,5.155928631888202,346.0651102922069,401.4384765625,0.2487371782708931,1.9504666414451204
F. sonorensis,1,200,46,100,0.9547385692546622,98.02824153811157,113.0005111694336,0.20580959861534387,1.887786740442534
F. sonorensis,1,200,47,100,0.8525241815030684,90.7551846440908,103.28653717041016,0.2407010509549123,1.9438492558678848
F. sonorensis,1,200,48,100,0.6255692334504356,83.89573518108176,92.97627258300781,0.3111694227647198,2.0398141095486353
F. sonorensis,1,200,49,100,0.43164104917372775,76.43242810578315,83.22298431396484,0.386900308789932,2.126801518663502
F. sonorensis,1,200,50,100,0.01184158702195623,69.10986820327403,73.16423034667967,0.4580795902382544,2.2085547340509946
F. sonorensis,1,200,51,100,-0.31344089956023685,60.783566048704344,62.97893905639648,0.5063388363036904,2.2575479232818907
F. sonorensis,1,200,52,100,-0.6059315270187986,52.26692001815886,52.90080261230469,0.5398799657957691,2.2891513920270663
F. sonorensis,1,200,53,100,5.7401142177478555,361.7889295008699,401.3326110839844,0.532813304066723,2.2826943486649545
H. glutinosa,1,200,1,1500,16.808648306975098,247.5142080584292,400.84429931640625,0.2355211710560643,2.2330587248895317
H. glutinosa,1,200,2,1500,12.515211446724074,190.8343975372909,301.15618896484375,0.24830884319654267,2.251427024181438
H. glutinosa,1,200,3,1500,7.872517466354295,137.1797553981795,202.03131103515625,0.2785249358493677,2.292062132255698
H. glutinosa,1,200,4,1500,2.051730151636801,74.93493283032902,92.594268798828125,0.3204628736111448,2.3475105063312367
H. glutinosa,1,200,5,1500,1.609168305291177,69.1023770359193,82.73055267333984,0.3550349386784388,2.3941759947612735
H. glutinosa,1,200,6,1500,1.053416842525178,63.12397226770276,72.68933868408203,0.38293135044465915,2.4282397600065453
H. glutinosa,1,200,7,1500,0.47574129024194195,56.67381988597162,62.487060546875,0.40322286830460013,2.4512877703722333
H. glutinosa,1,200,8,1500,-0.16632461911916596,50.38292442652876,52.352317810058594,0.4174846504803949,2.465388833000412
H. glutinosa,1,200,9,1500,18.397533833884022,288.17504304359863,400.65777587890625,0.41659525003934994,2.4604581230001057
H. glutinosa,1,200,10,1500,18.24321331153361,278.45536634229063,400.7190246582031,0.3630497346729581,2.4049680245970375
H. glutinosa,1,200,11,1500,17.74602853013721,272.15781426274617,400.72268676757807,0.3245708765523989,2.3451894699363764
H. glutinosa,1,200,12,1500,21.481957321940314,336.13031005359767,500.77789306640625,0.2998116734326393,2.305444637431821
H. glutinosa,1,200,13,1500,24.600862108038704,403.5452473092044,600.84051513671875,0.28269846924098624,2.2761336034332635
H. glutinosa,1,200,14,1500,31.47746966563173,633.8240563875061,900.0125732421875,0.26843263650932353,2.249642715510563
H. glutinosa,1,200,15,1500,34.93958655043209,887.2050325020884,1198.1893310546875,0.2577128220850295,2.2261553082002794
H. glutinosa,1,200,16,1500,36.456590684819886,1152.7459349620592,1495.6661376953125,0.24701485267735765,2.2027352466693557
H. glutinosa,1,200,17,1500,15.64699749921739,261.53388337175943,401.3063049316406,0.24612074906057593,2.1961203333419688
H. glutinosa,1,200,18,400,11.573798431523896,287.6012162148408,401.2808837890625,0.22835419213005215,2.1528747046025236
H. glutinosa,1,200,19,400,2.2542725048489616,88.81842620142068,112.83723449707033,0.2374620976186415,2.1519946548858715
H. glutinosa,1,200,20,400,2.0130009736226535,82.64214288651134,103.06427001953124,0.2602301907954278,2.1857061467391903
H. glutinosa,1,200,21,400,1.6474627874884114,76.31315459008931,92.75589752197266,0.2817875168493405,2.2170571193293727
H. glutinosa,1,200,22,400,1.2590257970636123,70.14985141901468,82.87622833251953,0.30427403961036653,2.2471943803625183
H. glutinosa,1,200,23,400,0.8875200850750047,63.23638922148795,72.81364440917967,0.3222482392056883,2.2731124842272257
H. glutinosa,1,200,24,400,0.38249384676120357,56.78755544713449,62.61653518676758,0.339135694937657,2.2935029538360685
H. glutinosa,1,200,25,400,-0.17311488489296215,50.471657030547185,52.508602142333984,0.35462112778084326,2.3118219619279694
H. glutinosa,1,200,26,400,12.943987450103432,308.032329445727,400.5673828125,0.3561713336760532,2.3139301968958317
H. glutinosa,1,200,27,250,9.828379004737123,311.4417906628718,400.6793212890625,0.26637618711758193,2.1827254169426595
H. glutinosa,1,200,28,250,2.057452770989105,91.00638010367292,112.59021759033205,0.2539054308673958,2.161548794200353
H. glutinosa,1,200,29,250,1.7858102689217958,84.13524880271551,102.8696517944336,0.26202298973941107,2.17209133040742
H. glutinosa,1,200,30,250,1.3759685258640164,77.72785906112331,92.64500427246094,0.27208913140897645,2.186070698378608
H. glutinosa,1,200,31,250,1.0719914768835772,70.7902989134462,82.83348083496094,0.28291378414470264,2.201140801003261
H. glutinosa,1,200,32,250,0.6702986292360493,64.12982916819132,72.7727813720703,0.2937149346824653,2.2156086331753615
H. glutinosa,1,200,33,250,0.2429640120977235,57.350188614109,62.588279724121094,0.30471870832339865,2.229528715351189
H. glutinosa,1,200,34,250,-0.17600016284406075,50.4614646972631,52.51787185668945,0.31542811595874365,2.2417337555226697
H. glutinosa,1,200,35,250,10.46689708332282,316.1454392921939,400.4776306152344,0.313433172117187,2.24150393405449
H. glutinosa,1,200,36,150,7.029568413709309,320.8609100893794,400.64117431640625,0.21066765457091727,2.079732710372424
H. glutinosa,1,200,37,150,1.3642698697518405,92.86070831751393,112.58525848388672,0.18564590400425188,2.0232252330535996
H. glutinosa,1,200,38,150,1.1171125985681118,85.9547332922199,102.85727691650392,0.18524134171709641,2.018391612575113
H. glutinosa,1,200,39,150,0.9359914683299251,78.14448452517719,92.66380310058594,0.18900057968444903,2.0227887211324704
H. glutinosa,1,200,40,150,0.6614966127029362,71.695836036896,82.8472671508789,0.19791728456419952,2.0387157555186715
H. glutinosa,1,200,41,150,0.3628003056732075,65.11351304343967,72.82952117919922,0.20932417807348305,2.057107819254947
H. glutinosa,1,200,42,150,0.023614630768274525,58.48788274527262,62.69908905029297,0.2227688160756729,2.0865393585072014
H. glutinosa,1,200,43,150,-0.34398687634463954,51.87436986861768,52.62394332885742,0.2361776964669293,2.1095177424936553
H. glutinosa,1,200,44,150,7.490273330130528,322.6981995938922,400.5580139160156,0.23473536961131217,2.106754962017003
H. glutinosa,1,200,45,100,4.996033047066037,324.03059887099397,400.7348937988282,0.15098485909340187,1.9470863270945848
H. glutinosa,1,200,46,100,0.8202562018884616,94.89471396143225,112.66352081298828,0.1317515394144409,1.8994410483188404
H. glutinosa,1,200,47,100,0.6996541002458906,87.17563437437104,102.93921661376952,0.13196849330597923,1.8985116465445608
H. glutinosa,1,200,48,100,0.551745150176591,79.59716892668169,92.73681640625,0.1360791153001924,1.906321327699232
H. glutinosa,1,200,49,100,0.3253859334538427,73.48077634052495,82.92366790771484,0.145320340602679,1.9235846756635
H. glutinosa,1,200,50,100,0.12068931864558713,66.6399243534453,72.9375991821289,0.15897122717614617,1.9528496409207583
H. glutinosa,1,200,51,100,-0.15004062744555324,59.96002744560298,62.7799186706543,0.17439605831017077,1.9833346487153904
H. glutinosa,1,200,52,100,-0.40877334745818816,52.804758698800434,52.67837142944336,0.18918174233263688,2.0086221711472025
H. glutinosa,1,200,53,100,5.416872516919086,331.811874843636,400.7561645507813,0.19267048852949897,2.0097482443855843
H. glutinosa,2,800,1,1500,14.665478394127557,212.6448592048282,382.7505187988282,0.1828052337226553,2.430132317066571
H. glutinosa,2,800,2,1500,10.601174198447112,166.68141434169533,285.3147888183594,0.1927810659596622,2.444965698614717
H. glutinosa,2,800,3,1500,6.53673993324777,122.23840329651858,189.4486389160156,0.22101120758606135,2.513139049038174
H. glutinosa,2,800,4,1500,1.5391384215777961,69.79291525616837,86.28209686279298,0.25587095155311607,2.585511242954424
H. glutinosa,2,800,5,1500,1.1269278092791837,65.16083019542923,77.1572494506836,0.2852172708599428,2.6380958306630493
H. glutinosa,2,800,6,1500,0.665337831796669,60.272801912643686,68.27875518798828,0.2999222152619994,2.672541565815918
H. glutinosa,2,800,7,1500,0.1837955739563151,54.861245401644865,59.02876281738281,0.3035954126395528,2.6840509131817374
H. glutinosa,2,800,8,1500,-0.33536013885837207,49.903763990366514,50.02385711669922,0.3007078472253084,2.688727074667462
H. glutinosa,2,800,9,1500,16.03064585466814,241.7501852088196,382.3628234863282,0.2668641549478831,2.6521207988295936
H. glutinosa,2,800,10,1500,12.909490170006372,214.45419112953144,381.79736328125,0.159568377268736,2.4506192883066835
H. glutinosa,2,800,11,1500,12.210537157606872,204.82017596524508,381.5266723632813,0.13908669915700203,2.4037172071301027
H. glutinosa,2,800,12,1500,14.153259408521881,237.42193265095025,478.6889953613282,0.1136130015886779,2.339292145081563
H. glutinosa,2,800,13,1500,17.04270522831263,275.5935100138697,577.6876220703125,0.10822774223470026,2.3366313452804897
H. glutinosa,2,800,14,1500,21.37759374621257,394.9330828693568,880.922119140625,0.08121867514175031,2.272787388582088
H. glutinosa,2,800,15,1500,23.58896264489947,489.7890259070974,1183.402587890625,0.06085934169849491,2.218545383796649
H. glutinosa,2,800,16,1500,24.486291820208677,580.9731015250893,1483.381591796875,0.04749115254551977,2.180281379421358
H. glutinosa,2,800,17,1500,7.588881711694794,183.781542962924,389.5606384277344,0.06770116497589848,2.2373701104281647
H. glutinosa,2,800,18,400,9.12423960049535,216.92566941928104,390.15139770507807,0.10206607416478149,2.3389335310373864
H. glutinosa,2,800,19,400,1.2103586404372588,78.84787013057432,104.72054290771484,0.10624802608757168,2.352184232567146
H. glutinosa,2,800,20,400,1.135232530416071,73.88631026472284,95.200653076171875,0.12656184491892863,2.402124023600889
H. glutinosa,2,800,21,400,1.0103127167867292,69.7173919979465,86.54532623291016,0.1523234962907031,2.458297455281019
H. glutinosa,2,800,22,400,0.7469798018033031,65.18938721300833,76.9166259765625,0.18373934469339684,2.524223904880797
H. glutinosa,2,800,23,400,0.41776220712263024,60.57468042878337,67.941619873046875,0.2099412330614059,2.5755985427119596
H. glutinosa,2,800,24,400,0.024520369847457035,55.551189744772294,58.753616333007805,0.23502656367908764,2.621654345469578
H. glutinosa,2,800,25,400,-0.38286292050547605,50.31267686922607,49.706485748291016,0.24156238793280144,2.6284658828277023
H. glutinosa,2,800,26,400,11.351614109086755,268.9184582822552,381.8354797363282,0.2325601495865652,2.6224065275474424
H. glutinosa,2,800,27,250,6.610442440350384,222.32787532293003,380.56304931640625,0.07947527208445236,2.2911300862058126
H. glutinosa,2,800,28,250,0.6650176847700442,82.38882220684677,104.59708404541016,0.07206372582918455,2.272639436066674
H. glutinosa,2,800,29,250,0.6949724471577988,74.9884321055446,95.4627685546875,0.0821103689036056,2.300900695642631
H. glutinosa,2,800,30,250,0.5624480777364118,71.01262772870415,86.36311340332033,0.09721688397958107,2.340916232312098
H. glutinosa,2,800,31,250,0.35545325021564955,67.65566758292262,77.488616943359375,0.11960748595621432,2.3966696959588445
H. glutinosa,2,800,32,250,0.1403519930971942,63.016116068910335,68.649505615234375,0.14613396851310015,2.4568958986119833
H. glutinosa,2,800,33,250,-0.15250986727074775,57.91820180063736,59.55263900756836,0.17332692746627198,2.5143593452088826
H. glutinosa,2,800,34,250,-0.49476366079674977,52.588503489329376,50.50114440917969,0.19527508172148864,2.556173498529053
H. glutinosa,2,800,35,250,8.992380674272512,280.67738770526256,382.6650390625,0.20011126320638473,2.569244442158088
H. glutinosa,2,800,36,150,4.837622647993082,245.72019189055075,381.59478759765625,0.06794536134818911,2.27470705944777
H. glutinosa,2,800,37,150,0.37136762408105317,87.2998142061408,104.5082778930664,0.06044986336076906,2.2549281833241692
H. glutinosa,2,800,38,150,0.36107380074051526,80.80348587078659,95.8409652709961,0.0696848370601417,2.2823762138900348
H. glutinosa,2,800,39,150,0.2892631373769562,75.60378135611919,87.101226806640625,0.08318542685632196,2.317222781040182
H. glutinosa,2,800,40,150,0.18233535769733822,70.58001075954883,78.36344146728516,0.10498834363731772,2.3713078686976514
H. glutinosa,2,800,41,150,-0.03990275029225589,65.87189169920977,69.31251525878906,0.1312089129121645,2.429575113268424
H. glutinosa,2,800,42,150,-0.31211737154228775,60.30843619416033,60.02716064453125,0.157786114349407,2.491192709590774
H. glutinosa,2,800,43,150,-0.6456471202848739,54.70167956040775,50.728660583496094,0.1785328570508441,2.535744081013632
H. glutinosa,2,800,44,150,6.261870482555653,302.16884430422556,381.83636474609375,0.18245264457975396,2.5398522597676494
H. glutinosa,2,800,45,100,3.578962227951472,280.0181265438014,380.4352111816406,0.07112618249879193,2.2828892470106803
H. glutinosa,2,800,46,100,0.13435942957523506,94.25881367838488,104.85218048095705,0.060275749934000505,2.2513045576241426
H. glutinosa,2,800,47,100,0.1351887093116954,86.43204879475076,96.04679107666016,0.06792936166339808,2.2723524319007993
H. glutinosa,2,800,48,100,0.06863382126989442,80.13850680275594,87.1863021850586,0.07907698341589665,2.3022258254965564
H. glutinosa,2,800,49,100,-0.0776589343089345,74.90960155008308,78.309661865234375,0.09596442826597101,2.345473985142307
H. glutinosa,2,800,50,100,-0.2737625638282475,69.3454012730534,69.35185241699219,0.11950513703029698,2.4041771905660427
H. glutinosa,2,800,51,100,-0.48821197759027807,62.711011058175856,59.898006439208984,0.14098987049200698,2.452971769266296
H. glutinosa,2,800,52,100,-0.7636386618831654,56.42504012275131,50.710540771484375,0.16452891640849365,2.5042050113571896
H. glutinosa,2,800,53,100,4.349765286171578,318.03611344478884,381.7747192382813,0.1638708240435525,2.503149551933937
S. hians,1,200,1,1500,23.414730191285713,255.25507990820728,401.3274841308594,0.38470148742994587,2.282276995405948
S. hians,1,200,2,1500,18.65177668792069,190.26783065667885,301.6321716308594,0.4092330585423852,2.315219420765585
S. hians,1,200,3,1500,13.198474759952427,130.38862106946337,202.5424041748047,0.46884119867663726,2.3833809217718227
S. hians,1,200,4,1500,5.923768183501624,63.03125595189078,93.08209991455078,0.5468809095135704,2.457926853614801
S. hians,1,200,5,1500,5.3210525371698,57.65735389812888,83.14698028564453,0.6073962088156295,2.519467964904281
S. hians,1,200,6,1500,4.661472636050693,51.785670409963856,73.09577178955078,0.6667395941326413,2.569005307254498
S. hians,1,200,7,1500,3.929300827880603,45.461095783305886,62.92758560180664,0.7150466124302444,2.605162126298994
S. hians,1,200,8,1500,3.13690580367362,38.95284636236048,52.812259674072266,0.7481039082920211,2.626597226420359
S. hians,1,200,9,1500,23.84428443882497,292.49298322154914,400.998779296875,0.6469365765144247,2.5528033768061142
S. hians,1,200,10,1500,23.050860643922785,273.62904410231823,401.1542053222656,0.467465453736367,2.3863813476328506
S. hians,1,200,11,1500,22.08542108393458,262.40328936034985,401.193359375,0.38599685048694626,2.286231819352455
S. hians,1,200,12,1500,24.817603432956066,326.8736705356294,501.0269775390625,0.3325499510981364,2.2106520727305905
S. hians,1,200,13,1500,26.408693440927816,396.782838029441,601.0538330078125,0.29369129718243486,2.142530541050932
S. hians,1,200,14,1500,28.751690696329945,637.7362914643468,899.9158935546875,0.24516419013170412,2.0612975185475806
S. hians,1,200,15,1500,29.232965086027253,891.7470028800868,1197.574462890625,0.21286821510068948,2.0022872165425216
S. hians,1,200,16,1500,29.420154609595297,1146.2534813352738,1494.4908447265625,0.18763735966517228,1.9548258103718836
S. hians,1,200,17,1500,15.132968198552204,237.57467012726391,401.6167907714844,0.19057110120005444,1.956364990985079
S. hians,1,200,18,400,9.493910626034172,238.6660959779547,401.6354370117187,0.11356618565344996,1.7890366896304768
S. hians,1,200,19,400,2.719737573642845,73.00219941241862,113.24430084228516,0.14463370265600345,1.851204627375584
S. hians,1,200,20,400,3.317899283851124,73.28234877596182,103.53206634521484,0.2613077424899498,2.0676872487671645
S. hians,1,200,21,400,3.1145724252353197,69.3843511239837,93.28255462646484,0.33730227163631915,2.1963413058242005
S. hians,1,200,22,400,2.7062161380421283,63.70640695728285,83.325653076171875,0.3760303290624561,2.251683745314309
S. hians,1,200,23,400,2.278817905815669,56.947108420611805,73.26788330078125,0.39523068868761946,2.278883965560759
S. hians,1,200,24,400,1.7603405709351656,50.13460066698753,63.0573616027832,0.40477921054522864,2.289946040329829
S. hians,1,200,25,400,1.237884996571209,43.281062300327434,52.95526123046875,0.4100768303485012,2.2977115478211054
S. hians,1,200,26,400,12.993335081000366,282.5401522517935,400.6661376953125,0.2494179786524502,2.0723701290270253
S. hians,1,200,27,250,7.972293483609825,223.1800924907112,401.0965270996094,0.08427364750462214,1.706763206340023
S. hians,1,200,28,250,2.0481468846140203,74.83119067110795,113.02249145507813,0.11489990875590492,1.7805760127969552
S. hians,1,200,29,250,2.5268863839833235,74.83970730881676,103.37352752685548,0.20789259399014584,1.9716222213024597
S. hians,1,200,30,250,2.387713608464057,70.86226771924865,93.16068267822266,0.2728236383756284,2.092413195815229
S. hians,1,200,31,250,2.0427005340628734,64.84260804924095,83.26251220703125,0.29608599539138447,2.132112677494297
S. hians,1,200,32,250,1.6289787293522007,58.10405996318942,73.265655517578125,0.2984963089892681,2.136047295945784
S. hians,1,200,33,250,1.2118818858044518,51.115253674971534,63.05460739135742,0.29954978350043154,2.138265075795323
S. hians,1,200,34,250,0.7906102015617371,44.290114227208925,52.974334716796875,0.3021589691472862,2.14302803610287
S. hians,1,200,35,250,9.842558820263017,276.32567584829013,400.67822265625,0.1675047145799421,1.9101929046115549
S. hians,1,200,36,150,5.217967341587032,215.80182226867464,400.99017333984375,0.05136856889578768,1.6178174654692266
S. hians,1,200,37,150,1.1524210664631958,77.07218738727119,113.04502105712892,0.07047848635619937,1.6684462660715944
S. hians,1,200,38,150,1.6120609865285063,77.1020934513118,103.39906311035156,0.14411022722710598,1.8437505035578503
S. hians,1,200,39,150,1.6514103064515266,72.88112178837996,93.15862274169922,0.2080781679637182,1.9752433430618257
S. hians,1,200,40,150,1.4063231996913412,66.93260584875597,83.26502227783203,0.23466008561279492,2.0254726357787147
S. hians,1,200,41,150,1.0381875128340083,60.4086899201693,73.229583740234375,0.23835898561045857,2.0319856588630647
S. hians,1,200,42,150,0.7406510157092321,53.11980418421568,63.06425857543945,0.2419965843299168,2.038223887428758
S. hians,1,200,43,150,0.3966331846095479,46.2604774824653,52.978790283203125,0.2485998589186546,2.0478597306284065
S. hians,1,200,44,150,7.308185120358561,295.3457519602852,400.84857177734375,0.14857154603133912,1.860041458344087
S. hians,1,200,45,100,4.139068307256071,243.76933013414987,400.9783020019531,0.04892086218211762,1.60728083843067
S. hians,1,200,46,100,0.8235981740777811,82.48451184338155,113.07826995849608,0.06358284915760845,1.6462293295583803
S. hians,1,200,47,100,1.2384582766231385,79.78868860492213,103.38103485107422,0.12813578228951303,1.8010676954055234
S. hians,1,200,48,100,1.1839346921565854,75.9235040482089,93.15697479248047,0.1868451054008682,1.925539893159148
S. hians,1,200,49,100,1.0132348292108975,69.21249897041591,83.31043243408203,0.20927029215579737,1.9677970345443463
S. hians,1,200,50,100,0.7193184721753325,62.298811872439956,73.280853271484375,0.2125372481474299,1.9729665613628455
S. hians,1,200,51,100,0.48345459597008594,54.6910058692544,63.08053970336914,0.21782780903080048,1.9821132689008956
S. hians,1,200,52,100,0.10380856727276902,48.36434431976993,53.00341033935547,0.2254450019181592,1.9938766078811023
S. hians,1,200,53,100,5.60846672741575,314.22599793761543,400.8357238769531,0.14475972461470593,1.8378421274338328
S. hians,2,800,1,1500,16.88230928894827,229.36528338900675,379.7403564453125,0.23560595330599812,2.444791936699301
S. hians,2,800,2,1500,13.057171654396965,168.36835140709843,282.9699401855469,0.2407327072695382,2.4565512090600095
S. hians,2,800,3,1500,8.745289956596178,113.86689258287898,187.6029052734375,0.2566783064744365,2.48587975551236
S. hians,2,800,4,1500,3.6265051668514623,57.24915960411333,86.0376968383789,0.2925788461479286,2.5097752904463997
S. hians,2,800,5,1500,3.3974581891415645,51.25209438067565,76.70073699951172,0.31675591397181574,2.5325546609770972
S. hians,2,800,6,1500,2.848533041740416,45.79893974004199,67.8219223022461,0.31099176141621165,2.546662373638115
S. hians,2,800,7,1500,2.400286889394384,40.074458154563224,58.579837799072266,0.31834658916407205,2.549696841518744
S. hians,2,800,8,1500,1.8803557039084782,34.533090970440846,49.63021087646485,0.31358788729412274,2.5533531913835468
S. hians,2,800,9,1500,16.358110611364086,237.0095474627669,380.8733825683594,0.2409125841086675,2.4465369447828853
S. hians,2,800,10,1500,14.613945759439899,215.43102331816695,380.25738525390625,0.17652697544286414,2.341231055834214
S. hians,2,800,11,1500,14.27861377207049,204.3383930659294,379.9222106933594,0.1584751236587799,2.2997373126202727
S. hians,2,800,12,1500,17.831354560027837,262.25002998598717,477.8049011230469,0.16173129377887824,2.3109902485914064
S. hians,2,800,13,1500,20.833773250016314,315.0164024144409,576.55560302734375,0.15518671788992192,2.3177469826649757
S. hians,2,800,14,1500,26.43005041955782,526.1856225815148,882.471435546875,0.14314150468985987,2.2704947362096575
S. hians,2,800,15,1500,28.98361138589836,719.4688879750067,1184.2615966796875,0.11786837604467508,2.2286896967179928
S. hians,2,800,16,1500,30.4561605239514,921.1249454245456,1483.6630859375,0.10114203161525434,2.2021731139190086
S. hians,2,800,17,1500,12.16602073661307,198.1086503723331,390.52145385742193,0.11908206361671173,2.2296309731681685
S. hians,2,800,18,400,9.922407649228703,236.90022531253612,390.2676696777344,0.12532856917978571,2.240125893937773
S. hians,2,800,19,400,2.35167814679725,71.79227660837678,105.79428100585938,0.14883900744366912,2.277586314848697
S. hians,2,800,20,400,2.535010155721629,68.79285733212386,96.38782501220702,0.20928737939515263,2.3707288047191977
S. hians,2,800,21,400,2.355919526908038,64.17244345594585,87.32559967041016,0.24132670925949504,2.4142525435211137
S. hians,2,800,22,400,2.0503338533647275,58.675269890444525,78.30775451660156,0.2553583535385461,2.433535349439364
S. hians,2,800,23,400,1.6551124442345735,53.2292982997318,69.3896713256836,0.26040594920617305,2.4461622373218708
S. hians,2,800,24,400,1.3126696671913374,46.880408904353715,60.09076690673828,0.26279567515739943,2.445013501576352
S. hians,2,800,25,400,0.8839001178036971,41.19926198883174,50.85184860229492,0.266348834252083,2.4490522058271016
S. hians,2,800,26,400,11.266083936962636,270.8657621686928,382.5265502929687,0.21726019479815553,2.382179977657142
S. hians,2,800,27,250,7.33079859158864,214.92313863304253,383.18609619140625,0.08068191899905625,2.1335887765403605
S. hians,2,800,28,250,1.6565747206092851,72.31308395890295,104.94734954833984,0.10942484769719348,2.1892672655998906
S. hians,2,800,29,250,1.9285624500811334,71.61920681772948,96.347442626953125,0.1804707872918272,2.311291174018435
S. hians,2,800,30,250,1.780353927842457,68.90745523641357,87.78575134277344,0.2362774928160229,2.3917739387931216
S. hians,2,800,31,250,1.4847080490809001,63.17476234294307,78.45081329345702,0.2578475652514918,2.4241814017968135
S. hians,2,800,32,250,1.2251580080952083,56.648864126683705,69.6031494140625,0.2601710793795124,2.423321782072031
S. hians,2,800,33,250,0.8921416438179931,50.14477667556021,60.43489074707031,0.25683376967646615,2.423954021842932
S. hians,2,800,34,250,0.445355445219206,44.283117500849485,50.986934661865234,0.2494279677226192,2.404931490869043
S. hians,2,800,35,250,9.500266179966093,279.7397809193284,383.7517700195313,0.1958185859123305,2.3242063011695864
S. hians,2,800,36,150,4.932434269181446,213.18794436272103,383.10250854492193,0.052540926541282985,2.045331944957608
S. hians,2,800,37,150,0.7717703197793733,77.58174963287722,104.18435668945313,0.06879812332818788,2.0793134067393257
S. hians,2,800,38,150,1.1840547123,73.56271200615525,95.50311279296876,0.1284202475971271,2.1936312859378524
S. hians,2,800,39,150,1.220365156714003,70.52330303783715,87.0707778930664,0.19154742587705437,2.3051975358654455
S. hians,2,800,40,150,1.002254072622041,65.31416096695605,78.24462890625,0.2190512926770403,2.3470875360952923
S. hians,2,800,41,150,0.6832116611034811,59.3382994464496,69.34105682373047,0.21613839879569063,2.3453043636649964
S. hians,2,800,42,150,0.3695065795044665,52.83893715462482,59.95541763305664,0.2077053146305946,2.324961747076304
S. hians,2,800,43,150,0.06536067549625466,46.51685391101834,50.71772384643555,0.199339969399443,2.315267396678959
S. hians,2,800,44,150,6.825613946756482,278.38074907178714,383.1201171875,0.13333785740982437,2.19723766674567
S. hians,2,800,45,100,3.3620132421848874,198.11247813061155,382.80657958984375,0.03229343197373185,1.9783684552326155
S. hians,2,800,46,100,0.340531328033548,82.56421033702347,104.94349670410156,0.0450093448313315,2.0076774183222734
S. hians,2,800,47,100,0.6475449294563183,78.0786644506763,95.9287109375,0.09783453533468603,2.1176065325940145
S. hians,2,800,48,100,0.8208970900540293,73.29241102920736,87.5690155029297,0.1611964829086435,2.230819197069097
S. hians,2,800,49,100,0.5397044023093293,68.63277629815356,78.51374053955078,0.18760738462267423,2.2768648862624543
S. hians,2,800,50,100,0.3706284472599519,61.549210620356426,69.62455749511719,0.18229870491824415,2.2646828062655406
S. hians,2,800,51,100,0.11763767454714164,54.832404435846136,60.212158203125,0.1722648961607158,2.2433940784792648
S. hians,2,800,52,100,-0.12500248749517923,48.38219089220081,50.939579010009766,0.16693075173061617,2.23330988347363
S. hians,2,800,53,100,5.00596899979982,291.37824521021724,383.8858642578125,0.11163285417023204,2.1313976666408414
F. pringlei,2,800,1,1500,22.977568000142412,266.7156877027058,382.6522521972656,0.5743588161244091,2.5733031155385544
F. pringlei,2,800,2,1500,16.823709025823636,200.0712326552847,283.8315734863281,0.591567569393635,2.586175835269969
F. pringlei,2,800,3,1500,9.892894727486848,139.0897342713683,188.11245727539065,0.6182124807947728,2.60567576320791
F. pringlei,2,800,4,1500,1.618112243206726,75.77231958596242,86.01493835449219,0.6378983345876137,2.630771033275232
F. pringlei,2,800,5,1500,0.8780873867815939,70.70327355330551,77.42781066894531,0.6710348684044692,2.656965311511303
F. pringlei,2,800,6,1500,0.10508244942515477,65.15267472519838,68.41514587402344,0.6917994160171281,2.675057940585015
F. pringlei,2,800,7,1500,-0.6294490504329883,58.908157737557346,58.95035552978515,0.7144225284835755,2.691314631208006
F. pringlei,2,800,8,1500,-1.3624522917976158,53.01762689151827,49.95733642578125,0.7335894029415975,2.705146597687883
F. pringlei,2,800,9,1500,19.572077405636144,295.25711012712304,383.0632629394531,0.7498601897868991,2.710459630018857
F. pringlei,2,800,10,1500,21.327525481866882,287.6590049404579,382.7469482421875,0.7396342776183081,2.7044368522589064
F. pringlei,2,800,11,1500,22.089715522459663,283.0074544903432,382.7394104003906,0.7145265902029715,2.692180629149807
F. pringlei,2,800,12,1500,26.793950916498606,356.51512813918094,480.935791015625,0.6819283710888965,2.6743378186998306
F. pringlei,2,800,13,1500,30.18852644682354,434.8796108083358,580.12548828125,0.6481709236241641,2.653468164211081
F. pringlei,2,800,14,1500,34.23988940584357,707.7836457210426,885.9681396484375,0.609132076025471,2.6285491947397386
F. pringlei,2,800,15,1500,35.67214214218784,985.5560897509307,1188.293701171875,0.5627996100228635,2.591282318196376
F. pringlei,2,800,16,1500,36.78925066946504,1265.2696978142696,1488.5946044921875,0.5344412875866172,2.5512964437346386
F. pringlei,2,800,17,1500,20.781933985264043,278.8524720449462,392.0396423339844,0.5136953532864208,2.5309294523617427
F. pringlei,2,800,18,400,10.122324670908553,326.24601089302246,391.7560424804687,0.46548774489661726,2.4680532074449584
F. pringlei,2,800,19,400,0.9335816965835722,96.60885413545869,105.69203948974608,0.4655005934009493,2.486767527705524
F. pringlei,2,800,20,400,0.5634014427867735,89.81707734165904,96.67293548583984,0.4776427179159723,2.5060576895268607
F. pringlei,2,800,21,400,0.21933610743747883,82.97365620533378,87.60389709472656,0.5034546028908357,2.5038917056802603
F. pringlei,2,800,22,400,-0.25780691085760365,76.6187832940542,78.6773681640625,0.5289743071098928,2.5364984259961347
F. pringlei,2,800,23,400,-0.823444238410882,70.26019354152083,69.425872802734375,0.5404144207204892,2.554111667146731
F. pringlei,2,800,24,400,-1.3821840256686735,63.58160576483808,59.94464111328125,0.5609385006336496,2.560897463394358
F. pringlei,2,800,25,400,-1.9369283670065194,57.005514512902614,50.696144104003906,0.5735286050982753,2.586422301475075
F. pringlei,2,800,26,400,10.902726913846077,322.5056559385968,384.4401550292969,0.5824273467608669,2.603141854726884
F. pringlei,2,800,27,250,7.038087116596217,337.86251551921487,383.1922302246094,0.5644984529733558,2.5689884277356616
F. pringlei,2,800,28,250,0.14965827597483894,100.85707422082804,105.80059814453124,0.5499954098056105,2.568649863983461
F. pringlei,2,800,29,250,-0.0787076670169285,93.40581123931159,96.99147033691406,0.5458150091475631,2.5628419580610933
F. pringlei,2,800,30,250,-0.4217447266470357,86.65729495315611,88.351654052734375,0.5737967897023213,2.57268743265199
F. pringlei,2,800,31,250,-0.7869941289918745,79.37834952213858,79.17839813232422,0.5646663851716265,2.590512841298827
F. pringlei,2,800,32,250,-1.1978586790486578,72.37797844680276,70.04899597167969,0.5769898353100746,2.588457195126859
F. pringlei,2,800,33,250,-1.7240244049234086,65.37694424869854,60.4454345703125,0.5800003046652634,2.6053397726373513
F. pringlei,2,800,34,250,-2.151855253177419,57.98827758874671,51.052467346191406,0.606391395225127,2.615701714292518
F. pringlei,2,800,35,250,7.587235769941087,337.31977920769094,383.8116455078125,0.6057976412669264,2.6112861939408174
F. pringlei,2,800,36,150,3.9019764672302673,350.53008384099667,382.64456176757807,0.5193905000821243,2.513158812321097
F. pringlei,2,800,37,150,-0.6306908990851947,104.29344916183786,105.41099548339844,0.45936648395323654,2.475667729498091
F. pringlei,2,800,38,150,-0.7202396263304971,96.13936617774468,96.38383483886719,0.4485867944379343,2.45681613225017
F. pringlei,2,800,39,150,-0.9115634736636573,89.07196201936358,88.02149200439453,0.45822316322613094,2.4502401959631244
F. pringlei,2,800,40,150,-1.1949990892270272,81.99208012918487,79.27458190917967,0.46435044743673265,2.4688088508035726
F. pringlei,2,800,41,150,-1.51365172807269,74.62277178958999,69.99845123291016,0.463472296343235,2.4796558541388367
F. pringlei,2,800,42,150,-1.946027981033481,67.43728081127074,60.5446891784668,0.4846487092167236,2.499290021114517
F. pringlei,2,800,43,150,-2.235621312535318,59.74612961728803,51.24005126953125,0.49739863061942646,2.499087177294306
F. pringlei,2,800,44,150,4.484425357711096,348.527714533246,384.15966796875,0.5033587340311148,2.5068186328244337
F. pringlei,2,800,45,100,1.931838180404758,357.041288996577,383.3190002441406,0.3694643370693,2.385223610448855
F. pringlei,2,800,46,100,-1.072023953090301,108.87602735569588,106.30413055419922,0.3143642582148518,2.286519433148366
F. pringlei,2,800,47,100,-1.0984686063968376,100.92199172595257,97.3190155029297,0.2818905400881823,2.239396068078786
F. pringlei,2,800,48,100,-1.233364438318075,93.47179256018688,88.74567413330078,0.29004737502599737,2.2500750154540583
F. pringlei,2,800,49,100,-1.4923508291816119,86.14663999322984,79.82678985595702,0.31635706026503363,2.279978463630032
F. pringlei,2,800,50,100,-1.749001979468833,78.48428209105508,70.53181457519531,0.3319209067076166,2.3081129501674584
F. pringlei,2,800,51,100,-2.0935265778238867,70.8693787959151,60.706642150878906,0.34555361183558153,2.327954688258993
F. pringlei,2,800,52,100,-2.2696018083930034,62.69832554122444,51.32081604003906,0.3544577361806447,2.333753993239312
F. pringlei,2,800,53,100,2.4277857571033272,354.69242065150803,384.39312744140625,0.3544667036718479,2.3573036334011706
F. sonorensis,2,800,1,1500,27.80683394440699,258.4577284076256,383.3553161621094,0.5281847399716201,2.2779873222269087
F. sonorensis,2,800,2,1500,20.402697411100625,194.8992448541956,286.1455993652344,0.536777208646594,2.2934695604832815
F. sonorensis,2,800,3,1500,12.359306103627526,134.81049222691644,189.76272583007813,0.5581435240649996,2.3133358048889203
F. sonorensis,2,800,4,1500,3.5328274270442086,69.80023832433262,87.0580825805664,0.5878842381161192,2.338479441293632
F. sonorensis,2,800,5,1500,2.95257264709617,63.63897510906426,77.941558837890625,0.6233053348181042,2.365307113328148
F. sonorensis,2,800,6,1500,2.234182336297072,57.61041265151164,68.73468017578125,0.6561214119226223,2.3885391963426374
F. sonorensis,2,800,7,1500,1.4256328940148906,51.60399350396341,59.482391357421875,0.6858436644069295,2.409255874791532
F. sonorensis,2,800,8,1500,0.6523726740611347,45.48854870304659,50.43675994873047,0.7095801820787844,2.4253961154409627
F. sonorensis,2,800,9,1500,27.77703283907585,281.41854984108585,383.6397399902344,0.7196232324047013,2.4280149112278595
F. sonorensis,2,800,10,1500,28.565698103022527,277.3856660354604,383.36962890625,0.705978873129031,2.423056336948561
F. sonorensis,2,800,11,1500,28.625280840359387,274.7400874613995,383.5346984863282,0.6793960826024117,2.4119274363844743
F. sonorensis,2,800,12,1500,34.22849287006124,347.9782625541859,482.77252197265625,0.6471086363803911,2.3954871379911493
F. sonorensis,2,800,13,1500,38.06388979012853,422.23977272135073,580.70111083984375,0.6018250626131729,2.3679652981301187
F. sonorensis,2,800,14,1500,44.97802216162332,677.7452724483519,885.8701782226564,0.5371119622822984,2.3157112248174965
F. sonorensis,2,800,15,1500,47.55266043260398,936.6002729059097,1189.4283447265625,0.45914234254569875,2.2554499734612765
F. sonorensis,2,800,16,1500,49.53002161187776,1191.9134035403342,1489.6439208984375,0.3988935718284205,2.2011003864098457
F. sonorensis,2,800,17,1500,23.791840684669765,255.87407067003917,391.1994934082031,0.3871307979216824,2.1891812530575407
F. sonorensis,2,800,18,400,14.019281670759941,303.64137847512126,391.2395324707031,0.37764216585933497,2.176062460509391
F. sonorensis,2,800,19,400,1.7903657646436766,90.58308090307514,105.35625457763672,0.37528235029546814,2.173829298937344
F. sonorensis,2,800,20,400,1.587558601257425,83.06471326485546,95.96827697753906,0.39868776034718534,2.1911051959795875
F. sonorensis,2,800,21,400,1.2710921284481622,76.72743402874194,87.30804443359375,0.42929688397987503,2.2178890928633046
F. sonorensis,2,800,22,400,0.9535830926940936,69.67445492348533,78.17169189453125,0.4572413558057738,2.2428449686224923
F. sonorensis,2,800,23,400,0.18583201913207337,64.37479655468695,69.05774688720703,0.4834832030850564,2.2648879125178794
F. sonorensis,2,800,24,400,-0.3474874883448761,57.718502693877326,59.82038879394531,0.505519635598583,2.282281335761727
F. sonorensis,2,800,25,400,-0.9170304481511388,50.768272743956274,50.26921463012695,0.5254011543496464,2.2959228663578832
F. sonorensis,2,800,26,400,15.270643538286121,308.95238612827546,383.8716735839844,0.5313608333393129,2.3025694265599013
F. sonorensis,2,800,27,250,10.0568360923946,320.9264268381092,384.3556518554687,0.4115021161407294,2.206289707443444
F. sonorensis,2,800,28,250,1.117934650598691,93.5777943265543,104.64835357666016,0.38749099960636985,2.185625052838601
F. sonorensis,2,800,29,250,1.0590140335672684,85.55596770975475,95.83699035644531,0.399909485538773,2.1961871161899764
F. sonorensis,2,800,30,250,0.6559635561017434,79.76674355715414,87.61312103271484,0.41739142738175034,2.211346240763305
F. sonorensis,2,800,31,250,0.22433504970996127,72.88200818554422,78.23937225341797,0.437712052127996,2.2251710621881795
F. sonorensis,2,800,32,250,-0.2840388182784626,66.49798019370637,69.20787811279297,0.45368366477588895,2.2376276962765407
F. sonorensis,2,800,33,250,-0.7374132501519989,59.46127180894949,59.871700286865234,0.46892709697768326,2.2492330435707117
F. sonorensis,2,800,34,250,-1.240027847891569,52.590251699711395,50.579620361328125,0.48187342098137625,2.25938971722094
F. sonorensis,2,800,35,250,11.222560769360907,321.66642729022914,383.9547424316406,0.4842704504094024,2.261601451040071
F. sonorensis,2,800,36,150,6.0265883948679075,329.78643272011294,383.4064636230469,0.295401772720153,2.085361918860348
F. sonorensis,2,800,37,150,0.44731995745185005,95.87919695238733,105.12020111083984,0.26010423066607563,2.041710928334884
F. sonorensis,2,800,38,150,0.28660588742603943,88.1181997411069,95.68209075927734,0.27671737454964496,2.0601425842584287
F. sonorensis,2,800,39,150,0.2805420961927971,80.54300976635734,87.48247528076172,0.30243168421649946,2.0857073352262376
F. sonorensis,2,800,40,150,-0.309986774876003,75.46921958658328,78.438385009765625,0.33051786735951205,2.113405706324789
F. sonorensis,2,800,41,150,-0.6594224924613501,68.30572283698545,69.05103302001953,0.3554902830929982,2.137070797087363
F. sonorensis,2,800,42,150,-1.0555499061412186,61.19231324911495,59.63932800292969,0.3762399962065232,2.1560766456959106
F. sonorensis,2,800,43,150,-1.4188027230047615,53.92472651491632,50.4012451171875,0.3960257768164826,2.1754688407045033
F. sonorensis,2,800,44,150,7.080197091399641,335.46405348018135,385.1863403320313,0.4020418939395553,2.180956190597819
F. sonorensis,2,800,45,100,3.893707957066443,338.64964794623364,384.0042724609375,0.23530513961103125,2.002426527350617
F. sonorensis,2,800,46,100,-0.1056898874391593,100.05108350119762,105.5090560913086,0.227428868040058,1.9912983728399123
F. sonorensis,2,800,47,100,-0.11458662752111032,91.61912205887569,96.60725402832033,0.2509893136256416,2.019888438050257
F. sonorensis,2,800,48,100,-0.2904942150855741,84.64617487600015,88.05782318115236,0.28230373240496,2.054237773477944
F. sonorensis,2,800,49,100,-0.6308012777494713,77.49297506048163,78.50830078125,0.31186748911243467,2.0832709175791826
F. sonorensis,2,800,50,100,-0.7875424050375295,69.5555243159906,69.49224853515625,0.33686658602464326,2.10744301232358
F. sonorensis,2,800,51,100,-1.1496503275889582,62.20367785950263,59.987525939941406,0.3570686049942024,2.126648801037809
F. sonorensis,2,800,52,100,-1.4296053111961502,54.58472649564757,50.763092041015625,0.374523124967253,2.143268983232265
F. sonorensis,2,800,53,100,4.712015326657076,345.44737319774214,384.65625,0.379696282685847,2.147454032104506
F. cronquistii,1,200,1,1500,26.782359792437614,294.200300762194,402.34954833984375,0.5808165260594972,2.9543661644450623
F. cronquistii,1,200,2,1500,20.220602558910198,222.73406975784937,302.39227294921875,0.6037577736253442,2.982231205442018
F. cronquistii,1,200,3,1500,12.566101885711495,154.3985342473874,203.2330322265625,0.6280444091031965,3.00813826596376
F. cronquistii,1,200,4,1500,2.9420390070976614,80.81840518020925,93.58293151855469,0.6530126381530622,3.02968549737717
F. cronquistii,1,200,5,1500,1.9011319221544165,74.94892638554428,83.7088623046875,0.687067873452498,3.0546563724885347
F. cronquistii,1,200,6,1500,1.0798264684543346,67.91179966999437,73.65526580810547,0.7154777395251378,3.07715251530736
F. cronquistii,1,200,7,1500,0.1563958127236329,60.930577381057745,63.50273513793945,0.7453178014800825,3.095759736339358
F. cronquistii,1,200,8,1500,-0.7681394796765332,53.86447781577584,53.454242706298835,0.8007219792414405,3.1260259629739156
F. cronquistii,1,200,9,1500,25.397312076270495,317.9325143359114,402.1540832519531,0.7831526994238756,3.132391402104651
F. cronquistii,1,200,10,1500,26.342292336990425,316.81238202168294,402.2022399902344,0.8053257926023455,3.1415750721650837
F. cronquistii,1,200,11,1500,26.673696106608197,317.5612328058635,402.3128967285156,0.8308773403592047,3.1621882123325484
F. cronquistii,1,200,12,1500,30.902322126645927,404.47681603237754,502.4489440917969,0.8428965411123713,3.175663732467074
F. cronquistii,1,200,13,1500,33.61972190080637,495.85625800703184,602.71160888671875,0.8537183273603931,3.1911125987771665
F. cronquistii,1,200,14,1500,36.90022725802739,781.2858706940193,902.4700927734376,0.8652979767174664,3.196489839369431
F. cronquistii,1,200,15,1500,37.024040971675646,1069.3633984507462,1198.400390625,0.8497897987607407,3.1996817358767147
F. cronquistii,1,200,16,1500,37.60618027452378,1361.0016014178582,1496.1458740234375,0.8620367275179037,3.1964154082649037
F. cronquistii,1,200,17,1500,24.461276789204977,323.19521727517025,401.3449096679687,0.8341245521305402,3.195455411827017
F. cronquistii,1,200,18,400,13.620305063975737,345.18736659154814,401.2225341796875,0.6286766177375447,3.134481802386086
F. cronquistii,1,200,19,400,3.127754107551936,100.21008338309962,112.94886779785156,0.713884861674585,3.138571889395942
F. cronquistii,1,200,20,400,2.51107526450798,92.41255710312628,103.23647308349608,0.7040014161016687,3.159476888516801
F. cronquistii,1,200,21,400,2.0775049493290005,83.70624848746488,92.93426513671876,0.7091571235864661,3.1678625785292387
F. cronquistii,1,200,22,400,1.368119114295813,76.28550071053299,83.03456115722656,0.717066315192637,3.175149922497134
F. cronquistii,1,200,23,400,0.6655145144670835,68.6901422141298,72.9936752319336,0.7282111531411859,3.1806719554688896
F. cronquistii,1,200,24,400,-0.03725060503636801,60.95905533005224,62.833843231201165,0.7269161702338071,3.172272166054696
F. cronquistii,1,200,25,400,-0.653720766029832,52.91009426474801,52.662601470947266,0.7411618043808087,3.172210061406484
F. cronquistii,1,200,26,400,15.208415680708509,345.9788950232489,400.71087646484375,0.7526283445443444,3.177970762473764
F. cronquistii,1,200,27,250,10.582187298619205,360.1238081230555,400.8743286132813,0.7493010709996131,3.179518012796558
F. cronquistii,1,200,28,250,2.6710432345349004,101.80200584187163,112.76773834228516,0.7529724405961212,3.1703248893181297
F. cronquistii,1,200,29,250,2.092769704536673,94.1957562875692,103.0888671875,0.7751107421385864,3.1799563532648607
F. cronquistii,1,200,30,250,1.5337775433031784,85.74433170915619,92.86537170410156,0.7800067196807783,3.2018817819586256
F. cronquistii,1,200,31,250,0.9556111504473777,77.78432211956262,83.001617431640625,0.784300783609766,3.2068580080979734
F. cronquistii,1,200,32,250,0.39516645365334235,69.66600196917824,73.017669677734375,0.7902178424617402,3.2083718328885733
F. cronquistii,1,200,33,250,-0.2253893523349015,61.51602399094026,62.83463668823242,0.7998668235335576,3.2099996315013266
F. cronquistii,1,200,34,250,-0.6175405859555794,52.83614458262098,52.71516799926758,0.8074361309065364,3.1810244424119447
F. cronquistii,1,200,35,250,11.535492080120237,359.1821737969394,400.7618103027344,0.8163817140278606,3.1972017358067677
F. cronquistii,1,200,36,150,6.959260225923332,371.94304367399434,400.9102783203125,0.7946428691643178,3.1997618422606027
F. cronquistii,1,200,37,150,1.3687091262073101,105.86048328052505,112.84716796875,0.7842105860295131,3.1963713572397245
F. cronquistii,1,200,38,150,1.2689461946572607,96.61887067573124,103.12361145019533,0.7700529306987415,3.1804946573192283
F. cronquistii,1,200,39,150,1.035424951804297,87.35153459094667,92.89875030517578,0.7741394483575864,3.1669845749944363
F. cronquistii,1,200,40,150,0.463060301059659,79.43408226314287,83.09037780761719,0.7870346380147054,3.1690203429231185
F. cronquistii,1,200,41,150,-0.07072908795054927,71.07437616638532,73.08525085449219,0.7443820780528001,3.178759289360954
F. cronquistii,1,200,42,150,-0.5820937314548518,62.72849618742675,62.96160125732422,0.7902202353832801,3.173231697558425
F. cronquistii,1,200,43,150,-0.9937738370304782,54.05651064971219,52.889652252197266,0.781713879360966,3.17563122952322
F. cronquistii,1,200,44,150,7.495761136125406,369.7841405269561,400.8327941894531,0.7776063797542869,3.172012496961455
F. cronquistii,1,200,45,100,4.579773995747374,377.98533483220314,401.0872497558594,0.7368192833431477,3.1513125835908578
F. cronquistii,1,200,46,100,0.5923860803559983,107.91051902223772,112.99240112304688,0.6970841603017002,3.152612953326374
F. cronquistii,1,200,47,100,0.5253286138867537,98.78336043883117,103.24938201904295,0.7048796677794223,3.130644997182826
F. cronquistii,1,200,48,100,0.3034621849660098,89.39768288213916,93.008880615234375,0.700709679643414,3.1369498759877317
F. cronquistii,1,200,49,100,0.04884720412434962,80.58889479665532,83.18828582763672,0.7077889837352708,3.1398661262745153
F. cronquistii,1,200,50,100,-0.33055170890862984,71.9532070855573,73.13923645019531,0.7071533124209847,3.137300424892965
F. cronquistii,1,200,51,100,-0.3429611768627694,62.08040984182574,62.95915603637695,0.707786028794005,3.1193064912271513
F. cronquistii,1,200,52,100,-1.0282296813395104,54.327453462226224,52.957061767578125,0.7342758072382166,3.1446003696015397
F. cronquistii,1,200,53,100,5.485819223365562,375.3872719020406,400.9794921875,0.7303640659831065,3.1362213556700445
F. cronquistii,2,800,1,1500,28.11796821485125,252.6023977043617,384.1316223144531,0.4807081326599998,1.9548520336203656
F. cronquistii,2,800,2,1500,20.548082028996436,190.74384899471485,285.8951110839844,0.4913009755440446,1.9697026802334583
F. cronquistii,2,800,3,1500,12.311043069252063,132.70983767977566,190.0162811279297,0.5020950237967209,1.9842674190364924
F. cronquistii,2,800,4,1500,2.4195768678703176,73.57837133894435,87.460479736328125,0.513829833434843,1.9986770090551873
F. cronquistii,2,800,5,1500,1.5912133823898202,68.01070903991301,78.17396545410156,0.525579868419885,2.012813303200848
F. cronquistii,2,800,6,1500,0.7486623233225962,62.6225260178502,69.1444320678711,0.5364896959977623,2.0260386711685854
F. cronquistii,2,800,7,1500,-0.28185493318084587,57.53349684959044,59.805450439453125,0.5480608232803518,2.039832971694923
F. cronquistii,2,800,8,1500,-1.1610003927926296,51.84968391582071,50.54523086547851,0.5579729877976353,2.055826543676405
F. cronquistii,2,800,9,1500,27.20583327799916,268.2830157104172,382.516357421875,0.5640600743908052,2.069594899663818
F. cronquistii,2,800,10,1500,28.03497051834139,266.3068818238502,382.4806213378906,0.5714320306381505,2.0879683535274527
F. cronquistii,2,800,11,1500,28.160198167161894,266.9348170978433,382.8972778320313,0.5758133857643619,2.108285488409805
F. cronquistii,2,800,12,1500,33.59140683110845,342.79577484449646,481.3469543457031,0.5783839982515958,2.12938722002774
F. cronquistii,2,800,13,1500,37.276288455502424,423.5212614263363,579.70928955078125,0.5731196645604894,2.148400724804422
F. cronquistii,2,800,14,1500,42.594728128055955,693.2094243891254,883.43719482421875,0.5549691293762139,2.1558219777865597
F. cronquistii,2,800,15,1500,43.97471094957101,969.8973303686927,1184.5794677734375,0.5204453042431829,2.152641468169517
F. cronquistii,2,800,16,1500,44.369849329005284,1243.239965246093,1482.7314453125,0.47634148511550656,2.14047376864581
F. cronquistii,2,800,17,1500,25.061837347698862,266.4872204072026,390.3385620117187,0.45095357761669613,2.137099854848435
F. cronquistii,2,800,18,400,12.339060537220231,312.50745733430733,389.86721801757807,0.3744972076627204,2.12884853875541
F. cronquistii,2,800,19,400,1.607122020790799,92.12097176815593,105.3313217163086,0.37467511312614943,2.1439820158065412
F. cronquistii,2,800,20,400,1.158059682259123,85.42679639436645,95.90262603759767,0.3809678989353724,2.1563667102876933
F. cronquistii,2,800,21,400,0.8999857942912672,78.53253821101391,87.290863037109375,0.3899197812350785,2.170951582812704
F. cronquistii,2,800,22,400,0.363116793639834,72.00167504670688,77.74711608886719,0.3991534697483501,2.1885938723033176
F. cronquistii,2,800,23,400,-0.239876820585024,66.2012269197164,68.731536865234375,0.4103633913900091,2.205194780035818
F. cronquistii,2,800,24,400,-0.7166532931642345,59.44657914212442,59.438758850097656,0.4188851098631644,2.21732919262028
F. cronquistii,2,800,25,400,-1.4707797906889626,53.93431891266984,50.24961471557618,0.4303943581776602,2.230588551591718
F. cronquistii,2,800,26,400,13.844226883938923,308.9391810916547,384.47015380859375,0.43777112250896194,2.2432459037936496
F. cronquistii,2,800,27,250,9.125016374146597,329.3428096282435,383.5994873046875,0.4392129384863867,2.260353752949959
F. cronquistii,2,800,28,250,1.1964420056953617,95.08642134004414,105.02256774902344,0.4420506089708506,2.2703299612642875
F. cronquistii,2,800,29,250,0.8948849097018093,88.05013353675449,96.33064270019531,0.4460369405909023,2.28003850597376
F. cronquistii,2,800,30,250,0.5816605350048667,81.1670633452497,87.76020812988281,0.4506533819867695,2.2892082691173856
F. cronquistii,2,800,31,250,0.11541254925503325,74.05776106328852,78.27076721191406,0.4574972502870874,2.2967464028422837
F. cronquistii,2,800,32,250,-0.34213141434420624,67.28892732454987,69.28550720214844,0.4607801147986641,2.3116348240465157
F. cronquistii,2,800,33,250,-1.0259158873839733,60.91213343903975,59.695369720458984,0.4666250801117274,2.3194064922370163
F. cronquistii,2,800,34,250,-1.5132479911788062,54.05981980640896,50.511932373046875,0.4696754397558583,2.3284068015516097
F. cronquistii,2,800,35,250,9.98280967837522,328.8405195583685,383.5765380859375,0.4770055729944247,2.3304686594725355
F. cronquistii,2,800,36,150,5.734166809208082,344.59460395743616,382.90621948242193,0.45405370610502377,2.338468919668594
F. cronquistii,2,800,37,150,0.1586916106971864,100.19674439436837,105.49449157714844,0.4441913916499424,2.3347501653712244
F. cronquistii,2,800,38,150,0.1438683010132246,91.6549882523926,96.62374114990233,0.4365589148267184,2.3334898876193626
F. cronquistii,2,800,39,150,-0.0800711814436855,84.44923808772909,88.15216827392578,0.4346943022078998,2.3348353468597636
F. cronquistii,2,800,40,150,-0.4528190141753694,77.19494971481744,78.94393157958984,0.4327498071476991,2.336671788247826
F. cronquistii,2,800,41,150,-0.819628961349318,69.74207333384294,69.51005554199219,0.4276559281979025,2.336327477240353
F. cronquistii,2,800,42,150,-1.1390718028466442,62.1707931286562,60.167457580566406,0.4287359656601252,2.3323302150830276
F. cronquistii,2,800,43,150,-1.5635744740568458,55.015406560143504,50.80393600463867,0.4286969156120424,2.33569061766674
F. cronquistii,2,800,44,150,6.298829521198399,342.13573834207324,384.0643310546875,0.4277020831354951,2.3377247493181783
F. cronquistii,2,800,45,100,3.751688794574166,351.92183124374947,383.1716918945313,0.4021842543201199,2.323224155042233
F. cronquistii,2,800,46,100,-0.368597981480126,102.44417391736536,105.31109619140624,0.39005261318132056,2.3205283291119705
F. cronquistii,2,800,47,100,-0.49360745103341785,94.61358492487108,96.55205535888672,0.38905277577182246,2.323920111281681
F. cronquistii,2,800,48,100,-0.585894914950865,86.72565459806252,87.96526336669922,0.3852510183122764,2.332136635700721
F. cronquistii,2,800,49,100,-0.5959792675854937,78.0590099969569,78.924072265625,0.39784920673532326,2.3366104722750025
F. cronquistii,2,800,50,100,-0.9825486357532238,70.81153400854213,69.57783508300781,0.39936842524383503,2.3493941064393584
F. cronquistii,2,800,51,100,-1.274103818284762,63.02710279527374,60.1308708190918,0.4029201596957524,2.357107266483246
F. cronquistii,2,800,52,100,-1.7307118455117694,56.059284832132576,50.796775817871094,0.4075989264256528,2.371884779426051
F. cronquistii,2,800,53,100,4.114588039268993,351.1067121224983,383.632568359375,0.41164440617896314,2.3806396487921155
H. aturensis,2,800,1,1500,16.312488211252074,234.7654982725664,385.9873046875,0.22829744880821837,2.1312564692648595
H. aturensis,2,800,2,1500,12.504443246113269,176.83905912840848,286.9104309082031,0.24412440548342307,2.1745477488879987
H. aturensis,2,800,3,1500,8.29486605569174,119.06861996335904,190.12088012695313,0.2557100637193791,2.2133658998724424
H. aturensis,2,800,4,1500,3.2715312286352907,58.524627365385214,87.19657897949219,0.2652176818288556,2.245675095874176
H. aturensis,2,800,5,1500,2.898186086260959,52.60763911950693,78.15437316894531,0.2663239965744053,2.2630472119282787
H. aturensis,2,800,6,1500,2.318945183629997,47.0094034931939,69.1731948852539,0.24695473312484603,2.2448975754028653
H. aturensis,2,800,7,1500,1.779014614873951,41.17944908248864,60.09910202026367,0.22421513643909735,2.2127806581273033
H. aturensis,2,800,8,1500,1.2731094891368941,35.53833372511004,50.69593811035156,0.20716225598111815,2.180692469721529
H. aturensis,2,800,9,1500,13.581061564884434,228.32848747053592,384.69134521484375,0.1751090902771513,2.1255522848469264
H. aturensis,2,800,10,1500,11.265658827260683,207.5997577889087,384.2206115722656,0.12190198040591108,2.0240877337356795
H. aturensis,2,800,11,1500,12.370511322998436,218.30173846350357,383.9350891113282,0.14620606794356397,2.068365785415881
H. aturensis,2,800,12,1500,17.07409232833649,297.8499803224282,484.4542541503906,0.1861417724967216,2.140191405386329
H. aturensis,2,800,13,1500,19.6349853421009,379.5167648497508,584.09014892578125,0.19929982646658312,2.1704804715784123
H. aturensis,2,800,14,1500,23.374246910995232,575.9521542026413,887.8436889648436,0.14911744810867197,2.0853488900001977
H. aturensis,2,800,15,1500,22.250029148489944,641.629921117946,1192.1051025390625,0.07279550506494473,1.9233717490865092
H. aturensis,2,800,16,1500,23.390506429564276,781.1074649786558,1491.855712890625,0.05801942263910833,1.8903045284893596
H. aturensis,2,800,17,1500,8.300529999933488,203.37226119920135,392.5921936035156,0.08061052511257691,1.9450178688346205
H. aturensis,2,800,18,400,8.364525398794374,260.3878542926594,392.49114990234375,0.12583309091961536,2.071011033803938
H. aturensis,2,800,19,400,1.2728772562770998,76.93783873063057,106.4380111694336,0.09689287367517428,2.0106397760402617
H. aturensis,2,800,20,400,1.4458698754670256,69.10761892700363,96.697174072265625,0.11774573134368536,2.058262284290395
H. aturensis,2,800,21,400,1.7891082800248599,64.64851677923511,87.36446380615236,0.18551642911083083,2.1876746693348688
H. aturensis,2,800,22,400,1.8817303059772994,59.25940124367224,78.37591552734375,0.2427316942937057,2.270915016481187
H. aturensis,2,800,23,400,1.4775036249206057,53.826508935639104,69.10807800292969,0.2522306291180578,2.3053423665441515
H. aturensis,2,800,24,400,1.0750784941458205,47.80711604447301,59.848777770996094,0.24787890283578537,2.3057564609269465
H. aturensis,2,800,25,400,0.6761409380516453,41.63444474078162,50.38071060180664,0.24273418203937489,2.303233969610112
H. aturensis,2,800,26,400,10.170012937313006,284.18662695087374,385.44378662109375,0.22179971606367324,2.2741301768615085
H. aturensis,2,800,27,250,5.840251844339723,245.3396968560777,384.1947021484375,0.07967651340042703,2.0145687356325506
H. aturensis,2,800,28,250,1.2225817065163636,77.28042651503803,105.27848815917967,0.09908097962414157,2.0598860299342774
H. aturensis,2,800,29,250,1.528314243562125,72.76567545536327,96.86974334716797,0.1475674141684543,2.155893522909901
H. aturensis,2,800,30,250,1.6154471956064183,68.53771636190966,87.66612243652344,0.21065559336346631,2.2710396702762954
H. aturensis,2,800,31,250,1.3433073187442073,63.496468291227906,78.159423828125,0.24755190084478076,2.329205494632508
H. aturensis,2,800,32,250,1.057830913117025,56.83816274996785,68.76099395751953,0.25370889772480293,2.3384010911374644
H. aturensis,2,800,33,250,0.6610011033223926,50.919705441746686,59.60861587524414,0.250862240125848,2.34426184494223
H. aturensis,2,800,34,250,0.3023494045559502,44.46249201805297,50.22005462646485,0.24165413452184664,2.3377426443379083
H. aturensis,2,800,35,250,8.169277582770567,301.31315628214355,385.1763916015625,0.22091996884534815,2.2989150949088506
H. aturensis,2,800,36,150,3.9433738206050477,268.18834422516414,383.81695556640625,0.06538114972875231,2.0246205030707936
H. aturensis,2,800,37,150,0.6011167989131264,82.63950134218378,104.31562042236328,0.0724067557404368,2.0414347128935333
H. aturensis,2,800,38,150,0.7602265433877937,76.17529403073438,95.99871063232422,0.0980754600766431,2.0974673227791207
H. aturensis,2,800,39,150,0.8316761603590692,70.54069080006613,87.0094223022461,0.13359169096034587,2.165702817250887
H. aturensis,2,800,40,150,0.66454961714271,65.92467389918704,78.15509033203125,0.16243510888508925,2.222155196786334
H. aturensis,2,800,41,150,0.5307413738944785,58.96292129252189,68.80725860595703,0.17768892490723495,2.251809722121223
H. aturensis,2,800,42,150,0.28263110804831815,52.75262256841966,59.658058166503906,0.1826181582833466,2.2664236103181903
H. aturensis,2,800,43,150,0.016908237432421175,46.40643766797815,50.337493896484375,0.18331846715603625,2.269354724760633
H. aturensis,2,800,44,150,5.9793164861006,308.0034679436787,384.3227844238282,0.1752093746961235,2.2515900731115837
H. aturensis,2,800,45,100,3.4139602675070693,282.41298758705426,383.6803283691406,0.0660025901892528,2.0481694954250997
H. aturensis,2,800,46,100,0.4409389209574583,87.98776832051041,105.63231658935548,0.07432909523563408,2.0699470498066512
H. aturensis,2,800,47,100,0.5429551174331377,81.27182437839186,97.019683837890625,0.10035984879402957,2.125118894339044
H. aturensis,2,800,48,100,0.5736444417216323,75.09582176019023,87.86219787597656,0.1385794232902804,2.2020933566703316
H. aturensis,2,800,49,100,0.41601412584266456,70.02923583105917,79.07408905029298,0.17440386552480766,2.2651182189023675
H. aturensis,2,800,50,100,0.2462582923222944,62.87332422303974,69.533050537109375,0.1900290267495008,2.2951321917298335
H. aturensis,2,800,51,100,0.0357750677678941,56.02246107417274,60.33439254760742,0.1931629998445494,2.3047475561196915
H. aturensis,2,800,52,100,-0.14523218567157886,48.73279627397847,50.99112319946289,0.1959827793892445,2.3056068572001243
H. aturensis,2,800,53,100,4.521350699462839,324.0831011562323,384.4104919433594,0.17879149389151272,2.2795360713176196
S. hians,1,200,1,1500,22.67385890907854,269.3569505785181,402.9307556152344,0.4237767305085035,2.764486277864926
S. hians,1,200,2,1500,17.893893053860246,199.7023924953588,302.58209228515625,0.4356211487569941,2.822798664572838
S. hians,1,200,3,1500,12.637256362809456,136.68431674903877,202.954345703125,0.5022350768308335,2.9226335247833632
S. hians,1,200,4,1500,5.498131480380087,66.3068501778306,93.08409118652344,0.5889924393881659,3.0258358204964897
S. hians,1,200,5,1500,4.956953190715311,60.440384204589435,83.16840362548828,0.6571075264343528,3.098867050567947
S. hians,1,200,6,1500,4.305357691759736,54.16346892841665,73.08642578125,0.7171371889151543,3.155291733654158
S. hians,1,200,7,1500,3.561197386168539,47.48217929493054,62.831336975097656,0.7602509889792063,3.192322982008016
S. hians,1,200,8,1500,2.79018103290717,40.665154420408605,52.68736267089844,0.7897778467314438,3.2208420236160165
S. hians,1,200,9,1500,24.268710933084268,301.8390193315745,401.5480346679687,0.7606597349381987,3.2214145524456397
S. hians,1,200,10,1500,23.93471400339029,296.4096319537851,401.5135498046875,0.6698983278944326,3.165099398578983
S. hians,1,200,11,1500,23.76150256437404,294.2154390960947,401.52093505859375,0.6365603058412638,3.1464510301248083
S. hians,1,200,12,1500,26.87961164446851,372.7185005848348,501.76950073242193,0.5798428780264429,3.118953287084587
S. hians,1,200,13,1500,28.928267288324616,449.1690483896696,601.94415283203125,0.502330098807276,3.072365256130055
S. hians,1,200,14,1500,32.719051476410236,693.825668408836,901.8524780273436,0.39055064592321614,2.990021519347996
S. hians,1,200,15,1500,33.92880393520591,942.5362721175264,1200.7159423828125,0.3093975452236916,2.906722817350921
S. hians,1,200,16,1500,34.49224659020807,1184.5657712514158,1498.9638671875,0.24663507113327407,2.837773309128126
S. hians,1,200,17,1500,17.092684835906947,247.3686814300474,401.830810546875,0.23314763624599716,2.8190401787657176
S. hians,1,200,18,400,11.634177067334104,286.3125284162448,401.74273681640625,0.21535854064188223,2.7835962970632826
S. hians,1,200,19,400,3.1120121040799447,82.45290708360851,113.0356216430664,0.23174958163878953,2.8012358804851827
S. hians,1,200,20,400,3.213391524315443,78.54383637739569,103.2329559326172,0.3217714116430602,2.8928832544454055
S. hians,1,200,21,400,3.015336512523283,72.93385714837636,92.93922424316406,0.40137542966996054,2.957933652220847
S. hians,1,200,22,400,2.659574262406085,66.81499002823398,83.07392883300781,0.46483992372723487,3.0024728188410226
S. hians,1,200,23,400,2.2614945071204673,59.797902114694864,73.05460357666016,0.5124959530713485,3.033411411038629
S. hians,1,200,24,400,1.723604467163582,52.704093338859046,62.84671401977539,0.5457712129906935,3.0554963674282773
S. hians,1,200,25,400,1.179626048920253,45.353722213595866,52.69181060791016,0.562600671396718,3.0654686713571717
S. hians,1,200,26,400,14.228443726856714,325.7233833453243,401.009033203125,0.5370526887418627,3.040320904925553
S. hians,1,200,27,250,9.854498082131743,312.77674126852077,401.1624145507813,0.2557853336675447,2.7800673184277547
S. hians,1,200,28,250,2.598561964911959,86.91015356211636,112.7993621826172,0.2376085265331337,2.7504746276531367
S. hians,1,200,29,250,2.555945853806394,80.54854352159728,103.09603118896484,0.2794819343575553,2.7928634078862813
S. hians,1,200,30,250,2.3565381051376417,74.11769679794978,92.85245513916016,0.3271387336215736,2.8382563306374946
S. hians,1,200,31,250,2.0393354877442675,67.85873282639379,83.04476165771484,0.3700812315886619,2.8727631319743816
S. hians,1,200,32,250,1.6783681639351573,60.901731464015775,73.01110076904298,0.40605122140230027,2.901780758611858
S. hians,1,200,33,250,1.2437363438391966,53.773770005445805,62.88555145263672,0.43451108769173674,2.9239858328356787
S. hians,1,200,34,250,0.8095857077380422,46.42997314691115,52.80721664428711,0.4607728828856483,2.9410637157435993
S. hians,1,200,35,250,10.9639554564412,331.70928991674094,400.9470520019531,0.4290607476796125,2.9162477664871256
S. hians,1,200,36,150,6.785367807841567,315.90560182201466,401.15240478515625,0.1730843199902861,2.612400993406336
S. hians,1,200,37,150,1.7513303896109373,87.76549121815621,112.8515167236328,0.16090495187882134,2.585028436603083
S. hians,1,200,38,150,1.852187487163575,82.04174997965596,103.18844604492188,0.2123729412877918,2.6520824478909635
S. hians,1,200,39,150,1.7252820380275022,76.28143182563691,92.91694641113281,0.271220834467315,2.7186121540750463
S. hians,1,200,40,150,1.460547562294725,70.11551541870409,83.11945343017578,0.31899271316865174,2.7733247690545104
S. hians,1,200,41,150,1.194163498406134,62.82570215121013,73.09950256347656,0.3567081729297142,2.8100925577537854
S. hians,1,200,42,150,0.7998131915569479,55.6782819004862,62.93034744262695,0.3904771218235531,2.8401251156267247
S. hians,1,200,43,150,0.45066862096207017,48.03264634760898,52.8662109375,0.4202177194649021,2.863682709531742
S. hians,1,200,44,150,7.835201031034342,345.99162715924916,401.0267333984375,0.4022114121831572,2.851201075763383
S. hians,1,200,45,100,5.1382000166449915,337.6273116957449,401.1939697265625,0.1904941879250018,2.590731485818658
S. hians,1,200,46,100,1.330494423442694,94.11667801120008,112.94942474365234,0.17993032347602905,2.5688590790115997
S. hians,1,200,47,100,1.4217130907387554,86.61125328262578,103.21776580810548,0.2265979436796578,2.630192849560146
S. hians,1,200,48,100,1.1971425142561585,80.24414462019506,93.0046157836914,0.273144183101573,2.6836045973817817
S. hians,1,200,49,100,1.0627708644418659,72.58510423293453,83.15623474121094,0.3132972540001723,2.7248046127004346
S. hians,1,200,50,100,0.7828421718154556,65.16032946148539,73.13907623291016,0.34624757576393367,2.757904270352301
S. hians,1,200,51,100,0.44951554584295483,57.566184323173005,62.99593734741211,0.37618398666252806,2.788198313522342
S. hians,1,200,52,100,0.17191157108502358,49.41158343305915,52.87974548339844,0.39900449099926993,2.8079715629905695
S. hians,1,200,53,100,5.770692447552342,356.4416356929502,401.1325378417969,0.3895646376806909,2.7957861360142124
H. aturensis,1,200,1,1500,16.295951298410234,225.86621617115895,401.026123046875,0.1831323843683514,2.348673793847207
H. aturensis,1,200,2,1500,12.718578246316316,175.9078116083915,301.2492980957031,0.204511133159523,2.379076541366522
H. aturensis,1,200,3,1500,9.299063519743205,126.65863958063927,202.11387634277344,0.26290429613832667,2.450700795002718
H. aturensis,1,200,4,1500,3.8440802506317984,64.3935522880545,92.673095703125,0.31795241940577035,2.5107983059738763
H. aturensis,1,200,5,1500,3.4381024769400605,58.12060210220756,82.80461883544922,0.33242322551728837,2.5287611741009024
H. aturensis,1,200,6,1500,2.7014280998078477,51.569632245164264,72.74077606201172,0.30575023203951096,2.500266360681504
H. aturensis,1,200,7,1500,2.1677084182030426,44.94975953281127,62.551124572753906,0.30180160622427366,2.4947057984463754
H. aturensis,1,200,8,1500,1.5606532575435237,39.42685462573426,52.45894241333008,0.3124345686648127,2.506133873861923
H. aturensis,1,200,9,1500,13.868470653788554,221.5531116640828,400.4837951660156,0.14907648984673336,2.29105215397969
H. aturensis,1,200,10,1500,10.654568143833062,189.45822766310417,400.6681213378906,0.09163820975781557,2.181265872779768
H. aturensis,1,200,11,1500,14.126817997659522,215.09313714510645,400.8021240234375,0.1450548459342037,2.264261999794515
H. aturensis,1,200,12,1500,20.426368918861332,309.1611516735483,500.8885192871094,0.21675674277009277,2.3675081167664755
H. aturensis,1,200,13,1500,20.837135732999116,338.0218073656791,600.98016357421875,0.15213224520115995,2.276150303408096
H. aturensis,1,200,14,1500,22.937945398830184,450.90198661870096,900.3575439453125,0.09210430968230332,2.1672589074367425
H. aturensis,1,200,15,1500,24.005923257605527,543.4113410581139,1198.7174072265625,0.06383658202837798,2.1057765400364588
H. aturensis,1,200,16,1500,25.259697873899363,656.9031093596066,1496.6844482421875,0.05153775083989546,2.074191230839613
H. aturensis,1,200,17,1500,7.875714848785114,194.39360511873312,401.4788513183594,0.06818095896864623,2.10272531486291
H. aturensis,1,200,18,400,6.50904427708196,190.22883067625352,401.4656982421875,0.05469017594354729,2.050162860977085
H. aturensis,1,200,19,400,1.143132497285295,77.73033730761244,112.9169921875,0.07130461368995147,2.0772695892931954
H. aturensis,1,200,20,400,1.6798110832472846,73.97981280439319,103.17344665527344,0.12756836958859763,2.170344256024109
H. aturensis,1,200,21,400,1.9419720153586997,70.27912846442732,92.88280487060547,0.20276590900552757,2.278658689311487
H. aturensis,1,200,22,400,1.7319213372471292,64.01182315247394,83.03977966308594,0.22418271169718368,2.313665900836175
H. aturensis,1,200,23,400,1.1280986193480989,58.49323812684257,72.8945083618164,0.20912854004735923,2.291683440646215
H. aturensis,1,200,24,400,0.8782737852530278,51.47682415290064,62.71342086791992,0.22435424588843533,2.293239003864292
H. aturensis,1,200,25,400,0.4317749720046896,45.70539812092304,52.611957550048835,0.24349315032801885,2.3262428816443426
H. aturensis,1,200,26,400,9.704991070923832,244.55302087975,400.7375183105469,0.11913873428711744,2.140772411576894
H. aturensis,1,200,27,250,6.421114291499124,216.23032637346677,400.9417419433594,0.06282172328584566,2.017947054496879
H. aturensis,1,200,28,250,1.3109965531679773,81.9047184862009,112.70557403564452,0.09514684954992522,2.075243510617438
H. aturensis,1,200,29,250,1.671886067653005,80.01905484595649,103.028076171875,0.17327262310785227,2.200720915332204
H. aturensis,1,200,30,250,1.6709581015967534,75.32991567910666,92.75914764404298,0.250583566202001,2.3102437563399145
H. aturensis,1,200,31,250,1.2939028194911713,67.51646929783062,82.91062927246094,0.22521941680376603,2.2792232623448943
H. aturensis,1,200,32,250,0.8980998562961543,59.5664544408206,72.91143798828125,0.18824206656435136,2.2200310187797005
H. aturensis,1,200,33,250,0.5100938955837173,53.067058160957984,62.709819793701165,0.17777159218031685,2.1984081157723265
H. aturensis,1,200,34,250,0.0950481560705031,47.54987518083735,52.621360778808594,0.1805989132076701,2.19749413262766
H. aturensis,1,200,35,250,8.451317747556022,262.0389779834842,400.7134094238282,0.118494869307521,2.093248823682807
H. aturensis,1,200,36,150,4.200368675858457,211.7253577888469,400.9592590332031,0.03941189076018506,1.921710598958132
H. aturensis,1,200,37,150,0.5971321199932508,86.20135262602972,112.7392578125,0.05782471435194929,1.9553407117312307
H. aturensis,1,200,38,150,0.8106496020844043,83.0421119735842,103.05306243896484,0.10590991475324664,2.0423571806249674
H. aturensis,1,200,39,150,0.8864364895977281,78.01103396883506,92.82111358642578,0.17028600970353294,2.147214944599924
H. aturensis,1,200,40,150,0.7181429155118216,71.52368303150472,82.96732330322266,0.20096751026468856,2.1931675481298005
H. aturensis,1,200,41,150,0.3859540671684595,63.810293669402206,72.9468002319336,0.16622612267398668,2.138267396036623
H. aturensis,1,200,42,150,0.09687111486432898,56.88289234522661,62.806400299072266,0.15560380597613804,2.1158696209351766
H. aturensis,1,200,43,150,-0.2308113836968743,50.83888055299686,52.713233947753906,0.1586817826963393,2.1154722477136385
H. aturensis,1,200,44,150,6.105084996062901,274.30968097042495,400.70751953125,0.09391034713454949,1.9970655384301936
H. aturensis,1,200,45,100,3.392004524046708,197.51342291855585,400.95953369140625,0.029247659138088796,1.8406292318119812
H. aturensis,1,200,46,100,0.08967636891636502,97.69210221860178,112.78932189941406,0.04195093781370609,1.8644821004896948
H. aturensis,1,200,47,100,0.36065627637652387,86.69080389971418,103.06969451904295,0.07439676367016985,1.9261729710291835
H. aturensis,1,200,48,100,0.4070267352047713,80.91469103978027,92.849151611328125,0.12474511714516652,2.014423262993034
H. aturensis,1,200,49,100,0.30216621943855915,74.48163079679777,82.99523162841797,0.1688836694699564,2.0870517512303195
H. aturensis,1,200,50,100,0.02902764192648713,67.28941585885069,72.98645782470702,0.14767382891229927,2.051796860234695
H. aturensis,1,200,51,100,-0.13147167768068888,59.204450372133245,62.80936050415039,0.12574198135344014,2.0049826575074547
H. aturensis,1,200,52,100,-0.3943246773841034,52.95078450252134,52.65587615966797,0.12822676925571871,2.003968760741991
H. aturensis,1,200,53,100,4.502463346413465,286.49031694797736,400.8097534179687,0.07719558840302766,1.9009500277744371
S. hians,2,800,1,1500,20.440696675419495,217.55521479494055,383.4536437988282,0.2395478334010879,1.9633564126498533
S. hians,2,800,2,1500,14.211558370655345,158.30927238705985,286.0251159667969,0.21509886500055264,1.9486968811963452
S. hians,2,800,3,1500,10.172439495076983,111.01692657370464,190.1888885498047,0.25851584848064035,1.9963172194605576
S. hians,2,800,4,1500,4.242947125655928,58.616443464949626,87.591033935546875,0.3310899662286284,2.062165589914075
S. hians,2,800,5,1500,4.043792823905095,52.43328456162075,78.6119613647461,0.35453937575907934,2.0896201565254016
S. hians,2,800,6,1500,3.1794808657740297,46.44305535111952,69.24571990966797,0.3253998184928315,2.0776868775357435
S. hians,2,800,7,1500,2.2697250808303018,40.223947668564925,60.029983520507805,0.2747410275665541,2.046163464118581
S. hians,2,800,8,1500,1.4037107900932342,34.566960575457465,50.5628776550293,0.22849311052606033,2.015402768278116
S. hians,2,800,9,1500,16.4074230198535,182.7331239073143,383.00680541992193,0.15036678741188456,1.9503546567425072
S. hians,2,800,10,1500,11.405776467381614,148.28091832047593,382.9173889160156,0.0856757604911089,1.8907953918238491
S. hians,2,800,11,1500,13.046560707590915,162.0025262391707,382.2259826660156,0.10557377020841684,1.916279603992036
S. hians,2,800,12,1500,21.49900625307599,237.81498030229304,481.3983459472656,0.16187668580389766,1.9795230003469333
S. hians,2,800,13,1500,25.100697921802254,291.10823596020543,580.311767578125,0.1585803511772733,1.9834401652584492
S. hians,2,800,14,1500,32.19278577568389,421.4089196603466,884.1724853515625,0.12356961719613611,1.954457476996715
S. hians,2,800,15,1500,35.354888726401136,553.8176002028648,1186.9873046875,0.09700932275015542,1.929429573924179
S. hians,2,800,16,1500,38.67284862997289,730.1974984100201,1485.679443359375,0.08824602699116205,1.9213439168874171
S. hians,2,800,17,1500,12.38582799703974,192.58613890525535,393.4642028808594,0.11094842747176016,1.949132463953225
S. hians,2,800,18,400,9.333550931075983,183.35176114365157,393.017822265625,0.07890557329265885,1.92929456140782
S. hians,2,800,19,400,1.4076953924758526,75.08515791449491,105.99640655517578,0.10960361573187637,1.9637578479552755
S. hians,2,800,20,400,2.6186947134099197,71.61967716976005,96.652130126953125,0.2463147241098112,2.0906033375935804
S. hians,2,800,21,400,2.634209920016012,67.42315972235514,87.4739990234375,0.32901968236019147,2.1659011667502925
S. hians,2,800,22,400,2.1043531424598476,61.410542505058146,78.231170654296875,0.3296016747795348,2.171740883846811
S. hians,2,800,23,400,1.5549782986790917,55.1042160241451,69.41319274902344,0.3016921405772491,2.1462628285420946
S. hians,2,800,24,400,0.8781883311493969,49.17668549866647,60.05558776855469,0.26579174844686365,2.11956850611583
S. hians,2,800,25,400,0.3071985921489633,43.225757711906944,50.78662109375,0.22666911818466495,2.092356048466172
S. hians,2,800,26,400,13.557048800398642,236.66226083968093,385.5699462890625,0.17342295202119978,2.046770126036572
S. hians,2,800,27,250,7.011293694647942,167.64107466272802,385.31396484375,0.05633762305742444,1.9302893262381111
S. hians,2,800,28,250,0.8824852187391251,78.52788682036613,106.07012176513672,0.0870359631883833,1.9656419380322625
S. hians,2,800,29,250,2.05576789759281,73.37450010174209,97.776153564453125,0.20220936381037263,2.0765146159831054
S. hians,2,800,30,250,1.965449269484592,69.98722077509557,88.61244201660156,0.27379176431071284,2.143265038038662
S. hians,2,800,31,250,1.3721956374538145,64.20068632180498,79.38481140136719,0.25669469564177827,2.132879028854397
S. hians,2,800,32,250,0.9791394476255153,56.83843613604269,69.900787353515625,0.23098001218854988,2.1051887466241896
S. hians,2,800,33,250,0.3996226885981684,51.19985780849659,60.5049934387207,0.19959122004328528,2.0805623703461604
S. hians,2,800,34,250,0.028063009588802534,44.928263388634846,51.186981201171875,0.17832929224786115,2.061952795030491
S. hians,2,800,35,250,11.016234010817028,239.35972097319072,385.82135009765625,0.14122659536208473,2.026265888005728
S. hians,2,800,36,150,6.15208615630361,194.7915257383364,385.060791015625,0.05724143411179161,1.9451686195394868
S. hians,2,800,37,150,0.6449135334568888,79.43692223152476,106.57835388183594,0.07113081949808941,1.962391583800127
S. hians,2,800,38,150,1.2076562907406174,76.11278575446404,97.7431640625,0.1482880913724119,2.0400703913856706
S. hians,2,800,39,150,1.171660498905732,73.59428766316115,88.69876861572266,0.22993567014425345,2.1153781131472935
S. hians,2,800,40,150,0.8466330013894886,66.91664601887408,79.6096954345703,0.22301344255509428,2.1144079161517295
S. hians,2,800,41,150,0.45112211544045366,59.97223552985563,70.04150390625,0.19827034010932135,2.091781983377223
S. hians,2,800,42,150,0.029476895414731086,54.04648626391754,60.717411041259766,0.17272952830941005,2.0697889315082576
S. hians,2,800,43,150,-0.2887729599191057,47.88669749289885,51.22283935546875,0.1617152573257116,2.0581244617144403
S. hians,2,800,44,150,8.17744778476514,267.66406026857743,385.3928527832031,0.13364477988914303,2.0299380308597463
S. hians,2,800,45,100,4.825833391570928,237.02377587995815,384.5279541015625,0.0595836844602805,1.954510140541184
S. hians,2,800,46,100,0.2546626506325063,86.68118442889376,105.6625747680664,0.06748100181869184,1.965144797889807
S. hians,2,800,47,100,0.6766262950013779,79.82458736989956,96.8258514404297,0.13130189177030188,2.0281746085158376
S. hians,2,800,48,100,0.7336068651871455,75.28423498169686,87.78202056884764,0.20848533265649968,2.097825720394263
S. hians,2,800,49,100,0.30887275404897574,70.19715026478497,78.74321746826172,0.21855393732126463,2.112191567657719
S. hians,2,800,50,100,-1.9475199942048382e-4,63.022150513140694,69.24390411376953,0.19074609107640345,2.0850937032494112
S. hians,2,800,51,100,-0.33291999946743023,56.98546923721807,60.01477813720703,0.1700092724791873,2.0632974664475188
S. hians,2,800,52,100,-0.4813495468316523,49.445533325545014,50.75568389892578,0.16468211033752328,2.0617775441459374
S. hians,2,800,53,100,6.3276754584792565,291.8672079825148,384.3791198730469,0.13697161772606853,2.031942015071181
F. pringlei,1,800,1,1500,23.257546262810685,276.648448493804,400.0513000488282,0.5114707525165821,2.796771762946766
F. pringlei,1,800,2,1500,17.228765412088755,209.25530443160312,300.03985595703125,0.5200599063101149,2.807873189735343
F. pringlei,1,800,3,1500,10.453170959421751,144.92947074761133,200.05169677734375,0.5315798308751831,2.817554710206343
F. pringlei,1,800,4,1500,2.2717200934105266,76.50479604394694,90.127777099609375,0.5465460105090649,2.8294242301391206
F. pringlei,1,800,5,1500,1.5012427564637572,70.3023180778448,79.96337890625,0.5623005286271067,2.841055757295282
F. pringlei,1,800,6,1500,0.7079432242657006,64.34026595962082,70.083221435546875,0.5777799347347866,2.855260807904415
F. pringlei,1,800,7,1500,-0.024888985252104937,57.750227973421794,59.95096969604492,0.5934059682203647,2.868295972647902
F. pringlei,1,800,8,1500,-0.7401911219074756,51.0904582244692,49.933956146240234,0.6114375484615335,2.880676394398455
F. pringlei,1,800,9,1500,20.56447405277474,301.1205815092261,399.8786315917969,0.6224831281180969,2.8827544311209348
F. pringlei,1,800,10,1500,22.287849487715235,294.7349378163625,400.1197814941406,0.6293407772693616,2.888747209769499
F. pringlei,1,800,11,1500,22.83879792049148,292.7540949036181,400.0310668945313,0.6337698614498454,2.8935881950467155
F. pringlei,1,800,12,1500,27.818452850207557,369.6511482514283,499.9585876464844,0.6388224970134546,2.8955848166513896
F. pringlei,1,800,13,1500,31.191139722709853,450.84043425851377,599.914306640625,0.6254611541477575,2.899770690612844
F. pringlei,1,800,14,1500,34.71116781165265,628.3399465696415,800.00115966796875,0.6128302975300101,2.895272223778913
F. pringlei,1,800,15,1500,36.698532314014294,955.459481833028,1150.2161865234375,0.5873705904151543,2.8805636029167947
F. pringlei,1,800,16,1500,37.900012671532366,1283.5443571541432,1500.034423828125,0.5527919784528011,2.8491384348307327
F. pringlei,1,800,17,1500,20.063927733259415,292.7628729753443,399.99066162109375,0.5170361072122248,2.8261978441287936
F. pringlei,1,800,18,400,10.641693263503155,330.10188538934227,402.8948974609375,0.3952212743898368,2.7050430568618906
F. pringlei,1,800,19,400,1.5064285002896434,100.77413803601236,113.57842254638672,0.3832087314922481,2.700239030246419
F. pringlei,1,800,20,400,1.1943547923371167,93.04836684534057,103.74746704101563,0.384826344026773,2.7034114335582853
F. pringlei,1,800,21,400,0.7941531544276456,85.42502524171253,93.46195220947266,0.3902405082424989,2.7106942142888437
F. pringlei,1,800,22,400,0.4050453437280725,78.0601359073832,83.51434326171875,0.4010679442955715,2.7212551347052796
F. pringlei,1,800,23,400,-0.059764003802612785,70.92082970378733,73.45484161376953,0.41250988158189655,2.730092453310892
F. pringlei,1,800,24,400,-0.6053547553218903,63.96274306679145,63.23394775390625,0.4226292727265721,2.7395262096191293
F. pringlei,1,800,25,400,-1.115224918353799,56.80773718486034,53.11842727661133,0.4344299544163032,2.7514026845939226
F. pringlei,1,800,26,400,11.238975144380493,330.804623213604,402.012939453125,0.444350146227987,2.757028624844883
F. pringlei,1,800,27,250,7.541818076456123,348.16961117814907,402.047119140625,0.41717214222336785,2.7436591476309258
F. pringlei,1,800,28,250,0.8360256750232231,104.47677482906506,113.1716766357422,0.4069753221977165,2.729951460958342
F. pringlei,1,800,29,250,0.6672994108727284,95.98960089468763,103.44623565673828,0.40711764004772377,2.7258512346612407
F. pringlei,1,800,30,250,0.35884070014844444,87.77904467979211,93.19157409667967,0.411692727371645,2.7267734768936935
F. pringlei,1,800,31,250,-0.018123430568658852,80.2887655933178,83.31217193603516,0.4204604468922086,2.7332882966970793
F. pringlei,1,800,32,250,-0.42076207725123516,72.77301905276603,73.32891845703125,0.43001574209207777,2.7396089196970568
F. pringlei,1,800,33,250,-0.8159942037489125,64.94271003988925,63.13762283325195,0.43996001409516344,2.746762294849759
F. pringlei,1,800,34,250,-1.2425432911246461,57.31110230177268,53.058395385742195,0.4494859405223964,2.7565301375848934
F. pringlei,1,800,35,250,8.030170697212075,348.4520331191089,401.7828979492187,0.4601577599352998,2.7612191665182473
F. pringlei,1,800,36,150,4.383426011511862,364.1372837280242,401.88818359375,0.396735653470922,2.720888738338777
F. pringlei,1,800,37,150,0.08880332259312132,108.43268306525678,113.12036895751952,0.3666169006253316,2.6812400935384213
F. pringlei,1,800,38,150,-0.04388812027786787,99.74892510475618,103.35173034667967,0.35851616485290483,2.6692930876651664
F. pringlei,1,800,39,150,-0.28094008227389583,91.28703688431786,93.14179992675781,0.36230858424894385,2.6691699751175184
F. pringlei,1,800,40,150,-0.50307869196185,83.02098299642675,83.264984130859375,0.36935155962491456,2.67262898930558
F. pringlei,1,800,41,150,-0.7887586723557476,74.94993779446877,73.25240325927734,0.37782477634058126,2.6746490732135864
F. pringlei,1,800,42,150,-1.0295465109396984,66.40738657063942,63.08393859863281,0.3873816818338427,2.6790709720239976
F. pringlei,1,800,43,150,-1.420817903313968,58.7189892630746,52.97380065917969,0.39744985987709225,2.68359780053921
F. pringlei,1,800,44,150,4.838545268306327,362.1109715040628,401.7417297363282,0.4051564161500016,2.686116711351671
F. pringlei,1,800,45,100,2.511567837198814,371.70176620907387,401.8575134277344,0.31804904454625116,2.6054608747594465
F. pringlei,1,800,46,100,-0.37825495761924344,111.467788046801,113.0971908569336,0.27312242859798874,2.534213453969278
F. pringlei,1,800,47,100,-0.3837827564147091,102.22027686405144,103.38568115234376,0.25373077428803315,2.501773840637907
F. pringlei,1,800,48,100,-0.5353634416677776,93.49715194626236,93.1264877319336,0.25380319204759083,2.4900016228742317
F. pringlei,1,800,49,100,-0.7167636503085992,85.2178289690172,83.220458984375,0.2612311289710947,2.495278863452637
F. pringlei,1,800,50,100,-0.9292110231917242,77.03256765216805,73.30003356933594,0.273394715125633,2.5067875578403473
F. pringlei,1,800,51,100,-1.2015029938061774,68.96522548816922,63.1081428527832,0.2820294617598912,2.520386869767666
F. pringlei,1,800,52,100,-1.3869887030036054,60.275007815869614,53.00210952758789,0.29208905651022055,2.528890388133732
F. pringlei,1,800,53,100,2.949283565257134,367.9126163573152,401.7521362304687,0.3006100578299299,2.532773280058871
F. pringlei,2,200,1,1500,27.345310924589867,295.97663779489335,400.072265625,0.9681183773957899,2.945119570492156
F. pringlei,2,200,2,1500,21.160049245401936,220.41476892509397,299.931640625,0.9909662922130283,2.963930888572417
F. pringlei,2,200,3,1500,13.328165089811,150.00453679501695,199.8824005126953,1.0229269590279133,2.982171194063674
F. pringlei,2,200,4,1500,3.133014057665553,76.90060481790455,90.02620697021484,1.0704628289771456,3.000452953157219
F. pringlei,2,200,5,1500,2.1929735951881284,70.27197228559227,79.923553466796875,1.123612603784256,3.0230838374240703
F. pringlei,2,200,6,1500,1.217918146200794,63.75045963296595,69.955718994140625,1.1844165969128433,3.047418316990428
F. pringlei,2,200,7,1500,0.23990241074581847,57.12572972503912,60.01762390136719,1.24612883180398,3.0666888522582014
F. pringlei,2,200,8,1500,-0.7460911018928366,50.33012312694766,50.02033233642578,1.3123426352198213,3.088372888196318
F. pringlei,2,200,9,1500,24.92854995725164,316.43521951923765,399.9690551757813,1.3670405658059177,3.1053219279120094
F. pringlei,2,200,10,1500,26.340018867077013,313.27898779028754,400.0309448242187,1.4037475722697974,3.1202577198986545
F. pringlei,2,200,11,1500,26.91073544879112,311.7750470674741,400.0455932617187,1.4088823646770765,3.128211162828957
F. pringlei,2,200,12,1500,31.141697528216234,396.41556307632186,499.8003234863282,1.4014792115460015,3.129262325713644
F. pringlei,2,200,13,1500,34.19161676546404,484.12394896465815,599.87786865234375,1.3761002274741614,3.1267923205575787
F. pringlei,2,200,14,1500,37.33137270290176,667.6736769617129,799.8262939453125,1.3346948216342178,3.121580896309766
F. pringlei,2,200,15,1500,39.42355317579357,999.1156951211772,1150.24658203125,1.2736576834317055,3.106514647592252
F. pringlei,2,200,16,1500,40.1546514044186,1333.1777588597583,1499.665771484375,1.2119997132816895,3.0874998545595447
F. pringlei,2,200,17,1500,25.265388943672555,310.1239955612259,399.8420104980469,1.1648630272950058,3.0740935055732845
F. pringlei,2,200,18,400,11.560536609052292,332.2742083959573,384.81097412109375,0.8836846066473509,2.9505972583290423
F. pringlei,2,200,19,400,2.296933139191028,93.96652581277648,105.68390655517578,0.8743581623418301,2.946477109065526
F. pringlei,2,200,20,400,1.936486306798928,86.49235684231533,96.60502624511719,0.8866386826032661,2.951674883165164
F. pringlei,2,200,21,400,1.4393448770894754,79.3366617987726,87.38150787353516,0.901758974260818,2.9606310067701123
F. pringlei,2,200,22,400,0.9471649924361801,72.19223729575171,78.18502044677734,0.9292873154663437,2.9707037461386494
F. pringlei,2,200,23,400,0.2991561504823017,65.50269674181912,68.9946517944336,0.9609646938279285,2.9908490859288723
F. pringlei,2,200,24,400,-0.33900311570405967,58.8286816088424,59.921173095703125,0.9908791783740228,3.008589147473729
F. pringlei,2,200,25,400,-0.9739398901600889,51.84433994990003,50.59864044189453,1.025846294181235,3.0230388784033426
F. pringlei,2,200,26,400,12.845457777154214,326.95692447226946,379.8332824707031,1.0524702627712472,3.0345674411350045
F. pringlei,2,200,27,250,8.35175070474364,338.2652891260807,378.1995544433594,0.9412890805767802,2.9541607112064523
F. pringlei,2,200,28,250,1.5600748605607682,96.89248010644103,105.95380401611328,0.8990010969742173,2.950936645135924
F. pringlei,2,200,29,250,1.303234838048021,88.93581041215788,96.79389953613281,0.90504974800112,2.9424231236084015
F. pringlei,2,200,30,250,0.9091330400777529,81.82410998761172,87.98258209228516,0.9264737311088496,2.9371544293264744
F. pringlei,2,200,31,250,0.5503231379868108,74.08072822402458,78.74542999267578,0.9466620505157692,2.9620708179703796
F. pringlei,2,200,32,250,0.028107879954817852,66.71286349256359,69.32073211669922,0.9649230942345405,2.96870694031546
F. pringlei,2,200,33,250,-0.4932135782684349,59.57734292773131,60.164276123046875,0.9962667102113244,2.971729988290462
F. pringlei,2,200,34,250,-1.021923310926234,52.03386199525422,50.63572311401367,1.0118842057957256,2.9918237265822243
F. pringlei,2,200,35,250,9.028949960809943,338.34691127558324,379.3381652832031,1.0342664669664354,2.993710033942334
F. pringlei,2,200,36,150,4.936009326732153,348.8930283526276,378.43942260742193,0.8708656206467865,2.9418367975382425
F. pringlei,2,200,37,150,0.6321049416709399,100.15301064376152,106.21206665039063,0.814198139729449,2.914052671426456
F. pringlei,2,200,38,150,0.4656942457371989,92.12336240426082,97.305206298828125,0.8043490415641433,2.909336690671902
F. pringlei,2,200,39,150,0.1744516455586525,84.30213473924229,88.116119384765625,0.8106322305233127,2.912529385195492
F. pringlei,2,200,40,150,-0.1001256824724709,76.12359444948454,78.63394927978516,0.8234948346670431,2.920802995955455
F. pringlei,2,200,41,150,-0.461826513405772,68.27176597775623,69.18522644042969,0.8441385995390117,2.92987717226088
F. pringlei,2,200,42,150,-0.7680897621445033,60.42699727100352,59.939903259277344,0.8757009179615862,2.918065905614465
F. pringlei,2,200,43,150,-1.1289416448311715,52.614446835800926,50.633018493652344,0.8831218196921824,2.942648245283461
F. pringlei,2,200,44,150,5.380542852897371,348.35698380607096,378.9518432617187,0.8958890134517646,2.952714299601939
F. pringlei,2,200,45,100,2.9608137926307174,354.7704338029049,378.8863220214844,0.6986700839740607,2.856078470941807
F. pringlei,2,200,46,100,0.02177210787466298,101.53938938623445,105.54217529296876,0.5918801842692645,2.787436366718495
F. pringlei,2,200,47,100,-0.09349155004208848,93.42498016220343,96.6395263671875,0.5314072551649167,2.732272491943877
F. pringlei,2,200,48,100,-0.2094628936388821,85.39483970898786,87.73138427734375,0.5257059439251448,2.7148587995750133
F. pringlei,2,200,49,100,-0.45376604223024886,77.53082422538404,78.482330322265625,0.5374442134908763,2.7354941122224554
F. pringlei,2,200,50,100,-0.6989143148329179,69.53718792388429,69.12975311279297,0.5601981176937818,2.7565975601752433
F. pringlei,2,200,51,100,-0.972086793000785,61.89397157495651,60.06574630737305,0.5858445011410434,2.7758594888532535
F. pringlei,2,200,52,100,-1.185647722395849,53.731246976567554,50.784217834472656,0.6127806332524037,2.793598639764765
F. pringlei,2,200,53,100,3.415217775697401,352.1336507335881,378.64251708984375,0.6298704812116881,2.7772117715397617
F. cronquistii,1,800,1,1500,23.26071494558712,252.7241933364197,400.0120849609375,0.37539431559142383,2.48112282117593
F. cronquistii,1,800,2,1500,17.166428885133676,192.27252871698963,299.8615417480469,0.383679205272245,2.4881424100839067
F. cronquistii,1,800,3,1500,10.372830194808163,135.01278419230667,199.83920288085935,0.3943239610467772,2.4848095635487697
F. cronquistii,1,800,4,1500,2.033269021140028,75.0274097205488,90.0460433959961,0.4075733518169928,2.4937634992460955
F. cronquistii,1,800,5,1500,1.2644470141955657,69.5814446180034,79.9141616821289,0.42417922593435264,2.5068863690700383
F. cronquistii,1,800,6,1500,0.5279012754842238,63.94876893015519,69.98397064208984,0.4436719791635304,2.5198584456613315
F. cronquistii,1,800,7,1500,-0.25368918653925576,58.21614176649235,59.97591400146485,0.45914521206773,2.5305488006699597
F. cronquistii,1,800,8,1500,-1.0684771127927084,52.50801004629892,50.0510368347168,0.4775634736020763,2.551882441815498
F. cronquistii,1,800,9,1500,24.005876354134912,272.26208661901546,400.0958557128906,0.49057312568615874,2.5676460657796123
F. cronquistii,1,800,10,1500,24.392835344606745,271.609250019909,400.1368103027344,0.49810935112210686,2.5699365567047643
F. cronquistii,1,800,11,1500,24.367245208410523,270.1457316846029,400.1403198242187,0.48854057967328474,2.5542711817700767
F. cronquistii,1,800,12,1500,29.208237096556562,342.3708719142759,500.1153259277344,0.48114941307203823,2.5342241863527306
F. cronquistii,1,800,13,1500,32.061497585105506,423.9446756626868,599.90130615234375,0.47707453946726874,2.481441628230008
F. cronquistii,1,800,14,1500,36.99394474972241,589.8286472469239,799.98663330078125,0.4641955340178619,2.463900318585802
F. cronquistii,1,800,15,1500,39.82405340624636,910.2716821749334,1150.1392822265625,0.45367226870015925,2.4508572344059356
F. cronquistii,1,800,16,1500,40.86460013282015,1237.8374958591578,1500.0419921875,0.4402456174256799,2.430402531859465
F. cronquistii,1,800,17,1500,21.53090042221037,274.62419535112804,399.9478759765625,0.436736630076525,2.420721838847967
F. cronquistii,1,800,18,400,11.167917952049452,318.7065422385446,402.1570434570313,0.34805664790388013,2.289700844701205
F. cronquistii,1,800,19,400,1.6825807209270505,97.1648990576732,112.98726654052734,0.3361389952608493,2.2526509560269767
F. cronquistii,1,800,20,400,1.4352477220791127,89.2241021140403,103.16312408447266,0.3357291187967836,2.242232456909056
F. cronquistii,1,800,21,400,1.066266234794685,81.62003052812967,92.84754180908203,0.3389710219858645,2.2398889757748113
F. cronquistii,1,800,22,400,0.5695183217019424,75.16597169251469,82.932708740234375,0.3439841415544099,2.2405117333866076
F. cronquistii,1,800,23,400,0.04638765290300961,68.67473901415607,72.87537384033203,0.3503716945450567,2.2431886374320458
F. cronquistii,1,800,24,400,-0.5053564274842423,62.15060547888588,62.703365325927734,0.3584204258683623,2.2480539246813858
F. cronquistii,1,800,25,400,-1.0765759767827168,55.6599529109437,52.574668884277344,0.36667243671968114,2.25971674765888
F. cronquistii,1,800,26,400,12.773188142823429,312.55084002827874,401.4133605957031,0.37414022067877406,2.262775020650414
F. cronquistii,1,800,27,250,8.35466203840805,335.5792591279081,401.5882263183594,0.35482956804580656,2.2434732605083845
F. cronquistii,1,800,28,250,1.078604480664469,100.8202965880691,112.82317352294922,0.34710880707805114,2.225226187644352
F. cronquistii,1,800,29,250,0.8972645240111745,92.49831448898149,103.04109954833984,0.3468408851701283,2.2218444929719263
F. cronquistii,1,800,30,250,0.5477335513324623,84.74930771996607,92.7999267578125,0.3484513217374875,2.22433173106049
F. cronquistii,1,800,31,250,0.1656437371559724,77.56147374373488,82.92475891113281,0.3531407212804431,2.229449879700071
F. cronquistii,1,800,32,250,-0.28689598822610846,70.59400870920447,72.88712310791016,0.3580293662237741,2.2335511790952296
F. cronquistii,1,800,33,250,-0.8160530073706423,63.876939915316285,62.71580505371094,0.36406776621565434,2.241470685716631
F. cronquistii,1,800,34,250,-1.292541630572482,56.793334425466746,52.57030487060547,0.371276497967696,2.2514546925199683
F. cronquistii,1,800,35,250,9.219193379713793,332.52374957099187,401.3343811035156,0.3758566120280103,2.2528670662160586
F. cronquistii,1,800,36,150,4.850127583292979,354.87871011365803,401.4830627441406,0.3367841902200746,2.194575326394057
F. cronquistii,1,800,37,150,0.06216224707219459,106.5753492615671,112.72210693359376,0.3080239778735391,2.1536881555433793
F. cronquistii,1,800,38,150,0.002498805155792677,97.62366339635123,103.02639770507813,0.29594640813525364,2.1299619163832393
F. cronquistii,1,800,39,150,-0.22432232801670834,89.25558940888185,92.72242736816406,0.29205060943786554,2.1233364878852155
F. cronquistii,1,800,40,150,-0.4384760935926225,81.26790866714302,82.85746002197266,0.2940858614803292,2.120735561130132
F. cronquistii,1,800,41,150,-0.7746216691425007,73.91542585053763,72.86048126220702,0.2986223316858049,2.124180794979766
F. cronquistii,1,800,42,150,-1.0643023099653466,65.9969350001141,62.683441162109375,0.304850935447043,2.1319550174298927
F. cronquistii,1,800,43,150,-1.4702230031195087,58.83974947417209,52.58049392700195,0.31154613309284906,2.141751929811726
F. cronquistii,1,800,44,150,5.668475711902063,348.00221895272864,401.2857971191406,0.31591423977932215,2.14426069227804
F. cronquistii,1,800,45,100,2.8990814445771678,362.31646326330286,401.2763977050782,0.2612066495820602,2.0650435676813066
F. cronquistii,1,800,46,100,-0.4148340919249694,110.15168990063827,112.7344970703125,0.2271815660758975,1.9957498369927635
F. cronquistii,1,800,47,100,-0.4498315897133674,101.18691815548516,102.99188232421876,0.2162958287366491,1.9698521221422125
F. cronquistii,1,800,48,100,-0.5829074031262947,92.50453437343639,92.73975372314453,0.21669474034122213,1.965547572996729
F. cronquistii,1,800,49,100,-0.7698678533691455,84.57225497538332,82.87715148925781,0.2212743612135031,1.9707778784083203
F. cronquistii,1,800,50,100,-0.9608251101778638,76.44735909146371,72.88331604003906,0.22793010188773905,1.9795535851910244
F. cronquistii,1,800,51,100,-1.2678877937729827,69.00013849793821,62.73543548583984,0.2351443656736635,1.9981637635969671
F. cronquistii,1,800,52,100,-1.5593831942116205,61.3988611560839,52.68255233764648,0.24311174021470963,2.016435635049449
F. cronquistii,1,800,53,100,3.3938758251584096,357.53422925722595,401.2584228515625,0.2485561076141038,2.0249146315079996
H. aturensis,1,800,1,1500,16.906413931638554,229.009757941148,400.0325012207031,0.19176473696298424,1.978985125260806
H. aturensis,1,800,2,1500,11.346844652002847,167.59264637427071,300.0495910644531,0.1642099363503699,1.935295586200635
H. aturensis,1,800,3,1500,7.4023398458354706,118.30915519802797,200.18017578125,0.17852749883389904,1.9454866720566937
H. aturensis,1,800,4,1500,2.6417958684207075,62.32763139997259,89.97798156738281,0.21551200939233897,1.9835722900487165
H. aturensis,1,800,5,1500,2.616634481566611,56.41983673915402,79.9273452758789,0.2602645359793348,2.0406811793292
H. aturensis,1,800,6,1500,1.7239944199704471,50.451651950289225,70.06364440917969,0.2175843349178045,2.020078011447098
H. aturensis,1,800,7,1500,1.0737471366237528,42.791325721543025,60.03769302368164,0.1628312865347765,1.9325278991289667
H. aturensis,1,800,8,1500,0.4817655328806083,37.27403944805837,50.01297378540039,0.12915381327268383,1.8880264309525956
H. aturensis,1,800,9,1500,11.679160894250826,190.3983676791797,399.8303527832031,0.10069364468143388,1.8491919587759476
H. aturensis,1,800,10,1500,9.811658726561232,185.79406666230855,399.9704895019531,0.08181198890116054,1.8241645155145376
H. aturensis,1,800,11,1500,12.046483710816076,197.26058746318915,399.9671020507813,0.10799905655639191,1.8565009225632096
H. aturensis,1,800,12,1500,14.31108998371209,240.3791080217817,499.7763977050782,0.09900186665348894,1.8442849631393328
H. aturensis,1,800,13,1500,14.373255677226908,245.67521095110436,600.143310546875,0.07079359146221992,1.811516425179492
H. aturensis,1,800,14,1500,16.945833288245307,326.9456312555067,799.97479248046875,0.061468328297378194,1.789446939431946
H. aturensis,1,800,15,1500,20.970403305598378,453.1881815752068,1149.985595703125,0.050657171092355416,1.7704003238661972
H. aturensis,1,800,16,1500,20.48996134543736,552.2044126537803,1499.9139404296875,0.03550767112935849,1.7470220190798864
H. aturensis,1,800,17,1500,5.111371645771144,203.06091432029856,399.943115234375,0.04600702107700672,1.7580470388829708
H. aturensis,1,800,18,400,6.1027898710481905,195.5281003644064,403.48486328125,0.051942422908732175,1.7461486716776562
H. aturensis,1,800,19,400,0.5939725044142348,85.0056972297839,114.62293243408205,0.057426428635270255,1.75053849494303
H. aturensis,1,800,20,400,0.966203672166241,74.38427618378648,104.78125762939452,0.07935938617416945,1.778210964809041
H. aturensis,1,800,21,400,1.0663542198143778,68.96624474117762,94.4651107788086,0.10539639917653078,1.8087188451793337
H. aturensis,1,800,22,400,0.7767889209864105,65.89620869353814,84.50716400146484,0.12017918606018314,1.823596085047364
H. aturensis,1,800,23,400,0.6149367993697774,58.43705447929021,74.50262451171875,0.120836185865386,1.8267719394682207
H. aturensis,1,800,24,400,0.36796128991263266,51.30977505527854,64.24735260009766,0.1129721452207984,1.812021588122152
H. aturensis,1,800,25,400,-0.03901521125982166,47.41376759129309,54.0930061340332,0.1119681191228412,1.8102735687836249
H. aturensis,1,800,26,400,8.152746775368295,207.8342183167248,402.5849914550782,0.07543385941073173,1.7593554548297252
H. aturensis,1,800,27,250,4.394012794226081,190.4973898550548,402.6037292480469,0.036380135566641665,1.6965952074221278
H. aturensis,1,800,28,250,0.24019066174482473,90.11780342269778,114.31807708740234,0.04377311089856461,1.7072958260563027
H. aturensis,1,800,29,250,0.480401971943022,80.83611606961621,104.42155456542967,0.06552357217484835,1.7344852693903958
H. aturensis,1,800,30,250,0.4676313522275735,75.62363539919596,94.1219253540039,0.08741887138025728,1.765366812169028
H. aturensis,1,800,31,250,0.5675581932419593,66.95323932897598,84.4077377319336,0.10580637959538554,1.7953248133260933
H. aturensis,1,800,32,250,0.22662481933218487,62.64083620352098,74.13835906982422,0.10788731287506186,1.7904106840409513
H. aturensis,1,800,33,250,-0.05731693108409941,56.797049563655015,63.94639587402344,0.09999935562005001,1.778431099866808
H. aturensis,1,800,34,250,-0.32660746350520703,51.4209485218205,53.84037780761719,0.09631692281977222,1.7730906640150643
H. aturensis,1,800,35,250,6.782995608012731,220.7689886174544,402.2063293457031,0.06761588504999512,1.7317130852094995
H. aturensis,1,800,36,150,3.123561375966256,212.52229499366183,402.3081970214844,0.02921392624451201,1.6679576222539327
H. aturensis,1,800,37,150,-0.14526063654103397,102.57891942074832,113.88800048828124,0.034944718862524815,1.6765950564667582
H. aturensis,1,800,38,150,0.08383126824676779,87.2282406488937,104.17362213134766,0.04865705540745529,1.6951619270690717
H. aturensis,1,800,39,150,0.11203417690491513,79.66086721945679,93.92304992675781,0.06548800171757146,1.7197369584579427
H. aturensis,1,800,40,150,0.012270048307001513,74.25149164893352,84.05115509033203,0.08451834517090864,1.7465614393443685
H. aturensis,1,800,41,150,-0.04763822819387453,66.21807042756107,74.00807189941406,0.09557512513291005,1.761112772374414
H. aturensis,1,800,42,150,-0.2911861903598985,60.492273579176285,63.82737731933594,0.09222075205485561,1.75535405849354
H. aturensis,1,800,43,150,-0.4958312055263021,54.517910856583526,53.703834533691406,0.08523214490642914,1.745467776642734
H. aturensis,1,800,44,150,5.1303413735108,239.95599263380137,401.9498291015625,0.057821714589356525,1.7033916594694165
H. aturensis,1,800,45,100,2.332497482253263,232.7862329809704,402.0657043457031,0.02477801765393891,1.6467070480449038
H. aturensis,1,800,46,100,-0.30686774463296235,110.03121681595512,113.75983428955078,0.02891431400307795,1.6514272276162227
H. aturensis,1,800,47,100,-0.11917335637536156,92.17552670752787,104.01722717285156,0.038083978719092915,1.6631165661295964
H. aturensis,1,800,48,100,-0.15882140680820422,85.32242856544636,93.8108901977539,0.05198096145048619,1.6822902874296997
H. aturensis,1,800,49,100,0.057952041870687754,72.00791046433174,84.28273010253906,0.06902465517171964,1.704722033029102
H. aturensis,1,800,50,100,-0.25940849076114936,69.51146211672042,73.82561492919922,0.08251229477280114,1.7224339996320923
H. aturensis,1,800,51,100,-0.4701949991960868,63.61880772247023,63.6429328918457,0.08770216705917058,1.7263600483262271
H. aturensis,1,800,52,100,-0.5821180392000145,56.145529017168386,53.55622482299805,0.08390039695992019,1.7084850084707868
H. aturensis,1,800,53,100,4.170741015759387,267.4024707252284,402.0455932617187,0.05806892063512208,1.6422095023293517
H. aturensis,2,200,1,1500,20.29040164246587,222.9986815638666,400.0943603515625,0.23294093400983787,2.3938570070605785
H. aturensis,2,200,2,1500,15.48128289091854,172.68028495025283,299.849609375,0.2512375266981043,2.399958121009884
H. aturensis,2,200,3,1500,10.70167294867798,121.08893764498364,200.062255859375,0.2903934899163128,2.443373610444527
H. aturensis,2,200,4,1500,4.443228171233031,57.80914139123448,90.11698913574219,0.3132619552009602,2.503722948970855
H. aturensis,2,200,5,1500,3.9381294845186674,53.03243617795791,80.07874298095702,0.34225193765004547,2.536378634577035
H. aturensis,2,200,6,1500,3.385637046105084,47.451434398815,70.02229309082031,0.3610037074292076,2.5510190521998304
H. aturensis,2,200,7,1500,2.78668779719727,41.59567570506944,60.115753173828125,0.3721487744414558,2.5765028813189272
H. aturensis,2,200,8,1500,2.0964794922498755,35.90384051432436,50.08319854736328,0.38297551973860205,2.6017261765343576
H. aturensis,2,200,9,1500,20.545292943345927,265.30245378781876,399.97113037109375,0.33826461592924156,2.539711553815199
H. aturensis,2,200,10,1500,18.741700527355103,237.36445616936336,399.8645935058594,0.23602672653414375,2.431649579451376
H. aturensis,2,200,11,1500,18.876582712677465,234.7648854634691,400.03521728515625,0.2335940382442159,2.441533070508507
H. aturensis,2,200,12,1500,22.90750170046378,295.9557673965117,499.8602600097656,0.2288887233441374,2.439189752200211
H. aturensis,2,200,13,1500,25.654891134836223,360.81467314798834,600.03173828125,0.21608771378953345,2.408796427288209
H. aturensis,2,200,14,1500,29.48279273254251,470.26233982937,799.78961181640625,0.17486282940879636,2.3660154743854656
H. aturensis,2,200,15,1500,34.04233107315622,694.014565989376,1149.9818115234375,0.14275785830361373,2.319248858249921
H. aturensis,2,200,16,1500,35.67922003517827,950.5776657006496,1499.8489990234375,0.12207589929306582,2.2697468788839616
H. aturensis,2,200,17,1500,10.730265095632149,215.89577041755015,400.0340270996094,0.10876500836612948,2.267207498532254
H. aturensis,2,200,18,400,9.622350270052628,222.0154295010856,393.03900146484375,0.10445348752260082,2.242142798228189
H. aturensis,2,200,19,400,1.6742726769836525,73.66981996457693,108.25343322753906,0.10337435951960924,2.238416219355567
H. aturensis,2,200,20,400,1.883802307869375,68.31307013344038,98.51176452636719,0.135419645197891,2.283936107675865
H. aturensis,2,200,21,400,2.0324011526957766,64.99451238338048,89.18468475341797,0.19151413884393736,2.3629305060546613
H. aturensis,2,200,22,400,1.8850565743430463,59.9921028616676,79.89833068847656,0.2261788225648125,2.4109165072397154
H. aturensis,2,200,23,400,1.467425261094931,54.07090465358655,70.31324768066406,0.2254456176167572,2.410289754103549
H. aturensis,2,200,24,400,1.2121071727778168,47.64490643275934,61.06075668334961,0.23590229726775092,2.4213245009979874
H. aturensis,2,200,25,400,0.7566749701736951,42.39378110340963,51.75574493408203,0.24278287261705211,2.4306406937135616
H. aturensis,2,200,26,400,12.82646022659366,266.05700350941953,388.1756896972656,0.2172816406248667,2.397917527332873
H. aturensis,2,200,27,250,8.326452470726386,248.370598851874,387.1363830566406,0.11419198193924757,2.250228325692879
H. aturensis,2,200,28,250,1.5463860660907784,78.72078544309076,108.27329254150392,0.11618413066638854,2.2564348833467376
H. aturensis,2,200,29,250,1.720388266946735,72.60431108111325,99.10772705078124,0.14525066552082164,2.2893531138698746
H. aturensis,2,200,30,250,1.6709706854207487,68.33319558756826,89.92362976074219,0.18227896907608543,2.3496103377991826
H. aturensis,2,200,31,250,1.4394300377697689,62.71382263375981,80.433258056640625,0.20153339885355365,2.383263169165861
H. aturensis,2,200,32,250,1.0884931265281013,57.401768124459295,70.85551452636719,0.21753641289851816,2.3950545406636374
H. aturensis,2,200,33,250,0.7296707456052846,51.45248757090816,61.42582702636719,0.22387776688932767,2.4044777840916067
H. aturensis,2,200,34,250,0.4082285431395609,44.90534427964107,51.92691802978515,0.22581800314940845,2.409758950062111
H. aturensis,2,200,35,250,10.174953831414632,277.9774802894103,388.23101806640625,0.19050917212817856,2.363185698002795
H. aturensis,2,200,36,150,4.842229702572438,256.6975034826498,388.0460510253906,0.0686567732897451,2.1723711717026015
H. aturensis,2,200,37,150,0.5103246412719543,85.24923407479578,108.00182342529295,0.061412048731056074,2.158581456576052
H. aturensis,2,200,38,150,0.5589975897200739,76.59910574715742,98.7279052734375,0.06787482832501925,2.1749882385220554
H. aturensis,2,200,39,150,0.6353698496745928,70.61773396135175,89.56011199951172,0.09012449620843638,2.211473300396057
H. aturensis,2,200,40,150,0.6690516779317628,65.48278266166912,80.22432708740233,0.12725433576056322,2.264828045660979
H. aturensis,2,200,41,150,0.5811322820595761,59.82631605875634,70.60029602050781,0.17090528422409415,2.3303784807270858
H. aturensis,2,200,42,150,0.31119991638954964,54.5416737572472,61.43537139892578,0.20294384181050956,2.3697921550893515
H. aturensis,2,200,43,150,-0.03384373244093572,48.376511312316985,51.884307861328125,0.20993636379783673,2.3870484631619764
H. aturensis,2,200,44,150,7.142612066999596,306.0539918467651,388.6961364746094,0.18587069251966665,2.347411420679797
H. aturensis,2,200,45,100,3.768891528971629,282.1918141524371,388.4223937988282,0.0679827473672444,2.1719450459110523
H. aturensis,2,200,46,100,0.3762528517422486,90.50644406176494,109.13750457763672,0.0642861101824924,2.167779134677403
H. aturensis,2,200,47,100,0.40826834317685257,82.50481147442089,99.78699493408203,0.0740007832318568,2.182384931925684
H. aturensis,2,200,48,100,0.48805644732909226,75.37458966035273,90.48634338378906,0.09884475158521092,2.22068774448926
H. aturensis,2,200,49,100,0.41208249442625866,70.4005118225826,80.94886779785156,0.14110176096790225,2.2865539639566412
H. aturensis,2,200,50,100,0.28671455594014933,63.96240486373266,71.401123046875,0.1825305919471184,2.346257586942986
H. aturensis,2,200,51,100,0.03440734817118066,57.50872185776396,61.90635681152344,0.20716841662228264,2.3745127238761774
H. aturensis,2,200,52,100,-0.33349164496552847,51.46377075714842,52.3580436706543,0.2031298059719696,2.373396394346084
H. aturensis,2,200,53,100,5.048055045379429,320.3867425868749,388.9709777832031,0.16232944621389725,2.3050742658926175
H. isocalycia,1,800,1,1500,21.357447431452496,259.9537832749101,399.9383544921875,0.33299461136214575,2.218173533976006
H. isocalycia,1,800,2,1500,15.710631759206937,197.62581387934569,299.9312438964844,0.3376880878746232,2.2081551716831744
H. isocalycia,1,800,3,1500,10.105515839364797,135.58365697457043,200.08493041992188,0.3552282723509337,2.2450358501111625
H. isocalycia,1,800,4,1500,2.8411460603811958,70.9094944138133,89.878875732421875,0.3968384611095684,2.2785290008308947
H. isocalycia,1,800,5,1500,2.3102209344655025,64.65709151015174,79.9753646850586,0.423244354081214,2.306746879054728
H. isocalycia,1,800,6,1500,1.661901024564205,58.28172745599612,70.18978118896484,0.4226143306588372,2.315450451392273
H. isocalycia,1,800,7,1500,0.803520830505356,52.60672942578631,59.91788101196289,0.4276618352790989,2.305601451972602
H. isocalycia,1,800,8,1500,0.12946600905069644,46.24776191268159,50.077606201171875,0.41070558705802346,2.2910271486384737
H. isocalycia,1,800,9,1500,19.7461522075393,271.63151344315764,399.99713134765625,0.34153234300891755,2.2159869641961123
H. isocalycia,1,800,10,1500,15.21467663523452,241.58678893299057,400.0377197265625,0.19018169894971207,2.0148094748766745
H. isocalycia,1,800,11,1500,12.637904179317223,230.6593350501647,400.1307678222656,0.14262668751213564,1.9451060945946663
H. isocalycia,1,800,12,1500,11.088927740379031,267.4645229684514,500.0857543945313,0.08658813740322044,1.8474963489038636
H. isocalycia,1,800,13,1500,9.730260808827564,322.92589719254516,600.1090087890625,0.062482640758436514,1.8036165293192024
H. isocalycia,1,800,14,1500,10.798054509851328,449.67004631495206,799.9439697265625,0.054345801512343445,1.785150002460432
H. isocalycia,1,800,15,1500,15.960618066286694,636.0981380735863,1150.016845703125,0.05400769534710954,1.7752147036963288
H. isocalycia,1,800,16,1500,20.448399439406717,835.6514870819656,1500.13818359375,0.053349012993522536,1.770643076656008
H. isocalycia,1,800,17,1500,5.517045701326153,242.7453464027259,399.905517578125,0.06470910032351714,1.7895151849389077
H. isocalycia,1,800,18,400,6.8655575535355355,240.89598099457052,402.441650390625,0.07896899522511613,1.7962933455468593
H. isocalycia,1,800,19,400,0.9130259896392431,88.09705028134417,112.90713500976564,0.09455185150936193,1.8172110566212505
H. isocalycia,1,800,20,400,1.1866244481556418,82.04317451353144,103.1422119140625,0.14484738875659903,1.8916963023876887
H. isocalycia,1,800,21,400,1.2563464227743928,75.34079536426427,92.87357330322266,0.19311475881581272,1.9595268571094493
H. isocalycia,1,800,22,400,0.9333351804087427,68.62599719814756,82.94762420654298,0.1912389584760663,1.9524781872981696
H. isocalycia,1,800,23,400,0.5451377507929482,62.349638573454015,72.902862548828125,0.18676692983639784,1.9419431288170457
H. isocalycia,1,800,24,400,0.252907245408301,55.696090057004874,62.70834732055664,0.2065442613607844,1.966203946833266
H. isocalycia,1,800,25,400,-0.1453331216779999,49.5067071189293,52.562503814697266,0.23740373866458703,2.003295709502621
H. isocalycia,1,800,26,400,11.383524069148057,286.09842933952433,401.753662109375,0.20742652786659607,1.9553749778174097
H. isocalycia,1,800,27,250,5.198357399608887,225.08341397699795,401.8741149902344,0.053329732006315383,1.675927101401452
H. isocalycia,1,800,28,250,0.4370808772926007,89.52554938231165,112.73643493652344,0.058774231883757105,1.6805610722021085
H. isocalycia,1,800,29,250,0.7170431738215335,80.42093563538464,103.00040435791016,0.0865238575256844,1.724090531773254
H. isocalycia,1,800,30,250,0.7888012920390033,75.31789502783582,92.72899627685547,0.13010153313154416,1.7953134133351705
H. isocalycia,1,800,31,250,0.739336464014754,69.3323613152286,82.868988037109375,0.17184400611569467,1.8577983102251456
H. isocalycia,1,800,32,250,0.5203674319454358,62.057607899837166,72.8344497680664,0.17639321588236043,1.8606328508091976
H. isocalycia,1,800,33,250,0.03558986577077816,57.05705594080151,62.60538482666016,0.1779734672939368,1.8570152446731372
H. isocalycia,1,800,34,250,-0.21461840754329373,49.826856735069576,52.48152160644531,0.19231195277465624,1.870606320878505
H. isocalycia,1,800,35,250,9.593787036323569,283.8585514419897,401.5774841308594,0.16745485848545968,1.8196068537954124
H. isocalycia,1,800,36,150,4.105049355262502,223.84124323862963,401.7498474121094,0.041654728662269346,1.5791282372468995
H. isocalycia,1,800,37,150,0.3159371925800324,93.38298839011239,112.69139099121094,0.061389013443464806,1.6106775108585425
H. isocalycia,1,800,38,150,0.6006837952470462,86.2975966270198,103.01377868652344,0.11452750533529192,1.7008757832572443
H. isocalycia,1,800,39,150,0.6245732419789909,80.16360646203279,92.7722396850586,0.17573131913772325,1.797287681898917
H. isocalycia,1,800,40,150,0.4134981080632383,71.98723833427822,82.86662292480469,0.1567085725461162,1.7598390715938148
H. isocalycia,1,800,41,150,0.04555483452267983,65.89951852820069,72.81572723388672,0.13555766340121225,1.7158857037285342
H. isocalycia,1,800,42,150,-0.17802498010038925,58.97708611484675,62.634674072265625,0.1479311571520552,1.7288879646386486
H. isocalycia,1,800,43,150,-0.4326804766180168,51.90036318588105,52.52062225341797,0.18092716703018868,1.7736183157627674
H. isocalycia,1,800,44,150,6.927485069351739,303.10710410212334,401.5387573242187,0.14909378808786353,1.711409743019074
H. isocalycia,1,800,45,100,3.2115473733515274,235.4768093563725,401.7160949707031,0.03518051356087285,1.473393626252422
H. isocalycia,1,800,46,100,0.10199628430479113,97.97395730301855,112.75067138671876,0.05488180977849898,1.5076786305805143
H. isocalycia,1,800,47,100,0.2277335187169545,91.0831976996748,102.99004364013672,0.10547251222754596,1.5982995836968477
H. isocalycia,1,800,48,100,0.33276231153593105,82.62479838682279,92.7396469116211,0.1650766632617389,1.6957502543684095
H. isocalycia,1,800,49,100,0.16494616062030884,74.28361599748644,82.9392318725586,0.1405587583395594,1.6439333049493143
H. isocalycia,1,800,50,100,-0.12892202519646384,67.8394619032644,72.8627700805664,0.1155876729416148,1.5930370107493943
H. isocalycia,1,800,51,100,-0.39178277003255746,61.6247584491021,62.679718017578125,0.13068705673821646,1.6163733346539813
H. isocalycia,1,800,52,100,-0.625228468061915,54.038468901548335,52.55411529541016,0.16526034363615755,1.6698332769210684
H. isocalycia,1,800,53,100,4.97017740505703,314.67065203301024,401.5274963378906,0.1244882873756264,1.594887154689553
H. isocalycia,2,200,1,1500,13.893060684823029,193.3889537775054,399.8665161132813,0.1276399849000064,1.9460889144318936
H. isocalycia,2,200,2,1500,10.388975725159069,153.37047715252214,299.97222900390625,0.13683811165605478,1.9736931550666923
H. isocalycia,2,200,3,1500,6.8022393353781645,113.6403387797756,200.0439453125,0.1581510728427837,2.024101518938042
H. isocalycia,2,200,4,1500,2.1366561928758725,63.936814815537986,89.85625457763672,0.18993562417642695,2.0880716526175385
H. isocalycia,2,200,5,1500,1.9311427423536554,58.55854596936916,80.05376434326172,0.21531176249994777,2.1336938954299693
H. isocalycia,2,200,6,1500,1.22013644103968,54.5429050909302,69.92192840576172,0.20736240468089673,2.131166814595301
H. isocalycia,2,200,7,1500,0.6480521942480749,49.36445146010178,60.0706672668457,0.1838352463370636,2.0912250836365276
H. isocalycia,2,200,8,1500,0.19316746735412438,43.88061605081406,49.896244049072266,0.17651595374493542,2.090751882484881
H. isocalycia,2,200,9,1500,12.236378480352919,192.37730447968335,399.9759826660156,0.11041694203558056,1.9666800588951736
H. isocalycia,2,200,10,1500,9.058274325788524,176.46373298044364,400.0472412109375,0.07311900685996034,1.88314797618374
H. isocalycia,2,200,11,1500,12.125926411258892,200.18260516861187,400.1735229492187,0.11418140400339058,1.977755852507209
H. isocalycia,2,200,12,1500,15.866339470770003,250.73257301052143,499.9114379882813,0.1200938471530755,1.994585174318927
H. isocalycia,2,200,13,1500,17.65001157008612,284.51797595650766,599.95416259765625,0.10310635265318888,1.9532542560744477
H. isocalycia,2,200,14,1500,21.103513195589194,378.03117209170045,799.88690185546875,0.0910305147083094,1.9366499680289415
H. isocalycia,2,200,15,1500,25.830346426736973,564.6124600477093,1149.9593505859375,0.07936492724024731,1.91461909020225
H. isocalycia,2,200,16,1500,29.79200434749399,762.7939713702615,1500.060302734375,0.07214050787019974,1.9010355790425235
H. isocalycia,2,200,17,1500,8.222862965948218,203.1147054132306,400.0229187011718,0.07631201682884807,1.9126723164345456
H. isocalycia,2,200,18,400,5.791619185168482,180.63228279665992,394.2102661132813,0.048164154322579616,1.8555374756752716
H. isocalycia,2,200,19,400,1.1746076022757577,77.99685735915611,107.81064605712892,0.08905053870231736,1.9449228949585813
H. isocalycia,2,200,20,400,1.7284792265672617,73.5350554422586,98.50337219238281,0.1614883546372168,2.0884668203825276
H. isocalycia,2,200,21,400,1.2018630276852662,67.40882662277579,89.5691909790039,0.12994219507731697,2.034603939440218
H. isocalycia,2,200,22,400,0.7034776604579057,60.77998681851055,80.03398895263672,0.09397519748873819,1.96041405167176
H. isocalycia,2,200,23,400,0.5669088283403279,56.008384460824914,70.48192596435547,0.11129010897000148,1.991440393130688
H. isocalycia,2,200,24,400,0.360519334911652,52.91946977179309,61.05448532104492,0.17357184858392488,2.110348566151224
H. isocalycia,2,200,25,400,-0.07146436951917887,48.113397147558096,51.52044296264648,0.16401066672376716,2.0993211640955707
H. isocalycia,2,200,26,400,7.321707349053453,189.57085619893255,388.36578369140625,0.06681740887879095,1.902084190511916
H. isocalycia,2,200,27,250,7.045237402093413,238.98585363339373,387.9436340332031,0.08983458474366755,1.9451897419461748
H. isocalycia,2,200,28,250,0.947040144404306,80.1806347683749,109.05752563476564,0.07639423669442429,1.9163378453212496
H. isocalycia,2,200,29,250,1.0764770110791486,76.8985311359085,99.64229583740233,0.11471307430926408,1.9915545318187504
H. isocalycia,2,200,30,250,1.069510168907199,71.47458327774417,90.3482437133789,0.14408163858942133,2.050252279059758
H. isocalycia,2,200,31,250,0.635051498141502,65.95757305906784,80.66414642333984,0.12415724307779262,2.014828898993219
H. isocalycia,2,200,32,250,0.22989481024545716,60.274070849508355,70.85921478271484,0.0920422311776748,1.9467259993034531
H. isocalycia,2,200,33,250,0.017465860875836403,55.16201352551376,61.41180038452149,0.0943130192953543,1.945046948624076
H. isocalycia,2,200,34,250,-0.16802622483189833,49.528596468245226,51.91917037963867,0.13751601479280037,2.024550668402706
H. isocalycia,2,200,35,250,7.890960556788389,229.6269079589078,388.22457885742193,0.09425502727499778,1.9381561199085264
H. isocalycia,2,200,36,150,4.318098169609171,228.5300976334358,387.9950256347656,0.04955155270499314,1.8263495061491413
H. isocalycia,2,200,37,150,0.5082516693447083,86.6552514800244,108.66033172607422,0.06375121784030613,1.8552352934794032
H. isocalycia,2,200,38,150,0.7769890132092949,81.50466679871992,99.6184310913086,0.11631348156787238,1.9656820459188893
H. isocalycia,2,200,39,150,0.6578241224281999,74.49053250244708,90.351226806640625,0.11870087626386644,1.9695832444673576
H. isocalycia,2,200,40,150,0.2700659764184953,68.32627106745979,80.84944152832033,0.0831447944463269,1.8906453661196865
H. isocalycia,2,200,41,150,0.011972582686547856,63.48194778991765,70.74747467041016,0.07685564100132916,1.870068930174486
H. isocalycia,2,200,42,150,-0.15283347680403697,58.14834397135554,61.29188919067382,0.10148525780796253,1.9179781238562137
H. isocalycia,2,200,43,150,-0.29807313131221014,51.041778611155486,51.776405334472656,0.13429237348083486,1.9774553682433325
H. isocalycia,2,200,44,150,5.4807581632929345,239.7585566654153,388.666015625,0.06908081604624247,1.83844733666486
H. isocalycia,2,200,45,100,3.1006920083016056,240.123612470522,388.1745300292969,0.03851228565165278,1.7533949495824055
H. isocalycia,2,200,46,100,0.1917495929284626,93.76064847241747,109.296142578125,0.05395323026317456,1.789146827440709
H. isocalycia,2,200,47,100,0.46554608362706146,86.02836516123479,100.18619537353516,0.10852193756628338,1.906244795032544
H. isocalycia,2,200,48,100,0.28902015728957275,80.34198184212572,90.844970703125,0.120183095004106,1.9365582427628687
H. isocalycia,2,200,49,100,0.025813440588373843,72.63318361790556,81.18824005126953,0.06697761035629193,1.810889915304433
H. isocalycia,2,200,50,100,-0.12862590156559875,66.86212238986509,71.3776626586914,0.06319654203970271,1.7982679884454265
H. isocalycia,2,200,51,100,-0.2285924995247831,60.06756806495911,61.8864860534668,0.08449348991871773,1.8440103314343723
H. isocalycia,2,200,52,100,-0.4264927827524384,53.31530046136136,52.29645919799805,0.12789244031021374,1.9333087165114555
H. isocalycia,2,200,53,100,4.139017176087085,266.1636155935375,388.82659912109375,0.06504968977869359,1.7954031556197152
H. glutinosa,1,800,1,1500,13.56366927522758,228.7011176695355,399.94723510742193,0.1609247200160384,1.803653559665516
H. glutinosa,1,800,2,1500,10.57871213129033,182.51274045604725,300.0601806640625,0.1893907368337518,1.8532884952061577
H. glutinosa,1,800,3,1500,6.881211819646666,133.70662082273174,200.1501312255859,0.23216395705932968,1.9291585465721728
H. glutinosa,1,800,4,1500,1.643732699704594,73.21094528135792,90.03719329833984,0.27466316146175646,1.9960558107391553
H. glutinosa,1,800,5,1500,1.2120518730415912,67.33083561100462,80.02332305908203,0.2967583191300205,2.0270789570483614
H. glutinosa,1,800,6,1500,0.6896799117355373,61.17933283323578,70.02827453613281,0.2905226952606178,2.013684575948399
H. glutinosa,1,800,7,1500,0.14139298249401347,55.16877467991933,59.95478820800781,0.27490404005771873,1.9881071473212504
H. glutinosa,1,800,8,1500,-0.3534772346601023,49.232993174315446,50.0501708984375,0.2672715867782633,1.9772559105984984
H. glutinosa,1,800,9,1500,12.212062384898616,234.498470561291,399.9175720214844,0.14878882602823645,1.7589921577018686
H. glutinosa,1,800,10,1500,10.361464254786549,209.62355323868135,399.98931884765625,0.10412117712913382,1.647675224784005
H. glutinosa,1,800,11,1500,12.540505519204707,223.8761116082403,400.0621643066406,0.14147210581628814,1.737008345759241
H. glutinosa,1,800,12,1500,16.630525235682832,286.42677719480184,499.9224853515625,0.1568409299482612,1.7732095178739982
H. glutinosa,1,800,13,1500,18.082656503538104,327.04612215465573,599.97515869140625,0.12934589707907432,1.7121049592590571
H. glutinosa,1,800,14,1500,19.17111744903543,400.00461898251547,800.074951171875,0.08918163337529637,1.6086745327306562
H. glutinosa,1,800,15,1500,20.211513482774006,543.603743289202,1149.9091796875,0.0598064893608949,1.5264626702804087
H. glutinosa,1,800,16,1500,22.935018015445184,698.5363939642298,1499.8919677734375,0.050600390198085134,1.4966718933180163
H. glutinosa,1,800,17,1500,8.181808345301537,209.06855790793043,399.9771728515625,0.08053453592918301,1.5882055293011144
H. glutinosa,1,800,18,400,9.163594919401323,234.11826831611248,401.5453186035156,0.10638419125375834,1.6419698653652304
H. glutinosa,1,800,19,400,1.6200365297985129,85.07447928141542,113.12297058105467,0.1364126523002527,1.708173079184213
H. glutinosa,1,800,20,400,1.8564766309350191,80.2516503755828,103.40557861328124,0.20178525717831888,1.8484882628390624
H. glutinosa,1,800,21,400,1.6668743419746295,75.25428066000633,93.13764953613281,0.2574888629719957,1.9569561514612288
H. glutinosa,1,800,22,400,1.1557573430681667,69.95379770907661,83.20818328857422,0.26919675694222783,1.977999984184862
H. glutinosa,1,800,23,400,0.6931077129825178,63.00825736393265,73.1393280029297,0.2399048339742657,1.9285802642435592
H. glutinosa,1,800,24,400,0.15370473212585908,56.98432482100903,62.86113357543945,0.19939895664759705,1.8520534335816776
H. glutinosa,1,800,25,400,-0.1647499507916165,50.27369206688841,52.7523307800293,0.1885092293588518,1.8220368034487184
H. glutinosa,1,800,26,400,9.465620549682411,242.2200134487977,401.1608276367187,0.1178549093217246,1.66488294187485
H. glutinosa,1,800,27,250,6.58304458894114,224.54682041268737,401.0662841796875,0.06973232483431163,1.5214626677354828
H. glutinosa,1,800,28,250,1.4647196380767038,84.85420990035372,113.04708862304688,0.1219541720772696,1.6544375839417336
H. glutinosa,1,800,29,250,1.6327170012022776,82.31626603289469,103.37184143066406,0.203329791159282,1.8495870375892265
H. glutinosa,1,800,30,250,1.3531404023625264,76.62116067817905,93.06602478027344,0.23626692272335095,1.9210212029255929
H. glutinosa,1,800,31,250,0.8966185348433581,70.052224723190193,83.06437683105469,0.21581552739203608,1.880376210712624
H. glutinosa,1,800,32,250,0.44787833535753435,63.500353099835515,73.06892395019531,0.18025307498332313,1.8006898211846127
H. glutinosa,1,800,33,250,0.14419826987646844,56.28856515388835,62.8305549621582,0.1528650503932438,1.7318279446252856
H. glutinosa,1,800,34,250,-0.19136062196069917,50.55616560478925,52.74790954589844,0.1509707260776964,1.726056866258732
H. glutinosa,1,800,35,250,7.542783998606764,249.85206564865177,401.0592651367187,0.09776709774051048,1.603458478348046
H. glutinosa,1,800,36,150,3.7575511786639098,221.4495961646786,401.0369873046875,0.03809452998019251,1.4240787234047894
H. glutinosa,1,800,37,150,0.7001065373026559,84.96789007079013,112.94332885742188,0.06191356234387771,1.4939060962340736
H. glutinosa,1,800,38,150,1.0847002245769446,82.05937781366428,103.3499755859375,0.1313066032717114,1.679310795178375
H. glutinosa,1,800,39,150,0.9661079475172869,77.77031139800567,93.08605194091797,0.18552169401866347,1.8040748329137568
H. glutinosa,1,800,40,150,0.680210883753129,71.13197802974203,83.19686126708984,0.18715479899142992,1.8150734746569652
H. glutinosa,1,800,41,150,0.2907133318821835,64.17410133699784,73.04029083251953,0.14843610257381273,1.7297992546469614
H. glutinosa,1,800,42,150,-0.027075981789083964,57.89441741592845,62.911422729492195,0.12055725641231577,1.6608543397067117
H. glutinosa,1,800,43,150,-0.31048445553921555,52.47976811591403,52.818660736083984,0.1085024607482451,1.6306510353007762
H. glutinosa,1,800,44,150,5.1277277859475765,251.13483942498584,401.12017822265625,0.06539881987514133,1.5154818663988263
H. glutinosa,1,800,45,100,2.951012027750711,224.36248521330583,401.06597900390625,0.03029406080889,1.3992445132552458
H. glutinosa,1,800,46,100,0.3804948401266445,89.06670017078139,112.9519271850586,0.04663225279437959,1.4495346702107057
H. glutinosa,1,800,47,100,0.6917820230038119,83.85207514444684,103.38622283935548,0.0976983133481004,1.5931456967807462
H. glutinosa,1,800,48,100,0.6526251505114519,78.48529575912535,93.08180236816406,0.13868338483188136,1.6997575627806654
H. glutinosa,1,800,49,100,0.4524426128585761,72.192477142394,83.19574737548828,0.15282895009295624,1.734265854803889
H. glutinosa,1,800,50,100,0.22981657374711753,64.58707298130204,73.13786315917967,0.13603735770270825,1.6979624747463389
H. glutinosa,1,800,51,100,-0.10159386403228986,58.9056851030493,62.90916442871094,0.11171683388087827,1.6316165316352271
H. glutinosa,1,800,52,100,-0.291183269779417,52.33256396996005,52.80702209472656,0.09944115992589038,1.5973717567185304
H. glutinosa,1,800,53,100,3.971292505882303,271.99297972296665,400.7893371582031,0.060095282454378715,1.4896328126968
H. glutinosa,2,200,1,1500,15.765038975760534,223.38410002416916,400.0233459472656,0.18582289789317727,2.127750059552956
H. glutinosa,2,200,2,1500,11.64580936743476,178.84952901469313,299.827392578125,0.20644415948864228,2.1556146836670087
H. glutinosa,2,200,3,1500,7.534351171863661,131.0040939959679,200.07472229003903,0.2480403575862513,2.213384335536539
H. glutinosa,2,200,4,1500,1.8279673479535445,72.62686972364978,90.1958999633789,0.29089870530460205,2.2945188694922836
H. glutinosa,2,200,5,1500,1.3655284944764454,67.34238957179967,80.11466217041016,0.33606827558576907,2.3559904388799624
H. glutinosa,2,200,6,1500,0.8121177321957745,61.4515876882857,69.92927551269531,0.36799906513386554,2.397924828928459
H. glutinosa,2,200,7,1500,0.2428711548413548,55.35085582321144,59.956390380859375,0.39205371219306584,2.422032609627
H. glutinosa,2,200,8,1500,-0.35320522068159393,49.03848565523641,49.889556884765625,0.408839363783334,2.426020335064153
H. glutinosa,2,200,9,1500,18.49850827379146,271.88032592573035,399.9161682128906,0.3573203810237459,2.363275545812445
H. glutinosa,2,200,10,1500,17.224873660233573,248.9512782334083,399.9455261230469,0.2558502314958547,2.203939282162057
H. glutinosa,2,200,11,1500,15.876923918044874,236.58752588633243,400.1387634277344,0.20759113348513689,2.1111381961288425
H. glutinosa,2,200,12,1500,18.36846154495925,283.1749290285523,499.9038391113282,0.1748536699369678,2.038815303321462
H. glutinosa,2,200,13,1500,20.050046726003686,327.32162310938054,600.08587646484375,0.14694156416604648,1.9643754699255809
H. glutinosa,2,200,14,1500,23.19762606280894,422.80333682019335,800.07659912109375,0.11924357387464074,1.8930882045949835
H. glutinosa,2,200,15,1500,26.776390379643672,618.3939852293946,1149.9212646484375,0.09527868973742969,1.8146844488428904
H. glutinosa,2,200,16,1500,29.149042846255345,811.089232308649,1499.8023681640625,0.07850586985440115,1.7555545292094463
H. glutinosa,2,200,17,1500,8.668376134011474,213.78177087645892,400.008056640625,0.08867898919857713,1.7866380818467589
H. glutinosa,2,200,18,400,10.267522877909185,243.81975745892095,392.7650146484375,0.1400293688164692,1.8706085178432983
H. glutinosa,2,200,19,400,1.46305900769703,82.41572169439691,107.60481262207033,0.13954557791273384,1.8622831678126384
H. glutinosa,2,200,20,400,1.4882203525821072,77.29520770131353,98.60150146484376,0.1766241162667134,1.9449361205776805
H. glutinosa,2,200,21,400,1.4200549138134997,73.04716889882484,89.68372344970702,0.2373036179293126,2.065043639964337
H. glutinosa,2,200,22,400,1.140429887745792,67.88809042105504,80.39582061767578,0.2852917402384256,2.1496910794591533
H. glutinosa,2,200,23,400,0.7276712928362323,62.15857367458066,70.85356140136719,0.3167341045882985,2.199119600814127
H. glutinosa,2,200,24,400,0.3013452421956087,56.165767373072896,61.49657440185547,0.3424103853573743,2.2329457991116213
H. glutinosa,2,200,25,400,-0.1867763391519386,50.112240610920786,52.01995086669922,0.3611918506082196,2.2505141659552463
H. glutinosa,2,200,26,400,12.559280480537653,293.7935132288381,387.15478515625,0.3482767006570375,2.240194441909698
H. glutinosa,2,200,27,250,8.669169573822149,264.8060709140108,387.2472534179687,0.14956339442474167,1.853722492158995
H. glutinosa,2,200,28,250,1.1746541410503175,83.67857642606045,108.08580017089844,0.11786691868944169,1.768066364607439
H. glutinosa,2,200,29,250,1.066205955927476,77.62474038254318,98.84754943847656,0.12716834530142632,1.7858844945128658
H. glutinosa,2,200,30,250,0.9510549637109782,72.90136834790978,89.57498931884764,0.15697243663788943,1.857709531797824
H. glutinosa,2,200,31,250,0.7672964433983671,67.96121582175236,80.15392303466797,0.1993380287160732,1.9538635834946032
H. glutinosa,2,200,32,250,0.4439324274889057,62.65501128860596,70.56781005859375,0.23866175659346975,2.029308368405036
H. glutinosa,2,200,33,250,0.09689543026316652,56.77574776356716,61.260536193847656,0.2670948139139321,2.0776139559287112
H. glutinosa,2,200,34,250,-0.27352094126721466,50.5010203050718,51.86198806762695,0.2889385942706107,2.1125001791609685
H. glutinosa,2,200,35,250,10.073292018020453,298.864944129719,387.80377197265625,0.2830050166973247,2.095482169662835
H. glutinosa,2,200,36,150,5.149294480855371,260.6425982614639,387.57965087890625,0.08028974923135161,1.624285411111967
H. glutinosa,2,200,37,150,0.421462712831395,88.44504442556189,108.02215576171876,0.06374672529595321,1.5709177550961977
H. glutinosa,2,200,38,150,0.43813176369710327,80.7372973830257,98.84837341308594,0.07160091641425546,1.5921276715372732
H. glutinosa,2,200,39,150,0.48442856122077044,74.26252304206369,89.596221923828125,0.09610108818312944,1.6631628949660808
H. glutinosa,2,200,40,150,0.4275033638541339,69.58703892010833,80.43280792236328,0.14167686111546685,1.7796157088449254
H. glutinosa,2,200,41,150,0.24908686703262617,63.90294133416582,70.90704345703125,0.19294355307349095,1.9038353692893724
H. glutinosa,2,200,42,150,-0.02900559170514294,57.872333282787345,61.57579803466797,0.22878778864369131,1.97384281961566
H. glutinosa,2,200,43,150,-0.3224724799692432,51.23281094107718,52.1533203125,0.2521405724280217,2.0175504189126077
H. glutinosa,2,200,44,150,7.042446375568369,314.81777653893744,388.7384643554687,0.2432869532667702,2.0071646095177855
H. glutinosa,2,200,45,100,3.5703868413090523,276.99014096164836,387.49365234375,0.06482699318999051,1.5506690157392586
H. glutinosa,2,200,46,100,0.2382100847481151,91.88105651298,108.83937072753906,0.05204273709122024,1.506500207089266
H. glutinosa,2,200,47,100,0.24639895329897213,84.4056668338124,99.96068572998047,0.05875007636129373,1.5254772763831352
H. glutinosa,2,200,48,100,0.25608830670472327,77.35357359891084,90.55767059326172,0.07487807084120277,1.5773076281771718
H. glutinosa,2,200,49,100,0.2156528280434039,71.71416226328571,81.02095031738281,0.1109928409054474,1.6728350123304845
H. glutinosa,2,200,50,100,0.07432798242655178,65.54556662880975,71.3818588256836,0.1523166678440987,1.7841642969387612
H. glutinosa,2,200,51,100,-0.10863168896607577,58.67984045149933,61.8409423828125,0.18843529600646983,1.870980492509756
H. glutinosa,2,200,52,100,-0.38118884300296363,52.04218671260778,52.308692932128906,0.2123023740496416,1.9254941670786936
H. glutinosa,2,200,53,100,5.033345003161893,323.71453952390897,387.97027587890625,0.20384461467874657,1.911582678288192
S. hians,1,800,1,1500,19.71602005620828,244.3335249647674,399.9762878417969,0.2591178978954689,1.8092440742123872
S. hians,1,800,2,1500,16.050836124786013,190.38364214820055,300.0976867675781,0.3111711383609318,1.8566408296023729
S. hians,1,800,3,1500,11.70460918653068,136.8838804249104,200.0533905029297,0.43174049096256106,1.9843288994347097
S. hians,1,800,4,1500,4.717127543991763,66.1612109481667,89.980499267578125,0.516097606765858,2.056263440108887
S. hians,1,800,5,1500,4.127726207072758,58.848526614545534,79.9244155883789,0.5164643239049882,2.0487543090073013
S. hians,1,800,6,1500,3.389558896950528,51.91701517000061,70.12444305419922,0.4960959183979386,2.0193419464376348
S. hians,1,800,7,1500,2.815797879627652,44.81618006620797,60.10109329223633,0.5028637659732575,2.0062374749656446
S. hians,1,800,8,1500,2.0480739463106747,38.19849211413965,49.90726852416992,0.5079126821548317,2.010280669556567
S. hians,1,800,9,1500,20.108137551210486,271.4793249517386,400.2088317871094,0.3464435034082462,1.8631400227782433
S. hians,1,800,10,1500,15.069230428412716,210.06286410875325,399.8897399902344,0.15046852782824183,1.5729913710847687
S. hians,1,800,11,1500,17.068296117164838,224.04837910725897,400.0847778320313,0.18847182836342227,1.6092149073511246
S. hians,1,800,12,1500,20.80241871740758,285.51395825144476,500.0851135253906,0.18960125216036255,1.6260478081392649
S. hians,1,800,13,1500,24.1302076638419,366.5843657959884,599.98974609375,0.20430032692555888,1.618540915194855
S. hians,1,800,14,1500,25.62599302827078,457.50771819839474,800.11639404296875,0.1412411496203573,1.5383030499846064
S. hians,1,800,15,1500,27.77927017390011,636.0682618281385,1149.8299560546875,0.0980599367511516,1.4563139030593448
S. hians,1,800,16,1500,28.79949283685865,849.7110157676385,1500.0953369140625,0.07899499290414484,1.4173844443256527
S. hians,1,800,17,1500,11.038469745514139,202.6891309170143,400.1175231933594,0.10294739940527946,1.4531995131919684
S. hians,1,800,18,400,7.7777849504880034,231.4944292613516,401.7120666503906,0.08491046052617093,1.4032147317431518
S. hians,1,800,19,400,1.8550818380735372,83.61206502512368,113.16303253173828,0.14875599597583544,1.5022540906059076
S. hians,1,800,20,400,2.5356920576597406,81.75691000492114,103.42378997802734,0.30831471276349676,1.7272314010459668
S. hians,1,800,21,400,2.350255014884338,75.18856960531984,93.07501983642578,0.3703483701189008,1.8024127811277868
S. hians,1,800,22,400,1.897377236117735,68.04534474560982,83.10365295410156,0.373664714875119,1.8058217410347424
S. hians,1,800,23,400,1.4840752494425757,60.34864122207498,73.08597564697266,0.3623493796079027,1.7871444375000285
S. hians,1,800,24,400,1.028876081854491,52.72790920374589,62.85036849975586,0.35007916498573916,1.7721180859432206
S. hians,1,800,25,400,0.5418780806160644,45.4335008524969,52.723690032958984,0.3311856197697203,1.7507105236391798
S. hians,1,800,26,400,10.51250627034275,280.6251539684658,401.0718078613282,0.1816530953474254,1.5588712109833578
S. hians,1,800,27,250,6.025876363483738,220.6471089033573,401.1893005371094,0.06091403899240889,1.341451182205128
S. hians,1,800,28,250,1.2819155852188873,85.02840024107961,112.85791778564452,0.11495288471451244,1.4339174717301355
S. hians,1,800,29,250,1.7348429964797492,82.67748257914235,103.23249816894533,0.22674682291746273,1.60585460861295
S. hians,1,800,30,250,1.5766695789981888,76.45870001930835,92.95097351074219,0.27885582243319856,1.6792024264635983
S. hians,1,800,31,250,1.2033718073373243,68.84680686326381,83.03929901123047,0.2627437721784262,1.6612469482845629
S. hians,1,800,32,250,0.8665782355241867,61.111564203023406,72.985107421875,0.248061274906222,1.641152264205317
S. hians,1,800,33,250,0.5278075178233483,53.8000158853461,62.812358856201165,0.24648652939406965,1.6363543172832142
S. hians,1,800,34,250,0.16059172957165097,46.82810878898229,52.67619323730469,0.25023989759792487,1.6376416842970505
S. hians,1,800,35,250,8.038875677199412,284.2045111930722,400.90667724609375,0.14066302957140053,1.485324144982333
S. hians,1,800,36,150,3.893361220461906,223.14366845237413,401.1634521484375,0.039648214574313966,1.3066137276112275
S. hians,1,800,37,150,0.41948005518311643,89.64662036730584,112.818603515625,0.06272477040778329,1.3489112247422743
S. hians,1,800,38,150,0.876920516666861,85.9095442699164,103.25828552246094,0.15736064082920118,1.5052026140357193
S. hians,1,800,39,150,0.8854355490744159,79.35113586369786,92.9691390991211,0.22313602264443297,1.6069148304930276
S. hians,1,800,40,150,0.5922057785901684,72.24734185857582,83.03719329833984,0.22776246047610244,1.61774082197604
S. hians,1,800,41,150,0.49124468532517734,63.07117665988565,73.02033996582033,0.2143237166401066,1.6004510761200073
S. hians,1,800,42,150,0.12078760633104813,56.42190969719033,62.826148986816406,0.21899555863197984,1.607784073234943
S. hians,1,800,43,150,-0.1366618293670966,48.89453088710744,52.717681884765625,0.2326752350421263,1.6266351912043902
S. hians,1,800,44,150,5.624762811647397,320.51910734205075,400.9208068847656,0.15897689565374673,1.5256184948521547
S. hians,1,800,45,100,3.2569105919424066,263.8328630627401,401.0441589355469,0.044835636239836496,1.3266837271758705
S. hians,1,800,46,100,0.1947924528316231,96.28306543690121,112.8271255493164,0.06730772165410481,1.3682847593366605
S. hians,1,800,47,100,0.5364104945776392,89.75605200625853,103.2299346923828,0.1602715885798112,1.5217029448720132
S. hians,1,800,48,100,0.4164942321047819,83.29153477393407,92.95201110839844,0.22999119779531263,1.6217500230102742
S. hians,1,800,49,100,0.35199365745821565,74.66735800869651,83.0762710571289,0.2505632878116262,1.649501305833226
S. hians,1,800,50,100,0.18906581129637468,66.13081962763607,73.06043243408203,0.24486580052802223,1.6430325301666744
S. hians,1,800,51,100,-0.07477226362107367,58.413405986077024,62.97040939331055,0.2490613285591122,1.6522694918101042
S. hians,1,800,52,100,-0.31639431089825815,50.39055687199746,52.79850006103515,0.2622562595429333,1.6705639025045675
S. hians,1,800,53,100,4.050917835735137,347.04551578802295,400.8742370605469,0.20563946715456383,1.600295378223178
S. hians,2,200,1,1500,17.062182463089187,207.9110431286231,400.0221557617187,0.16784526279183953,1.9901893330882012
S. hians,2,200,2,1500,13.556402046876107,165.03931893230228,299.98065185546875,0.19504742061433095,2.0303684890253355
S. hians,2,200,3,1500,9.915590446676267,120.56170263508623,199.9650726318359,0.25615155610149215,2.1036597728580237
S. hians,2,200,4,1500,4.12197110405614,60.67664238022151,90.00469970703125,0.31980935334818456,2.1792102252763432
S. hians,2,200,5,1500,3.797659891222925,54.423416158989085,79.90143585205078,0.3476618098267613,2.2146515222349263
S. hians,2,200,6,1500,3.1403757775797154,47.73266039786943,70.145355224609375,0.32881497889606925,2.194346772102479
S. hians,2,200,7,1500,2.473542835495802,41.23177286039035,59.99346923828125,0.31606577397972213,2.180194046406832
S. hians,2,200,8,1500,1.868611319591471,35.06859229205708,50.00882339477539,0.3144920604388162,2.19226111249176
S. hians,2,200,9,1500,16.828550886878343,218.9877310999742,399.8240051269531,0.17774622054302514,2.0430096435155427
S. hians,2,200,10,1500,9.111541224395973,158.88851524359956,399.9874267578125,0.06628691555000227,1.8927638169552663
S. hians,2,200,11,1500,12.139358297515528,173.65786096473084,399.9267883300782,0.09614032875518556,1.9395528787053915
S. hians,2,200,12,1500,19.97592477874968,249.19738937114667,499.9012756347656,0.14761658194926822,2.011962002571672
S. hians,2,200,13,1500,24.10066908822261,319.370361760105,600.03814697265625,0.16052648272959946,2.0276826155591987
S. hians,2,200,14,1500,28.31073477616304,435.38965182038027,799.8975830078125,0.14357856623116272,2.0104281729301436
S. hians,2,200,15,1500,32.113586826393025,616.5299627166987,1149.927001953125,0.10813146406749705,1.9655343685790432
S. hians,2,200,16,1500,34.334164810877745,816.1275395506542,1499.9334716796875,0.08847968493181002,1.93425129629398
S. hians,2,200,17,1500,12.174566853992857,197.00248410423063,399.9722900390625,0.10900357600553498,1.9658537736480357
S. hians,2,200,18,400,8.637921845562358,195.59365069181507,393.6275329589844,0.07815371888208243,1.9255499887770855
S. hians,2,200,19,400,1.7508203076979139,74.20599345087811,108.04373931884766,0.11407862112551692,1.9703132076462788
S. hians,2,200,20,400,2.4755646541501566,73.30310412075069,98.4930648803711,0.2293356992334857,2.1113506653785588
S. hians,2,200,21,400,2.523109794993311,68.34948551032741,89.59162139892578,0.29124929214813944,2.1853389622841206
S. hians,2,200,22,400,1.996379261752155,62.29426509942851,80.16432189941406,0.28533883283859296,2.1808055327670735
S. hians,2,200,23,400,1.55092329324668,55.06086703472026,70.6114273071289,0.26337481661476225,2.158136838530845
S. hians,2,200,24,400,1.1490434439631838,48.49715107502799,61.321807861328125,0.2513968478638266,2.135838608311009
S. hians,2,200,25,400,0.7378259598744097,42.2630178604164,51.76057434082031,0.2531615693774676,2.1350766415448743
S. hians,2,200,26,400,12.43059101252124,256.49115361521865,389.3136596679687,0.1851304735392048,2.0602437224337775
S. hians,2,200,27,250,6.549201384433139,185.9948525768848,388.6183471679687,0.057223749459796615,1.885773997436074
S. hians,2,200,28,250,1.151231086171229,77.4292025362696,108.88938903808594,0.0866400717128261,1.9302278795150631
S. hians,2,200,29,250,1.9450338362751256,75.2341847787923,99.73985290527344,0.18734245559596704,2.0497868769043417
S. hians,2,200,30,250,1.8320209840007724,71.73267506799807,90.35893249511719,0.25329639389715325,2.134143195910423
S. hians,2,200,31,250,1.558123092575329,64.66434820439044,80.82197570800781,0.2576846695972779,2.138096861036058
S. hians,2,200,32,250,1.1236717741700086,57.61591330310108,71.15575408935547,0.23731055705864715,2.11438812458975
S. hians,2,200,33,250,0.7386676504692432,50.52508390308295,61.64643859863281,0.2117380121218787,2.078373901807936
S. hians,2,200,34,250,0.314148862307682,44.290130733461304,52.061798095703125,0.1913499946552275,2.051409364996827
S. hians,2,200,35,250,9.255899897249716,248.25336129107677,389.2898864746094,0.12501944890202324,1.9680179663049056
S. hians,2,200,36,150,4.0023928618638855,192.78486959057065,388.7267761230469,0.03603533639290248,1.829037440029424
S. hians,2,200,37,150,0.16609940071306561,89.17154848736867,108.8834228515625,0.04624645004102292,1.8418480812953495
S. hians,2,200,38,150,0.9297010150434595,76.48786922422258,99.58280181884764,0.10482101735575688,1.9177452880992203
S. hians,2,200,39,150,1.087975099595239,72.71002076389505,90.35551452636719,0.16824895761333247,2.001608429556246
S. hians,2,200,40,150,0.7684254751052482,67.24131291096545,80.72367095947266,0.17869848523082216,2.0119641598145828
S. hians,2,200,41,150,0.5630694644606637,59.43052037212803,71.17713165283203,0.16696089983554888,1.9953507009346505
S. hians,2,200,42,150,0.2728862207309486,52.6953313769596,61.70608901977539,0.1514789450053301,1.970654222737474
S. hians,2,200,43,150,-0.07091899271412028,47.19620501776354,52.098670959472656,0.14623680944584616,1.9566632785153344
S. hians,2,200,44,150,6.638525349547053,265.951763607867,389.2557067871094,0.10352629352770712,1.8973677881419135
S. hians,2,200,45,100,3.463148094773928,220.7287967294504,388.7362060546875,0.037024871485939165,1.7881216649438865
S. hians,2,200,46,100,0.15961045334843244,90.1469232148366,108.7673797607422,0.04919820681031026,1.803618873444386
S. hians,2,200,47,100,0.67018520816524,80.15346568383113,99.5307388305664,0.10274984184067544,1.8769010626160745
S. hians,2,200,48,100,0.6323950118000181,77.05012598770315,90.51609802246094,0.15964879065659784,1.9472544665504248
S. hians,2,200,49,100,0.4800415980278124,70.04010105536805,80.96398162841797,0.17346258282041055,1.9608962860116153
S. hians,2,200,50,100,0.32650577684402093,61.98445977067286,71.29731750488281,0.16616554933495165,1.9436091420844317
S. hians,2,200,51,100,0.039651240523222,55.52905524657464,61.74822616577149,0.16021989334444597,1.935139611739258
S. hians,2,200,52,100,-0.31542576223875074,50.070067590058066,52.18427658081055,0.159773175474241,1.9289406612566673
S. hians,2,200,53,100,4.983316456372366,301.29601355955805,389.8483581542969,0.11611704177015532,1.862267256178544
H. aturensis,2,200,1,1500,20.96938279857262,219.59495681348736,399.91070556640625,0.24697668252380253,1.93743640249272
H. aturensis,2,200,2,1500,16.246822493170985,166.26071359136495,299.9392395019531,0.26207297461616247,1.9672987973682756
H. aturensis,2,200,3,1500,11.820558861505184,119.41435354569523,199.9451446533203,0.3397751539346794,2.094194402853318
H. aturensis,2,200,4,1500,5.185205500059562,58.75177668943514,89.86076354980469,0.4255338738909531,2.2162345032333253
H. aturensis,2,200,5,1500,4.666182318901814,52.73049773851639,79.89385223388672,0.4480840184423685,2.247930988229927
H. aturensis,2,200,6,1500,3.7053824686343675,45.281740424024726,70.000244140625,0.376007591468025,2.167560870675836
H. aturensis,2,200,7,1500,2.7815955418856673,38.659162486877115,59.93585205078125,0.3214880552110943,2.090969529234848
H. aturensis,2,200,8,1500,2.2644455466899847,32.765017197954016,50.068012237548835,0.3290943901133981,2.0860638724907767
H. aturensis,2,200,9,1500,19.565461282442254,234.6630346464975,400.0729064941406,0.2556906445489346,1.987363708660938
H. aturensis,2,200,10,1500,16.746290884602168,202.79902047934056,400.14166259765625,0.16846040237178836,1.8103396589769836
H. aturensis,2,200,11,1500,18.292431199429497,217.83471041513127,399.9622802734375,0.2064909813713743,1.8771149106952365
H. aturensis,2,200,12,1500,24.941152752508383,316.10516015424616,499.85052490234375,0.3071993670018462,2.0596809696206475
H. aturensis,2,200,13,1500,28.084668257244118,391.041549330398,599.73822021484375,0.3065342325316297,2.064326066554815
H. aturensis,2,200,14,1500,30.502801634598175,500.07775090860594,799.83636474609375,0.2146757412176237,1.9100603603059425
H. aturensis,2,200,15,1500,33.838029524977294,729.6922429038377,1150.2049560546875,0.1626548535444685,1.7914007481140437
H. aturensis,2,200,16,1500,35.891853274049,958.3593465078914,1499.937255859375,0.13035060773723567,1.7176064880192716
H. aturensis,2,200,17,1500,12.744851642258586,201.81882218462096,400.1751708984375,0.12307654306696518,1.699797972403234
H. aturensis,2,200,18,400,9.186271980500834,217.7267407418626,393.9638671875,0.09931598406946741,1.6331579959115623
H. aturensis,2,200,19,400,1.8122600466357008,69.03058495206355,107.86798095703124,0.09942787397166213,1.6289394339825958
H. aturensis,2,200,20,400,2.188107817157651,63.49118169227195,98.157440185546875,0.1370475818536043,1.7109963538107986
H. aturensis,2,200,21,400,2.463748715137108,61.64532551619085,89.28227233886719,0.20657654231846412,1.8496280666653184
H. aturensis,2,200,22,400,2.4359242778436334,59.43421034437723,79.8086929321289,0.30901964144710337,2.027558179927961
H. aturensis,2,200,23,400,2.0742370607220506,54.485657071964134,70.3495101928711,0.3657469261426251,2.116225108961371
H. aturensis,2,200,24,400,1.6025945823826346,48.29595038965911,61.04252243041992,0.3687403484001448,2.1214586681566288
H. aturensis,2,200,25,400,1.0366842579902782,41.707025308188435,51.5626335144043,0.32727331090915296,2.063924221898138
H. aturensis,2,200,26,400,11.974926681130446,258.3021090558705,388.6774597167969,0.19616262560564585,1.8332671498712445
H. aturensis,2,200,27,250,6.464886587787819,205.53881733255488,388.06878662109375,0.065352337811620545,1.5118409661841723
H. aturensis,2,200,28,250,1.4910129102833092,72.57969576772471,108.26769256591795,0.09114046132936515,1.577017053802665
H. aturensis,2,200,29,250,2.010073011918795,70.72038235853302,99.00877380371094,0.16409346022610394,1.7464955882740905
H. aturensis,2,200,30,250,2.1526580315676496,68.86455164991031,89.68981170654298,0.2670212253577506,1.941092828245164
H. aturensis,2,200,31,250,1.918608140873793,62.98432477889603,80.34783935546875,0.30131178232830824,2.006428993922833
H. aturensis,2,200,32,250,1.4660806028200761,56.31243128752201,70.70214080810547,0.28674564287741694,1.9745679913603815
H. aturensis,2,200,33,250,1.0873207314337798,49.302497365486445,61.44987869262695,0.26033786638696915,1.932524400798211
H. aturensis,2,200,34,250,0.6467869595027231,42.540652617056026,51.881935119628906,0.22441711738464457,1.873988066714257
H. aturensis,2,200,35,250,9.396809143532028,263.1113953817078,388.8581848144531,0.1559590363513032,1.7370257393646171
H. aturensis,2,200,36,150,5.106196218493724,228.5270520981044,388.089599609375,0.059777964832920645,1.490590562374855
H. aturensis,2,200,37,150,0.9732267241864336,77.39056557656977,108.36407470703124,0.07295060245623218,1.5263298289810483
H. aturensis,2,200,38,150,1.1927723264064714,73.87097930593721,99.16554260253906,0.11271376395238272,1.6243976985918709
H. aturensis,2,200,39,150,1.2479354808006358,70.63249502641251,89.7867431640625,0.1695152690806543,1.7562062995102314
H. aturensis,2,200,40,150,1.154649106019126,65.81183560840657,80.47322082519531,0.22555097514357592,1.8653015476339787
H. aturensis,2,200,41,150,0.851286501820324,59.50151342960322,70.77362060546875,0.24075092639422496,1.89232199631205
H. aturensis,2,200,42,150,0.624609661039293,52.16268300399516,61.4229736328125,0.23393101483220427,1.8783286879047227
H. aturensis,2,200,43,150,0.252252413762448,45.856077523349235,51.83730697631836,0.2268147820966807,1.8712156900367845
H. aturensis,2,200,44,150,6.967453556059444,297.06933214688775,388.8234252929687,0.17057259470855016,1.7620272384999407
H. aturensis,2,200,45,100,4.084148109627638,264.73161117819427,387.8712158203125,0.06468642635103633,1.4998947540931111
H. aturensis,2,200,46,100,0.6112350389936679,84.97603794860139,108.44532012939452,0.0697573525706582,1.5125932116915792
H. aturensis,2,200,47,100,0.7129423639858405,79.05468401303811,99.1380615234375,0.09634997274289459,1.5809833334405994
H. aturensis,2,200,48,100,0.7803657889518423,74.23213759907702,89.91132354736328,0.1450465977513121,1.6966929984586747
H. aturensis,2,200,49,100,0.6476599156598883,69.51372213017488,80.42150115966797,0.20831163800837463,1.8269842392484423
H. aturensis,2,200,50,100,0.46081264928915855,62.6838066522748,70.84071350097656,0.2430312074267297,1.8957022159956247
H. aturensis,2,200,51,100,0.29094515265698695,54.72603759752715,61.46185302734375,0.22474008114242353,1.8691513092113743
H. aturensis,2,200,52,100,0.0063624925756325945,47.83475222317739,51.92396545410156,0.207671204726478,1.8382105593233864
H. aturensis,2,200,53,100,5.1031589709186305,313.62229058711614,389.18060302734375,0.1591623623730345,1.741764684998343
H. isocalycia,1,800,1,1500,22.16885054641314,274.2856087698652,399.9840698242187,0.4251634131611996,2.1220464358313476
H. isocalycia,1,800,2,1500,17.093510939247714,205.2177412400557,299.9241943359375,0.4396391677025436,2.131080276764638
H. isocalycia,1,800,3,1500,11.006363176272624,141.85421042251178,199.92526245117188,0.4828406948904612,2.1741350083315334
H. isocalycia,1,800,4,1500,3.01289413222959,72.62996304759707,89.911834716796875,0.523227240868391,2.214080681409075
H. isocalycia,1,800,5,1500,2.4184235917647694,66.0708689686868,80.11598205566406,0.5467737553232165,2.233428238353546
H. isocalycia,1,800,6,1500,1.6713044715420826,59.46019500801105,69.98102569580078,0.554366107879985,2.2370941608133728
H. isocalycia,1,800,7,1500,0.9094750179971305,52.817065094168406,59.98202133178711,0.5372178214527289,2.2196749154058053
H. isocalycia,1,800,8,1500,0.14757530617154316,46.364221064019965,50.111324310302734,0.5037711118149258,2.1963118124392493
H. isocalycia,1,800,9,1500,18.920119070234932,285.8468430733147,399.8846740722656,0.40165164759776334,2.0805685982645956
H. isocalycia,1,800,10,1500,15.6804078136604,254.52081643244668,399.72076416015625,0.2258080676598544,1.858267209358688
H. isocalycia,1,800,11,1500,16.459951523408122,246.97645920585825,400.0675659179687,0.2220032683416886,1.9568725325712584
H. isocalycia,1,800,12,1500,20.860664204220217,314.1074648834,499.9964599609375,0.232215538010786,2.1035003667351555
H. isocalycia,1,800,13,1500,24.687811444090606,395.5133274182864,600.020263671875,0.25352180804941854,2.2414467065094503
H. isocalycia,1,800,14,1500,29.61286016515347,548.0319457477116,800.09844970703125,0.24623371083578072,2.3220774427082507
H. isocalycia,1,800,15,1500,34.124801757988955,830.2838809321267,1150.1046142578125,0.22206574359958345,2.353428588039387
H. isocalycia,1,800,16,1500,35.99241161464262,1132.4556483990689,1499.9107666015625,0.20260705590420328,2.3591956937783105
H. isocalycia,1,800,17,1500,15.272975312634303,244.7067708256515,399.9983520507813,0.19543865462673757,2.3904225509518
H. isocalycia,1,800,18,400,13.357565904286622,293.797468866535,401.2622985839844,0.26992075611951705,2.527657478890469
H. isocalycia,1,800,19,400,3.0226773936446962,88.35081956389423,112.68019104003906,0.3014802879296545,2.559632459264016
H. isocalycia,1,800,20,400,2.830736657226973,82.40918335968637,102.91358947753906,0.35183134123827864,2.610886850595707
H. isocalycia,1,800,21,400,2.521872522507856,75.76289048109989,92.61524200439453,0.40372687909715105,2.662187967238278
H. isocalycia,1,800,22,400,2.038010344584654,69.52982409469023,82.73932647705078,0.4475948264526371,2.705229671286841
H. isocalycia,1,800,23,400,1.56478638953133,62.46857623390207,72.70225524902344,0.4811457212215718,2.7376111834108308
H. isocalycia,1,800,24,400,0.88799926143531,55.74845084048456,62.49446487426758,0.5017427377960343,2.758507407371508
H. isocalycia,1,800,25,400,0.17320609904837536,49.069796481392856,52.387496948242195,0.5113941441755425,2.7702094425529946
H. isocalycia,1,800,26,400,14.8064898091048,322.566554984195,400.67282104492193,0.489129448146467,2.760572199366521
H. isocalycia,1,800,27,250,10.955177938399638,306.79460109557175,400.7061462402344,0.254834846117327,2.5525514378451333
H. isocalycia,1,800,28,250,2.433424622098918,89.72892046430532,112.45182800292967,0.2591751363913828,2.561667755794013
H. isocalycia,1,800,29,250,2.2157963845204587,83.5060929935371,102.74369049072266,0.29044640762719925,2.5962654999298103
H. isocalycia,1,800,30,250,1.9230728395888708,76.71186321825003,92.57561492919922,0.3224089799257689,2.634658875398629
H. isocalycia,1,800,31,250,1.5570531735736453,69.98085779473867,82.68983459472656,0.34722610127723735,2.659849234703928
H. isocalycia,1,800,32,250,1.035647319015528,63.57220304258402,72.64759063720702,0.37064640609252336,2.689451836694323
H. isocalycia,1,800,33,250,0.5583047413091208,56.48379279996983,62.47349548339844,0.3916311971642224,2.709571696539584
H. isocalycia,1,800,34,250,0.010950604551937054,49.56923607950069,52.35798263549805,0.4101575302346306,2.727689714222622
H. isocalycia,1,800,35,250,12.032728162938007,326.0294207756994,400.6374816894531,0.3972893625680383,2.72165427489423
H. isocalycia,1,800,36,150,7.709435275357363,308.84292435477795,400.6847839355469,0.17450304260387475,2.497378875200986
H. isocalycia,1,800,37,150,1.5165061706233338,92.14976545165628,112.45101928710938,0.1835135007366863,2.511751910807405
H. isocalycia,1,800,38,150,1.5078968584865935,85.47656532032502,102.79674530029295,0.223421796637464,2.5610988383446527
H. isocalycia,1,800,39,150,1.2449652334973325,79.261413832651,92.62284851074219,0.26179522394745025,2.607368514534435
H. isocalycia,1,800,40,150,0.9717263099059514,72.38035113306533,82.70121765136719,0.2937366356353604,2.643204704666932
H. isocalycia,1,800,41,150,0.6177002419294773,65.34991380843923,72.67753601074219,0.3207701579037059,2.67041170753754
H. isocalycia,1,800,42,150,0.2706741030381292,57.73591580672988,62.477996826171875,0.3434876810308467,2.6902147378663357
H. isocalycia,1,800,43,150,-0.20230087210293535,50.674624514129874,52.385108947753906,0.35643471865335563,2.7007233758448272
H. isocalycia,1,800,44,150,8.656654351974328,337.5840338557846,400.6754760742187,0.33896837919087763,2.6952350551057607
H. isocalycia,1,800,45,100,5.2932677858278625,320.19579130058537,400.81011962890625,0.13579293378206664,2.466676406716404
H. isocalycia,1,800,46,100,0.8644400743826647,95.75814973350224,112.489013671875,0.14029842421794442,2.475743175612268
H. isocalycia,1,800,47,100,0.7832100005680269,89.29901765062958,102.78498840332033,0.17050813948015223,2.5131922818541934
H. isocalycia,1,800,48,100,0.6781264333415307,81.87385149896672,92.6042251586914,0.20572745629889944,2.5587435713032027
H. isocalycia,1,800,49,100,0.45977463424950954,74.8806914532344,82.729217529296875,0.23678449788161873,2.595755737485131
H. isocalycia,1,800,50,100,0.24802542972270553,67.12353622327609,72.73880767822266,0.26065740695601985,2.620912359310387
H. isocalycia,1,800,51,100,-0.07076339383903832,59.56951354224461,62.53351593017578,0.2799665441731721,2.645182856183194
H. isocalycia,1,800,52,100,-0.41793448389722077,52.06725696794953,52.445281982421875,0.29604257145438934,2.6662954334660025
H. isocalycia,1,800,53,100,6.104034876748247,345.8647679469205,400.6847534179687,0.2753075723413396,2.6459820191737964
F. sonorensis,2,200,1,1500,17.202976796589766,293.0888688335199,399.9942932128906,0.361397270471864,1.8735795441189256
F. sonorensis,2,200,2,1500,12.87538102648863,219.43211848926353,300.254638671875,0.3611759923667196,1.8876484793443231
F. sonorensis,2,200,3,1500,8.030737599755659,148.77695842784613,200.0764312744141,0.3658664817035843,1.9033411722081657
F. sonorensis,2,200,4,1500,2.1267735461004267,73.93760371605191,89.89917755126953,0.38251828847587627,1.9115252670578484
F. sonorensis,2,200,5,1500,1.9130496268915034,66.16566103381211,80.05550384521484,0.40738111010679345,1.9308889336053108
F. sonorensis,2,200,6,1500,1.6240649027096463,57.9751097229095,70.07413482666016,0.41447740683056705,1.9588177401087303
F. sonorensis,2,200,7,1500,1.073398147278201,50.98261562273093,59.95631408691406,0.4296315879734029,1.9826181846731343
F. sonorensis,2,200,8,1500,0.5256205969884533,44.014830965774365,50.05452346801758,0.43794940702954355,1.9917076159591671
F. sonorensis,2,200,9,1500,18.367423022786554,301.01597680570137,399.836181640625,0.4382507836441284,1.9891407534689496
F. sonorensis,2,200,10,1500,17.458477676744398,295.32566604847193,399.851806640625,0.3797070492986178,1.9376432977616789
F. sonorensis,2,200,11,1500,16.736509117824518,294.3924113422697,399.978515625,0.3571235103043656,1.926224716115976
F. sonorensis,2,200,12,1500,20.50192379343872,371.7149460935198,499.9866638183594,0.35959564927497734,1.9230240114294284
F. sonorensis,2,200,13,1500,23.13443924808795,449.8075901855767,599.95684814453125,0.34732652719287443,1.9290365316270617
F. sonorensis,2,200,14,1500,27.9194177532156,622.100440519075,799.93927001953125,0.35906908539976307,1.9170086798448465
F. sonorensis,2,200,15,1500,32.542621769471864,932.0540842933592,1150.1875,0.35068472684909824,1.9100439777976137
F. sonorensis,2,200,16,1500,34.34695770525492,1252.2955351030596,1499.9248046875,0.33836371655696257,1.912163464391051
F. sonorensis,2,200,17,1500,14.669327376208111,303.3949619998227,400.0075073242187,0.34469803932015025,1.916058465739625
F. sonorensis,2,200,18,400,8.835286502222583,323.15932552389864,394.0041198730469,0.3025664025473647,1.885889295162968
F. sonorensis,2,200,19,400,0.8076272429913092,97.54068164260087,108.84654235839844,0.305826082868766,1.8843818249616888
F. sonorensis,2,200,20,400,0.6861969590030994,89.26030168477782,99.2551498413086,0.31812343397175624,1.8952161807121013
F. sonorensis,2,200,21,400,0.7377115859291671,80.58255432370649,90.25316619873047,0.3339076603389495,1.9080879649195992
F. sonorensis,2,200,22,400,0.39830534298067627,73.42893204012971,80.67784881591797,0.3536048915780935,1.9307944241051735
F. sonorensis,2,200,23,400,0.020981610499565206,66.19543558870139,71.0260238647461,0.36647800018298593,1.9428412609035148
F. sonorensis,2,200,24,400,-0.2719224704637522,58.26807387462154,61.194194793701165,0.3798191764001628,1.953148710377456
F. sonorensis,2,200,25,400,-0.5849718830541109,50.65945718549215,51.67398452758789,0.389141074039333,1.9614186270299252
F. sonorensis,2,200,26,400,10.907511885556486,317.27643566916265,388.6128845214844,0.37880360870251,1.9573477295690829
F. sonorensis,2,200,27,250,6.614130780610495,331.2700594870877,388.4166259765625,0.30229206942154246,1.884650057398394
F. sonorensis,2,200,28,250,0.17657134613507408,101.4237481411416,108.98422241210938,0.30154147970343415,1.878675547708408
F. sonorensis,2,200,29,250,0.3039026459897876,92.0202258931441,99.922607421875,0.30833559150540696,1.8836681218293232
F. sonorensis,2,200,30,250,0.17185685289553565,83.77725509036576,90.41834259033203,0.32176101087256626,1.896156467072069
F. sonorensis,2,200,31,250,-0.09951928795040568,76.26326162518677,80.937835693359375,0.34094178461320596,1.9135752854589372
F. sonorensis,2,200,32,250,-0.4675915437700202,68.90896634251294,71.21406555175781,0.36043205952602975,1.9257097916224155
F. sonorensis,2,200,33,250,-0.6950890436762156,60.93286403250152,61.74694061279297,0.37664395865230593,1.938349185623374
F. sonorensis,2,200,34,250,-0.9914221202253162,53.020001226817975,52.0660400390625,0.3910426813004654,1.9491527417180183
F. sonorensis,2,200,35,250,8.32696716013249,331.49599150373024,389.50445556640625,0.3831022610616476,1.9425591845787131
F. sonorensis,2,200,36,150,4.536319586444263,343.7294686785681,388.73919677734375,0.2956710639497086,1.8553320953894872
F. sonorensis,2,200,37,150,-0.3334727896223542,104.6436815314046,109.0884246826172,0.2960529593914144,1.8524189768051729
F. sonorensis,2,200,38,150,-0.3615202800439915,95.90272251309679,99.83075714111328,0.2991000126669936,1.8548036137491
F. sonorensis,2,200,39,150,-0.4246947888833906,87.31126275625007,90.54436492919922,0.3080376265683363,1.864806227696972
F. sonorensis,2,200,40,150,-0.6720095112509503,79.5991415401286,81.0458984375,0.3229933106905909,1.8744423030578763
F. sonorensis,2,200,41,150,-0.8998604159937874,71.35616814099315,71.315155029296875,0.34152432255552234,1.8988211628740392
F. sonorensis,2,200,42,150,-1.1085597431524556,63.22212635446056,61.82453155517578,0.35802739973539166,1.912113046616578
F. sonorensis,2,200,43,150,-1.4754321336636855,55.795799098240906,52.23696517944336,0.368028977004886,1.9208197452476017
F. sonorensis,2,200,44,150,5.565278420047627,343.71994761649023,389.4574279785156,0.3618105819766622,1.9102458623696292
F. sonorensis,2,200,45,100,2.9333338263793305,353.5307715555674,388.8970642089844,0.2893949533914764,1.8308690944636472
F. sonorensis,2,200,46,100,-0.848225686540915,107.17132798072844,108.41020965576172,0.29009354053293746,1.8331314850857452
F. sonorensis,2,200,47,100,-0.789865021272945,97.66179864595564,98.91667938232422,0.2911794132158468,1.8319684657866893
F. sonorensis,2,200,48,100,-0.8185576465453113,89.1299521530204,89.91632080078125,0.2986078677101654,1.8386464262378288
F. sonorensis,2,200,49,100,-1.0959256813203164,81.68592288680956,80.59815979003906,0.3131773555862865,1.8547542957511904
F. sonorensis,2,200,50,100,-1.177525464064392,72.85616544694841,71.1635513305664,0.32890695574196027,1.8767389869629552
F. sonorensis,2,200,51,100,-1.4981758185044556,65.20759310168826,61.5100212097168,0.34073057623349845,1.88763959635864
F. sonorensis,2,200,52,100,-1.6724899157344462,56.79774514251575,52.00211334228515,0.3516151525083132,1.9036562494816316
F. sonorensis,2,200,53,100,3.4369504036759033,353.3216179729846,389.29388427734375,0.34044730136743573,1.886864046805276
S. hians,2,200,1,1500,15.675740738933543,214.70379305285292,399.96685791015625,0.15835263382156226,2.332232531235757
S. hians,2,200,2,1500,13.582101441326506,179.53443548581157,300.02081298828125,0.22239702045272383,2.4014043308025577
S. hians,2,200,3,1500,10.197895425831923,131.27447588826925,200.1195373535156,0.3142761948783583,2.48747882852405
S. hians,2,200,4,1500,4.352960774829877,66.59254796065666,89.9411849975586,0.45683561252336485,2.5915952813256298
S. hians,2,200,5,1500,4.050042911326965,60.28349203204204,79.90033721923828,0.532713836266274,2.657032042496794
S. hians,2,200,6,1500,3.5379624168345494,53.07544853144249,69.91960144042969,0.557471590327319,2.688228353871076
S. hians,2,200,7,1500,2.7357371423855636,46.20160681177121,59.927459716796875,0.5440502278212772,2.6882337428424505
S. hians,2,200,8,1500,2.319039626066999,38.28515381964523,49.92967224121094,0.5507128531730588,2.664840602359036
S. hians,2,200,9,1500,18.241213633883405,268.61176282505363,399.9714965820313,0.28792550005699347,2.4921233239190186
S. hians,2,200,10,1500,11.38703240106519,199.22403465929565,399.8543090820313,0.10231387725588428,2.2934227899096005
S. hians,2,200,11,1500,12.863600482251696,198.68242984644607,400.0541076660156,0.11595219627507716,2.3106638431858593
S. hians,2,200,12,1500,20.02078601326582,285.12110321199236,499.96929931640625,0.17621536211393468,2.377850559219194
S. hians,2,200,13,1500,23.05216269032696,349.3851109936553,599.89923095703125,0.17364672881525467,2.3757449785326608
S. hians,2,200,14,1500,25.823052162691656,445.6901546067542,800.101806640625,0.13306730267746922,2.332803556879662
S. hians,2,200,15,1500,28.02463895572667,601.742566459089,1149.9112548828125,0.08979846671940439,2.2821034644559988
S. hians,2,200,16,1500,28.628251640502327,733.2909368149475,1499.8641357421875,0.06370337811144894,2.2499841832919047
S. hians,2,200,17,1500,10.06527096572961,200.71268197159375,399.9070129394531,0.0904826023778814,2.2860038042164814
S. hians,2,200,18,400,8.487388826564668,191.8172978687115,402.3901672363282,0.0712169466832263,2.2601036039349855
S. hians,2,200,19,400,2.452937795116714,81.10140627020564,112.85496520996094,0.16824313082810147,2.368579107498314
S. hians,2,200,20,400,3.0722562407128162,79.63305349782695,103.05974578857422,0.312951695030082,2.509836296808906
S. hians,2,200,21,400,2.888776021752073,72.96962671407519,92.72628021240233,0.36482797678428286,2.552929174486344
S. hians,2,200,22,400,2.5016638807172926,66.06429749627657,82.8233642578125,0.386416683513543,2.570989062557666
S. hians,2,200,23,400,2.0662814113125734,58.746673948857755,72.78250885009767,0.39646065333884634,2.5773756412387447
S. hians,2,200,24,400,1.547194015581278,51.333864615396145,62.778343200683594,0.38356225524955073,2.569295090323314
S. hians,2,200,25,400,1.0206559890771068,44.24915576671788,52.44537353515625,0.40031868912043206,2.5708880703583272
S. hians,2,200,26,400,13.246609797814697,299.03273933466954,401.5469970703125,0.2745032525514971,2.4695334364640877
S. hians,2,200,27,250,6.449526869700628,198.58640349620785,401.681640625,0.05583999925541762,2.22192500287274
S. hians,2,200,28,250,1.734065517483639,81.8933354654095,112.62385559082033,0.1259069660777191,2.307704984448006
S. hians,2,200,29,250,2.474480733531556,81.74638338525605,102.93843841552734,0.2854414182206419,2.467543364716839
S. hians,2,200,30,250,2.2844221549523134,75.68183279107595,92.64476776123047,0.3533821073456613,2.5314384692129095
S. hians,2,200,31,250,1.8560739368284564,69.26884593405674,82.7733383178711,0.3867059368860199,2.5536926244178613
S. hians,2,200,32,250,1.3663122744968672,62.016890326592105,72.89942932128906,0.3799576271179298,2.545299499730827
S. hians,2,200,33,250,1.0253130979889038,53.52779082963024,62.46574020385742,0.37039972714458475,2.526616858341964
S. hians,2,200,34,250,0.6125668683350869,45.8691175652479,52.39606475830078,0.364886353208396,2.5136895152707
S. hians,2,200,35,250,10.198794865888214,309.0314656969306,401.47265625,0.2350719478829465,2.41334194535618
S. hians,2,200,36,150,4.296361789287177,198.32903770692695,401.5861206054687,0.03684802352148314,2.1700726653764724
S. hians,2,200,37,150,0.6072131475400662,85.57459745520251,112.61676025390624,0.06123740951140761,2.201494814856851
S. hians,2,200,38,150,1.5440609851748737,83.61144226470502,102.91849517822266,0.201946756405913,2.360385664134272
S. hians,2,200,39,150,1.3544916532097215,79.10623367979214,92.730194091796875,0.2864216399493599,2.443672418094473
S. hians,2,200,40,150,1.0913268080315863,71.69264092453092,82.81314849853516,0.3081912821656437,2.4629791319425567
S. hians,2,200,41,150,0.8248005143084465,63.37617863888084,72.73412322998047,0.3014322829465721,2.457139736964993
S. hians,2,200,42,150,0.3934542108898749,55.92598589129424,62.550315856933594,0.2842580378879764,2.4407779966140226
S. hians,2,200,43,150,0.15388198902009687,47.51979963082291,52.41010284423828,0.27153941074808285,2.4251727302516812
S. hians,2,200,44,150,7.343814768988893,309.33051525435855,401.3856506347656,0.1640770956873278,2.311806245596963
S. hians,2,200,45,100,3.293927804604295,208.97839077031168,401.63668823242193,0.029925678272419428,2.131385220755939
S. hians,2,200,46,100,0.1631219130424646,93.45500880294826,112.63011932373048,0.04515166111352042,2.149878847980872
S. hians,2,200,47,100,0.7951017116092798,87.3712335351635,103.18782043457033,0.14976993010913167,2.2802027722816858
S. hians,2,200,48,100,0.9015119913713671,80.94450486556788,92.675567626953125,0.24785300183754433,2.3765066608777414
S. hians,2,200,49,100,0.6851191081404981,73.77615835806105,82.82622528076172,0.28259507107827597,2.401548416609512
S. hians,2,200,50,100,0.39582004503527113,65.39696037648814,72.8016586303711,0.25583517108697823,2.3897556979469665
S. hians,2,200,51,100,0.1077040630707945,57.16425463773485,62.519798278808594,0.22715447767032265,2.3554833672051316
S. hians,2,200,52,100,-0.23946250319487172,50.25534576287858,52.58030700683594,0.2212576794181068,2.342933040550619
S. hians,2,200,53,100,5.510870999247391,327.61550943978466,401.6374206542969,0.1591687171259289,2.2676059909350004
H. aturensis,3,200,1,1500,20.91244002981416,235.8865170398633,400.1761474609375,0.25729017400974763,2.051556594785579
H. aturensis,3,200,2,1500,16.1109768409128,178.08973382029774,300.0023498535156,0.2707669696238078,2.079160083066963
H. aturensis,3,200,3,1500,11.189267361627273,126.1925967395444,200.0197296142578,0.32579749771667454,2.1421612538480113
H. aturensis,3,200,4,1500,4.842009315915978,62.39137913270648,89.99565887451172,0.41983409680882866,2.233681793559634
H. aturensis,3,200,5,1500,4.550819255177188,57.311544024048466,79.91221618652344,0.5116189399259824,2.3194850728550227
H. aturensis,3,200,6,1500,3.912450692083156,51.519612164100515,70.05882263183594,0.5604548296932249,2.3660614078262587
H. aturensis,3,200,7,1500,3.1255307813052493,45.12596294270673,60.01656723022461,0.5793956204773731,2.384971798990737
H. aturensis,3,200,8,1500,2.387148177658135,38.244767943955274,50.157752990722656,0.5725423499461536,2.386508131075345
H. aturensis,3,200,9,1500,22.99641518396997,289.0317154021349,399.9037170410156,0.4947145000820608,2.3342324096533993
H. aturensis,3,200,10,1500,12.649388122954985,218.12593282346495,400.0866088867187,0.1300495320186171,1.9593857627174005
H. aturensis,3,200,11,1500,11.000962644143126,202.1154349838361,400.2352294921875,0.10093771049689564,1.9104747733033145
H. aturensis,3,200,12,1500,15.477513703457415,259.9713005799877,500.005615234375,0.118098367222341,1.9416451659044105
H. aturensis,3,200,13,1500,21.051650234599023,345.07226666513355,600.194091796875,0.15557032000491655,1.9930255500950007
H. aturensis,3,200,14,1500,27.131419076839613,519.4836828825777,800.0501708984375,0.1888723418927726,2.0383156748314506
H. aturensis,3,200,15,1500,32.25507932913996,812.5536808463725,1149.8975830078125,0.1902444144944986,2.0430349116511644
H. aturensis,3,200,16,1500,34.73218564606808,1097.993076022868,1499.9324951171875,0.1716985756820807,2.020168770077406
H. aturensis,3,200,17,1500,13.541881685352914,236.52966278085935,400.0105285644531,0.15866087467543866,2.0057354017419713
H. aturensis,3,200,18,400,9.575136026810847,257.03384373003934,393.65533447265625,0.13535944404855474,1.9699005682444113
H. aturensis,3,200,19,400,1.950852508877544,74.3318879473137,106.97818756103516,0.13252278320163016,1.9616052211047643
H. aturensis,3,200,20,400,2.0794479291308443,69.79441073357938,97.60173034667967,0.16996647396838532,2.0033137150535913
H. aturensis,3,200,21,400,2.1825687614307063,65.90752545323977,88.10468292236328,0.2357542620633968,2.07981788713632
H. aturensis,3,200,22,400,2.175453138975108,61.45337388984649,78.917938232421875,0.3206931115972486,2.167520184800087
H. aturensis,3,200,23,400,1.9432363121106901,55.99876094062426,69.77130126953125,0.3920283083127445,2.232097199244046
H. aturensis,3,200,24,400,1.5057347785431736,49.97891992441246,60.56071090698242,0.4333562480714685,2.2671140693244816
H. aturensis,3,200,25,400,1.1066614103440804,42.9008695241901,51.07869338989258,0.4547989388783044,2.2824830343876967
H. aturensis,3,200,26,400,12.174126402641669,317.1691475413596,388.02835083007807,0.43328390565850267,2.26143813442174
H. aturensis,3,200,27,250,5.677499820542056,256.4129984692067,387.1845703125,0.082023636636495,1.8497574858117731
H. aturensis,3,200,28,250,0.8147160984952208,82.3436877492619,107.43620300292967,0.08586733137660862,1.8492792312719393
H. aturensis,3,200,29,250,1.2083473885082336,72.07205982204037,98.130096435546875,0.11224661377717034,1.880608624142318
H. aturensis,3,200,30,250,1.3120333439424394,68.91976356403823,89.40442657470702,0.16236394545044094,1.9436827308053908
H. aturensis,3,200,31,250,1.332586040471818,64.06238959442511,79.92639923095702,0.22806399328041285,2.019161475175715
H. aturensis,3,200,32,250,1.1567715480934562,58.389862083296705,70.3724594116211,0.29069253074542134,2.082331938900621
H. aturensis,3,200,33,250,0.9479201403641038,51.6799085066031,61.089969635009766,0.33655096107494026,2.1245699053002465
H. aturensis,3,200,34,250,0.5800626827339839,44.96828439735301,51.63763046264648,0.3670963130363212,2.1505016387873477
H. aturensis,3,200,35,250,9.129101553780043,323.55892212480813,387.7203979492187,0.35948369751520814,2.1371037443077654
H. aturensis,3,200,36,150,4.5791655624291705,284.7904311857355,387.4015502929687,0.08849584733991189,1.7863299182135233
H. aturensis,3,200,37,150,0.5117029760638381,88.4636743762213,107.49739074707033,0.08818246830719503,1.777796251317457
H. aturensis,3,200,38,150,0.71714561078502,79.20694021006966,98.430389404296875,0.1093042100418184,1.80159115359711
H. aturensis,3,200,39,150,0.8502751228740912,72.61886916314994,89.345977783203125,0.14811923456705373,1.850259805827518
H. aturensis,3,200,40,150,0.7772217166703872,67.56218779149938,80.15535736083984,0.20112662763477793,1.9132061700597112
H. aturensis,3,200,41,150,0.5546184066466888,61.575391369332834,70.58226776123047,0.2497761004236157,1.9661903301901476
H. aturensis,3,200,42,150,0.29583230544509037,54.992092618132446,61.323001861572266,0.2847008799677719,1.9992684223001125
H. aturensis,3,200,43,150,0.07338499633731399,47.431273016257485,51.865840911865234,0.3022053137403025,2.0141287747791794
H. aturensis,3,200,44,150,6.3271835030352115,330.5926435753023,388.3233642578125,0.28060615498814884,1.989676875963196
H. aturensis,3,200,45,100,3.2277542986436605,298.74811458037846,387.71826171875,0.07406897548419347,1.690812517405604
H. aturensis,3,200,46,100,0.12674160827003406,94.04824990811483,107.52358245849608,0.07207402764154482,1.6813146252324804
H. aturensis,3,200,47,100,0.2861589846911049,83.56681948499121,98.538177490234375,0.08549715546844339,1.6978900584587973
H. aturensis,3,200,48,100,0.29847187241224477,77.04946777259997,89.551422119140625,0.1109334698739141,1.73014411308337
H. aturensis,3,200,49,100,0.3012864288871548,70.10233790895825,80.31478118896484,0.14706380389869547,1.7774190778627237
H. aturensis,3,200,50,100,0.16087541309471076,63.46177874078191,70.67793273925781,0.18629964118072329,1.8259794634800637
H. aturensis,3,200,51,100,-0.045008900684468334,56.56440214113682,61.181243896484375,0.22139366216450795,1.86870929345701
H. aturensis,3,200,52,100,-0.1840433922589436,48.83642339263542,51.89836120605469,0.24629739827094327,1.894233274305414
H. aturensis,3,200,53,100,4.468609185016242,335.5782290213716,388.2639770507813,0.2220399373970316,1.864068543642759
H. aturensis,4,800,1,1500,18.146705956394445,247.70911866355416,399.7936096191406,0.23176417100923785,2.276982660453679
H. aturensis,4,800,2,1500,14.307944673884657,201.8117155871412,299.996826171875,0.2988416013803118,2.330952285581967
H. aturensis,4,800,3,1500,10.740581511888756,145.38445179790173,199.94601440429688,0.4466288917161552,2.4428012293274515
H. aturensis,4,800,4,1500,4.292140063028744,69.49379417869699,89.995849609375,0.5371032621052956,2.5009787290446694
H. aturensis,4,800,5,1500,3.4193862033326075,61.170932149237686,79.94096374511719,0.457150183069883,2.430886477414897
H. aturensis,4,800,6,1500,2.432487687918672,52.439581077157705,70.03273010253906,0.34283704375474117,2.360819319244474
H. aturensis,4,800,7,1500,2.2113775522816606,41.86154659187966,60.1246452331543,0.29070794125694227,2.3185579500555176
H. aturensis,4,800,8,1500,1.3551276018884044,39.00494648790766,49.96066665649414,0.3527233896751837,2.36066585170888
H. aturensis,4,800,9,1500,16.732644554169998,265.626291646369,400.0716857910156,0.24872532209033169,2.2920649971933744
H. aturensis,4,800,10,1500,11.318368026350461,221.0729898471746,400.02532958984375,0.1147867111625073,2.15071895876489
H. aturensis,4,800,11,1500,13.100179760978294,230.84940021926164,399.82073974609375,0.1436803473693448,2.1794924762094743
H. aturensis,4,800,12,1500,19.76188848359444,338.6991890401749,499.94427490234375,0.2430375785448294,2.2641038026392923
H. aturensis,4,800,13,1500,22.604433600976368,420.48942106835005,600.0086669921875,0.2528383234582545,2.2734607192706897
H. aturensis,4,800,14,1500,24.768689442865615,510.15913631107975,800.07733154296875,0.1588118712587167,2.1778926377194003
H. aturensis,4,800,15,1500,26.383571230335956,700.1581711589298,1149.755126953125,0.10403182447305744,2.1189430607866964
H. aturensis,4,800,16,1500,29.909830537320996,827.189116527756,1500.0771484375,0.07642924824024744,2.089524849667068
H. aturensis,4,800,17,1500,8.838999496868668,242.3271233612942,400.2016906738282,0.10258892834694852,2.109407140160911
H. aturensis,4,800,18,400,7.010577396715548,265.33959922360617,400.9236145019531,0.09626225790639084,2.077228518439078
H. aturensis,4,800,19,400,1.0055461622453294,86.99545253336137,112.3342742919922,0.10406805403930997,2.0759466444381105
H. aturensis,4,800,20,400,1.1871057665797928,82.45388925022495,102.68802642822266,0.1586740624992431,2.130620250973312
H. aturensis,4,800,21,400,1.4940151454219177,75.5042109065525,92.28894805908203,0.2447382776229645,2.2046505022687346
H. aturensis,4,800,22,400,1.472291073395374,70.00867732147144,82.47347259521484,0.35843904609980903,2.2794010981262547
H. aturensis,4,800,23,400,1.2211511595623556,62.46750165644897,72.4383316040039,0.412672090797454,2.318842660357026
H. aturensis,4,800,24,400,0.5036461851549376,55.1278709237016,62.27449417114258,0.33729230119317966,2.2602435466774624
H. aturensis,4,800,25,400,0.07918490260806871,46.94551906036981,52.06180191040039,0.2677873338579661,2.196994646983847
H. aturensis,4,800,26,400,9.60110114875249,285.3161774922567,400.3039245605469,0.16523630734491662,2.092892101030302
H. aturensis,4,800,27,250,5.197312184890956,237.64907723793436,400.4529418945313,0.05753484409464904,1.9507301863243771
H. aturensis,4,800,28,250,0.514445842740307,92.7894986809629,112.20354461669922,0.092142758857686885,1.9800653006699285
H. aturensis,4,800,29,250,0.9487830084691686,86.07668619958518,102.51526641845705,0.17674245266360997,2.0620361938268763
H. aturensis,4,800,30,250,1.0932299858049417,79.92723165583926,92.27128601074219,0.29422352013735015,2.1606368644231115
H. aturensis,4,800,31,250,0.8210967671139634,73.43082258820851,82.39871978759767,0.37510264221698314,2.218850474160936
H. aturensis,4,800,32,250,0.498153424754362,64.98073785839047,72.40631103515625,0.3418710690962064,2.18660060714549
H. aturensis,4,800,33,250,0.11938500457434004,56.521137994551744,62.20469284057618,0.27339995876043127,2.122684565220552
H. aturensis,4,800,34,250,-0.33632258557214667,49.660989159482895,52.09182357788086,0.2491550689629004,2.0941809468044084
H. aturensis,4,800,35,250,7.346297577648036,308.8702600357905,400.04888916015625,0.16752268403380502,2.008504296983302
H. aturensis,4,800,36,150,2.977973925465546,278.48926742145676,400.378662109375,0.04579555530540897,1.8499564599881997
H. aturensis,4,800,37,150,-0.22074507513827796,104.5207244675834,112.16742706298828,0.058090556284995896,1.8582484778872312
H. aturensis,4,800,38,150,-0.0213926144437811,92.96398202252628,102.44828033447266,0.09889266631331813,1.9007337330172889
H. aturensis,4,800,39,150,0.19821412196208366,83.37778691734069,92.32426452636719,0.17544826209725778,1.9724313965714535
H. aturensis,4,800,40,150,0.10858978545715031,76.1413418058782,82.45935821533203,0.27020708401662585,2.062166836359465
H. aturensis,4,800,41,150,-0.17936778956349567,68.52468293678683,72.41502380371094,0.32175451002778327,2.1028030646805562
H. aturensis,4,800,42,150,-0.41796955287966314,60.059322660873626,62.274627685546875,0.27447153032144156,2.0588485681522872
H. aturensis,4,800,43,150,-0.66727043435798294,52.13152191727293,52.13601303100586,0.23236458553438943,2.0136907327152147
H. aturensis,4,800,44,150,4.960306790052162,321.04654654289834,400.0437927246094,0.13415325156502964,1.908352286139503
H. aturensis,4,800,45,100,2.423910483470222,266.9933656771111,400.58209228515625,0.03370846911136948,1.7728884430890322
H. aturensis,4,800,46,100,-0.6730258545659452,120.19455192078736,112.21257019042967,0.04292567099742715,1.7794681699134818
H. aturensis,4,800,47,100,-0.2658040755526801,96.36258887738732,102.50865936279295,0.06702012244630191,1.8062155182025743
H. aturensis,4,800,48,100,-0.17770668543900459,86.02633322324655,92.2743911743164,0.11627313363239944,1.8596994809719036
H. aturensis,4,800,49,100,-0.28614763430307716,78.41478253729144,82.427276611328125,0.1831525062695836,1.9282996350665056
H. aturensis,4,800,50,100,-0.4475863091556851,70.10304594788978,72.41796875,0.24634807724158247,1.9860405712827345
H. aturensis,4,800,51,100,-0.5886074112878349,61.19808587667883,62.254364013671875,0.2559934939251577,1.9933850014001944
H. aturensis,4,800,52,100,-0.9013201227853342,53.94435103743467,52.17778396606445,0.22982789404118456,1.9665969276433752
H. aturensis,4,800,53,100,3.6216633648913867,328.8975943687464,400.1784362792969,0.1120965064328109,1.840091264552029
F. sonorensis,4,800,1,1500,29.196819558655548,250.83138220804287,399.9020690917969,0.43307513354414534,2.2381731005743495
F. sonorensis,4,800,2,1500,22.492851984156193,190.71328909915857,299.9595031738281,0.4633334383009766,2.2606321323527663
F. sonorensis,4,800,3,1500,15.029510420166124,133.69336939458668,199.8973388671875,0.5348007274584056,2.3009019917950506
F. sonorensis,4,800,4,1500,5.6259108145653665,66.7622705234998,89.9787368774414,0.6307907256425076,2.355607459202962
F. sonorensis,4,800,5,1500,4.896533775487145,61.43916367407398,79.955474853515625,0.7329444252164181,2.401295616677089
F. sonorensis,4,800,6,1500,3.985817849941515,55.612465868448304,69.95814514160156,0.8250448170845815,2.445326641658321
F. sonorensis,4,800,7,1500,2.977139145508719,49.37719952793238,60.02859878540039,0.9032234611701352,2.4929385873891587
F. sonorensis,4,800,8,1500,1.9541475585288333,42.77165281040682,50.129638671875,0.9626861102959614,2.523665324153378
F. sonorensis,4,800,9,1500,31.036679308906432,308.2329046543229,399.9314575195313,1.0020815165999353,2.5236295659374446
F. sonorensis,4,800,10,1500,32.056463576557704,303.72938522380275,400.0444030761718,0.9685158644931808,2.519416500582913
F. sonorensis,4,800,11,1500,32.09743135062207,299.1312017547518,400.0935363769531,0.895116271370442,2.488098335657516
F. sonorensis,4,800,12,1500,37.84011757830891,371.77395232310334,500.0768127441406,0.796284977846664,2.4290168735469924
F. sonorensis,4,800,13,1500,41.58826733749405,441.99361468720184,599.97137451171875,0.6747899949505627,2.3588240286778017
F. sonorensis,4,800,14,1500,47.091229850416184,589.2494703691773,799.86444091796875,0.5439626945575246,2.2778015318475373
F. sonorensis,4,800,15,1500,53.043037567675434,856.6608481673848,1150.072021484375,0.42008873119769086,2.1856706266385153
F. sonorensis,4,800,16,1500,55.91171944278509,1124.9398194070902,1499.98486328125,0.3351627911795929,2.1074465367328665
F. sonorensis,4,800,17,1500,25.06044311053413,239.07212727103763,400.0014343261718,0.32634621632900424,2.0880738185831724
F. sonorensis,4,800,18,400,14.629993010821677,300.9451358933539,401.4079284667969,0.3261219137992539,2.0229953878761444
F. sonorensis,4,800,19,400,3.2256097804186497,89.43597952151488,112.96255493164063,0.3378021834113121,2.0218695639539073
F. sonorensis,4,800,20,400,3.1814875277813517,83.77920236331333,103.14006805419922,0.4320141563547603,2.085703072924138
F. sonorensis,4,800,21,400,2.662625152954966,78.26475465404307,92.898345947265625,0.5346574952318729,2.1646464209677796
F. sonorensis,4,800,22,400,2.0310045322498675,72.08278849260381,82.96063232421875,0.6251924230312947,2.22615268135356
F. sonorensis,4,800,23,400,1.4138326305009952,65.08761180562863,72.97453308105469,0.704979399205472,2.2651407895840823
F. sonorensis,4,800,24,400,0.7243807535209323,57.5838173347117,62.75724792480469,0.7714478307164084,2.306276122914278
F. sonorensis,4,800,25,400,-0.06260747673181469,50.17697082552055,52.61106491088867,0.8302671382088564,2.332186375725156
F. sonorensis,4,800,26,400,16.366586106016364,340.9176320029367,400.9595642089844,0.86510861799501,2.3366007719648185
F. sonorensis,4,800,27,250,10.887901641799523,345.5183777521367,401.4154052734375,0.5792274261501845,2.183165273691877
F. sonorensis,4,800,28,250,2.4459705898371826,97.99013598126785,112.5679931640625,0.5348746502080305,2.129636259689636
F. sonorensis,4,800,29,250,2.2407877028510454,89.93454941787569,102.92062377929688,0.570696117950445,2.159682256775297
F. sonorensis,4,800,30,250,1.7187359003881917,82.47692953159532,92.68751525878906,0.6228175846478899,2.19568279905105
F. sonorensis,4,800,31,250,1.2384714157154568,74.97482759623713,82.87379455566406,0.6715649853564649,2.2291553165593943
F. sonorensis,4,800,32,250,0.6246166092491563,67.51364639803882,72.90746307373047,0.7198657757403735,2.2665658494692615
F. sonorensis,4,800,33,250,0.05629179824152003,59.51635904450216,62.715133666992195,0.7608385724811033,2.294512595319335
F. sonorensis,4,800,34,250,-0.41188880202551276,51.14517448412968,52.57752990722656,0.795286252862793,2.319964231229416
F. sonorensis,4,800,35,250,11.000432700955605,352.0153369125981,400.8858337402344,0.7446302396839063,2.299657791582111
F. sonorensis,4,800,36,150,6.835046491196523,340.11065880749857,401.45257568359375,0.2832453679156007,1.976293917558156
F. sonorensis,4,800,37,150,1.1499137235414516,98.71995908793804,112.98021697998048,0.25193077759923826,1.9436714879218489
F. sonorensis,4,800,38,150,1.1492202257777542,90.51030823011843,103.2743682861328,0.28542730659314935,1.9729303256158743
F. sonorensis,4,800,39,150,0.9214793273853292,82.96782854973138,92.77893829345702,0.3386418967558207,2.0169467348357286
F. sonorensis,4,800,40,150,0.36303437177795317,77.0298757410377,83.02288055419922,0.4011493962724906,2.084741996293524
F. sonorensis,4,800,41,150,-0.008559269755905263,69.28554640525333,72.96759033203125,0.46613215954792814,2.137505617270712
F. sonorensis,4,800,42,150,-0.4207475496719447,61.29556167987472,62.88639450073242,0.5311559676069434,2.1822518818806858
F. sonorensis,4,800,43,150,-0.9107402494316377,53.261218678190495,52.789703369140625,0.5881689680627419,2.2274723079173855
F. sonorensis,4,800,44,150,6.651853774514835,360.5259185442909,401.0696105957031,0.5587129171984766,2.20840595499985
F. sonorensis,4,800,45,100,4.271522554518544,348.7939987475039,401.6043701171875,0.21059457747571825,1.89553187888721
F. sonorensis,4,800,46,100,0.5547870216166882,102.08682070825166,113.07705688476563,0.20364356497790315,1.876726991605392
F. sonorensis,4,800,47,100,0.28508687372163233,95.5132491863407,103.16535186767578,0.2489617860389428,1.9236350652251424
F. sonorensis,4,800,48,100,0.024502975964151658,87.87607390032161,92.88074493408203,0.3188795680415678,1.9845864993330904
F. sonorensis,4,800,49,100,-0.19393577546796945,79.78209760612299,83.0936050415039,0.39629097028751686,2.045372827268613
F. sonorensis,4,800,50,100,-0.5098525593963803,71.51602072249574,73.15528106689453,0.46711603663562745,2.1105388138114067
F. sonorensis,4,800,51,100,-0.7447563631431086,62.50763884191626,62.952289581298835,0.5387622051735389,2.151847404715707
F. sonorensis,4,800,52,100,-1.135387254411657,54.033999172989496,52.87399673461914,0.6091867397401102,2.1902503179665653
F. sonorensis,4,800,53,100,4.143561848144878,369.6425248255748,401.27886962890625,0.5573212113659205,2.156741649730393
F. cronquistii,3,200,1,1500,30.286569210298026,252.6489269081855,399.97119140625,0.47218213968767847,2.132000404207647
F. cronquistii,3,200,2,1500,22.357231741586926,189.9209029868996,299.8421936035156,0.4662290226587707,2.1101456419761817
F. cronquistii,3,200,3,1500,13.617964267117918,132.78064185303845,200.05030822753903,0.47416215142202,2.116099810473868
F. cronquistii,3,200,4,1500,2.9869061415562417,73.23672551902868,89.99837493896484,0.49457039119433494,2.11678481326942
F. cronquistii,3,200,5,1500,2.0460818199321835,68.01644212974651,79.99344635009767,0.5280671252687181,2.136840447457391
F. cronquistii,3,200,6,1500,1.0048478656644848,62.67696758725743,70.09027862548828,0.548575345400118,2.1690933815543687
F. cronquistii,3,200,7,1500,0.029873366671079066,56.90942664286085,60.09279251098633,0.5885761378284441,2.1874454664543883
F. cronquistii,3,200,8,1500,-1.0475633659816275,51.06720469167772,50.00336837768555,0.6131691089158887,2.2040649530650116
F. cronquistii,3,200,9,1500,28.618603749563743,284.5355365153173,399.9815673828125,0.6330802636259031,2.2158659457874017
F. cronquistii,3,200,10,1500,30.197304960155567,279.475450361131,399.9397277832031,0.6380044030888383,2.222037491534502
F. cronquistii,3,200,11,1500,30.46434438896185,278.8012262226702,399.9037780761718,0.6411015410428595,2.224703390564915
F. cronquistii,3,200,12,1500,36.036122119926176,353.92610905410027,499.92236328125,0.6268801868910808,2.2032957867941296
F. cronquistii,3,200,13,1500,40.07144917996627,429.16753870182663,599.84967041015625,0.5863657940086129,2.161671340200119
F. cronquistii,3,200,14,1500,44.33717616087506,592.2383606116794,799.97918701171875,0.5258594417606817,2.1123704002421584
F. cronquistii,3,200,15,1500,48.19351355296133,891.0399414285897,1149.85498046875,0.45864700430189215,2.0683278209759157
F. cronquistii,3,200,16,1500,48.30271967368259,1206.0686958347042,1499.8206787109375,0.4072577620634236,2.0134372125257216
F. cronquistii,3,200,17,1500,25.744522554033942,251.50274521746277,399.87994384765625,0.3805442842735136,1.977806854336057
F. cronquistii,3,200,18,400,14.512632788470393,296.5135655883647,394.6841125488282,0.34081934519163576,1.9328801769419808
F. cronquistii,3,200,19,400,2.4113141248956014,88.67856370204333,107.63141632080078,0.34274866550633126,1.9316596686577396
F. cronquistii,3,200,20,400,2.17523615887673,81.52522767693083,98.34867858886719,0.35703917940654917,1.941552690138211
F. cronquistii,3,200,21,400,1.6273925398194737,76.0769170788341,89.09949493408203,0.378744482532093,1.9571767631568215
F. cronquistii,3,200,22,400,1.0747068399714093,70.45761968395927,79.95641326904298,0.4016400852940404,1.9743301570979237
F. cronquistii,3,200,23,400,0.44206178052275147,64.64177075370196,70.508026123046875,0.4248316192230887,1.990992674712208
F. cronquistii,3,200,24,400,-0.22544538988638105,58.77904785728333,61.13822555541992,0.4481306862335437,2.0079999225974317
F. cronquistii,3,200,25,400,-0.9035388016460192,52.97498788755964,52.03213119506836,0.4684579694370152,2.023169911603836
F. cronquistii,3,200,26,400,15.90546794999795,305.5598056562657,388.8236389160156,0.48627620398057814,2.034515438221701
F. cronquistii,3,200,27,250,10.628854785887738,324.57395036214723,387.9125671386718,0.459440718853501,2.0180237015103337
F. cronquistii,3,200,28,250,1.806070595136707,94.66341786632772,108.09162902832033,0.44839244610264833,2.006992253270073
F. cronquistii,3,200,29,250,1.6300263939439956,87.0303376183341,99.29943084716797,0.44903301338465273,2.004094854452298
F. cronquistii,3,200,30,250,1.2338960851625425,80.14753314821043,90.21514129638672,0.45333530786901893,2.0049949632658683
F. cronquistii,3,200,31,250,0.675160065337441,73.99386010179795,81.19474029541016,0.45958176799790873,2.01330107761806
F. cronquistii,3,200,32,250,0.14155255511404047,67.18199475384003,71.63273620605469,0.4677474843982735,2.01975092328008
F. cronquistii,3,200,33,250,-0.37596237194429083,60.3267092567633,62.13753128051758,0.4714878321920511,2.016901092835964
F. cronquistii,3,200,34,250,-0.9747383901146066,53.62371607623237,52.515899658203125,0.4893154788384515,2.0223270254513483
F. cronquistii,3,200,35,250,11.454410383782882,325.20671578319775,389.1222534179687,0.49633745860107253,2.028623898830294
F. cronquistii,3,200,36,150,6.5293500837336085,341.0433149243154,388.52197265625,0.4227625105877143,1.9668722071630036
F. cronquistii,3,200,37,150,0.9275253407613072,98.49080567501076,108.72075653076172,0.38250876679406753,1.921814728961326
F. cronquistii,3,200,38,150,0.7089511930766553,90.83236261708237,99.64493560791016,0.3755793327847262,1.9133657139894784
F. cronquistii,3,200,39,150,0.5064537309447072,83.23875749604585,90.61939239501953,0.3808370317972879,1.9210221971786667
F. cronquistii,3,200,40,150,0.11320921567359432,76.30900156071479,81.2483139038086,0.391891712037184,1.9279964466715465
F. cronquistii,3,200,41,150,-0.1918808662931774,68.59673773076352,71.6143798828125,0.40240259481738694,1.936143898043316
F. cronquistii,3,200,42,150,-0.6103986080741608,61.481528539721396,62.09878158569336,0.4155174268203451,1.9453345995061393
F. cronquistii,3,200,43,150,-1.025705078627908,54.15221004196548,52.49424743652344,0.4282972779900941,1.956841022870503
F. cronquistii,3,200,44,150,7.041198173158269,340.32138781567755,389.093017578125,0.4378200377300496,1.9634345381235472
F. cronquistii,3,200,45,100,4.3472884358759964,348.9037372544971,388.3310546875,0.3728996063742618,1.9009134766745848
F. cronquistii,3,200,46,100,0.2321625822429334,101.34164706354444,108.33016967773438,0.33253035329134467,1.86050878952723
F. cronquistii,3,200,47,100,0.20997322916373057,92.80806354577798,99.33869934082033,0.3292698892782144,1.8572226270548708
F. cronquistii,3,200,48,100,0.0010648969831740795,85.38116450001175,90.2993392944336,0.3345754880617235,1.8598965434600396
F. cronquistii,3,200,49,100,-0.33828704677617005,78.36228495451134,81.008880615234375,0.3470266080887382,1.8746224616548717
F. cronquistii,3,200,50,100,-0.5186187123676644,70.21206900813013,71.49156951904297,0.35764249615087235,1.8811736178993597
F. cronquistii,3,200,51,100,-0.8269005655441242,62.836361548037814,62.15889358520508,0.3714234606464942,1.890130893107038
F. cronquistii,3,200,52,100,-1.1084519994036899,55.01625196606864,52.584922790527344,0.3820901476908335,1.8994822971996328
F. cronquistii,3,200,53,100,4.641534235090382,348.8950031317378,388.84478759765625,0.39143743834711264,1.909907191828199
F. cronquistii,4,800,1,1500,28.223354800644397,264.5391617328061,399.9171752929687,0.5071158915277056,2.5088643980571943
F. cronquistii,4,800,2,1500,20.975070988881875,200.82885840586417,299.9819030761719,0.5204288463101158,2.513910356061998
F. cronquistii,4,800,3,1500,12.935619485172658,139.23306748426126,199.99026489257813,0.5367242809795668,2.523395301112105
F. cronquistii,4,800,4,1500,2.567992226981029,75.80753336987097,89.940338134765625,0.5608424123226742,2.538867774593484
F. cronquistii,4,800,5,1500,1.641575814960472,70.11927682578906,79.97510528564453,0.587465733500641,2.554327120601636
F. cronquistii,4,800,6,1500,0.6568160329408721,64.23798747353193,69.86180877685547,0.6108869012044872,2.565586511165282
F. cronquistii,4,800,7,1500,-0.2003458564991373,57.99159447338855,60.053565979003906,0.6359268871971867,2.5756312143101967
F. cronquistii,4,800,8,1500,-1.1389572769309813,51.59288545672706,49.9596061706543,0.6559379782183594,2.583688681056927
F. cronquistii,4,800,9,1500,25.72701746082412,295.4068523303286,399.903076171875,0.6687937386816198,2.581975292701987
F. cronquistii,4,800,10,1500,27.383632346720816,290.3817579241026,399.97509765625,0.6757270324864117,2.581542855886117
F. cronquistii,4,800,11,1500,27.63704766164485,289.8908018924553,399.88031005859375,0.6803285068539844,2.5792264044562763
F. cronquistii,4,800,12,1500,32.676727277643785,369.0124989023285,500.10247802734375,0.6783269314100647,2.57491984835091
F. cronquistii,4,800,13,1500,35.67893271283193,453.3640577998009,599.92657470703125,0.665367401580968,2.5640750925998583
F. cronquistii,4,800,14,1500,38.85843875377825,631.2487525213057,800.044189453125,0.6369057832166047,2.542928530131322
F. cronquistii,4,800,15,1500,40.45049007581823,955.2197288905494,1150.0399169921875,0.5906417656792817,2.511683330194268
F. cronquistii,4,800,16,1500,41.36492616803476,1275.5930371207908,1500.1376953125,0.5268416561800869,2.4666884775429936
F. cronquistii,4,800,17,1500,23.96521380689924,279.3520860823415,400.02731323242193,0.48227807398824646,2.437795903347287
F. cronquistii,4,800,18,400,13.15460528938774,319.53249181445904,403.97308349609375,0.3792907805340158,2.3307058539379795
F. cronquistii,4,800,19,400,2.533388442990913,96.72901944925701,115.56676483154295,0.3638546965077061,2.3245838306229563
F. cronquistii,4,800,20,400,2.2777279421793963,89.2182849078495,105.8279266357422,0.3778971138024301,2.3316910284866172
F. cronquistii,4,800,21,400,1.8942796657565073,81.34201621535517,95.45105743408203,0.38207627143418255,2.3429378233591707
F. cronquistii,4,800,22,400,1.2886538387727033,75.2281192206991,85.61954498291016,0.39446867109517336,2.361492602023587
F. cronquistii,4,800,23,400,0.6704007986688445,68.84013849506854,75.57441711425781,0.41141343782290446,2.383719062567048
F. cronquistii,4,800,24,400,-0.027284493480949162,62.45872378188937,65.347015380859375,0.4292144120450966,2.4047316925528577
F. cronquistii,4,800,25,400,-0.7296812848720464,55.986239695459176,55.231735229492195,0.4460933739128387,2.4255431294486627
F. cronquistii,4,800,26,400,14.739658876076641,322.35687711187586,403.20025634765625,0.4644969484168838,2.450208385101083
F. cronquistii,4,800,27,250,9.769523170882984,344.2118938867046,403.2620239257813,0.45508582733666625,2.4633610601558904
F. cronquistii,4,800,28,250,1.82009494474224,101.92975735968987,115.12763214111328,0.44160577434235154,2.4559885424756795
F. cronquistii,4,800,29,250,1.5743457409697823,93.73888000513409,105.41436004638672,0.4437307774977394,2.4641430611420656
F. cronquistii,4,800,30,250,1.1850986278332434,85.77370946692471,95.17998504638672,0.4512221535338729,2.4721584812514483
F. cronquistii,4,800,31,250,0.7481955573220411,78.24208702019484,85.2749252319336,0.45756492264559406,2.4858520363632124
F. cronquistii,4,800,32,250,0.16864916058786755,71.1842785391377,75.20390319824219,0.4674693876732174,2.4982451530406395
F. cronquistii,4,800,33,250,-0.4198779912354963,64.01053655743864,65.0538330078125,0.4770321062267865,2.5118948798880445
F. cronquistii,4,800,34,250,-0.9563956538704168,56.56351531800997,54.93861389160156,0.487461080870032,2.5247873396377547
F. cronquistii,4,800,35,250,10.597395380062652,343.3111677255248,402.80169677734375,0.4945444954237684,2.5362119459607637
F. cronquistii,4,800,36,150,6.330392191521658,358.631822821435,402.9231262207031,0.42591216224498846,2.498507808615512
F. cronquistii,4,800,37,150,0.897043447775824,105.66603323255826,114.91819763183594,0.3895020159011424,2.4767164274743845
F. cronquistii,4,800,38,150,0.7452271234053244,96.95090092298098,105.14884185791016,0.3792099634243445,2.4691361059365446
F. cronquistii,4,800,39,150,0.5330400095610075,88.3082520340336,94.96886444091797,0.3857830584822,2.4765571403818902
F. cronquistii,4,800,40,150,0.10402132192163971,81.03434574975341,85.16947937011719,0.38974859552533064,2.4936976624370435
F. cronquistii,4,800,41,150,-0.2632428506896928,73.19760014282757,75.12315368652344,0.3985421415047133,2.5110877057578764
F. cronquistii,4,800,42,150,-0.6324809040182922,65.19656102166832,64.95423126220703,0.40851444232199546,2.5256267033169277
F. cronquistii,4,800,43,150,-1.1015999051325491,57.646618153162045,54.79881286621094,0.41810673392131353,2.5367055499576963
F. cronquistii,4,800,44,150,7.054868480432051,355.7013141835235,402.7142333984375,0.4278726422728856,2.545605659440567
F. cronquistii,4,800,45,100,4.157125561362763,366.63139893106035,402.7803955078125,0.3641562156239848,2.525170766325027
F. cronquistii,4,800,46,100,0.32675345992248783,108.18415484802908,114.73223114013672,0.3264565947584311,2.497840517785109
F. cronquistii,4,800,47,100,0.11909052232442369,100.05477086947816,105.03090667724608,0.32405975104425816,2.501179537826669
F. cronquistii,4,800,48,100,-0.053737234325293884,91.1704259895805,94.78003692626953,0.3293219924035689,2.517900937426428
F. cronquistii,4,800,49,100,-0.26636492336736944,82.90930695637577,84.93621063232422,0.3384021844638955,2.5343480667020346
F. cronquistii,4,800,50,100,-0.5394805792381135,74.72448963391234,74.90080261230469,0.34570469573104556,2.5549851297021378
F. cronquistii,4,800,51,100,-0.8603810872771651,66.64162884085482,64.74864959716797,0.3549017071063763,2.5722158094227052
F. cronquistii,4,800,52,100,-1.1071037751997739,58.145923877409274,54.71578598022461,0.3696776938653462,2.5907922099201097
F. cronquistii,4,800,53,100,4.682055775605012,364.80253344646144,402.4721984863282,0.37411748717899657,2.610512654146529
H. isocalycia,3,200,1,1500,16.69998224177618,228.04081193710024,400.1817932128906,0.1920583844775506,2.144773318315856
H. isocalycia,3,200,2,1500,12.43689639223521,173.85446560999645,299.9663391113281,0.19724817454918953,2.156660240695244
H. isocalycia,3,200,3,1500,7.825219033211771,129.59319787894324,199.83348083496097,0.23439792996063527,2.1946604528997997
H. isocalycia,3,200,4,1500,2.186111463604697,69.79403026768817,90.00508117675781,0.2683490326235848,2.2446176226785317
H. isocalycia,3,200,5,1500,1.774289168616467,63.82911819048058,79.99247741699219,0.28985637525891605,2.2809684871512
H. isocalycia,3,200,6,1500,1.3723476928535474,57.28426276068496,70.037628173828125,0.3025241895304387,2.284128315673821
H. isocalycia,3,200,7,1500,0.8123765826844226,51.15278063852374,60.09733200073242,0.2993945768245971,2.2860696256049415
H. isocalycia,3,200,8,1500,0.23693056461709205,45.061959699817955,50.029052734375,0.293327054956592,2.278074206316771
H. isocalycia,3,200,9,1500,16.1240940132562,251.7245130564031,399.9309692382813,0.2227625102696912,2.1870378676554534
H. isocalycia,3,200,10,1500,14.205040662332275,215.9842675213263,399.937744140625,0.1477615209649848,2.0816442285713275
H. isocalycia,3,200,11,1500,14.386828520484988,211.893073220852,400.0021667480469,0.14595445460061157,2.078734483538355
H. isocalycia,3,200,12,1500,17.138501921813752,265.6032570486264,499.9228515625,0.13801175565330878,2.0520607078049653
H. isocalycia,3,200,13,1500,18.455262223447342,291.5999503252743,599.99407958984375,0.10989293571360606,2.010207749361129
H. isocalycia,3,200,14,1500,17.461409011657587,332.34897307916134,799.86767578125,0.06536862925718843,1.919515296505531
H. isocalycia,3,200,15,1500,14.29337210340022,426.7162790665878,1150.1806640625,0.033046096137614875,1.848084114505764
H. isocalycia,3,200,16,1500,12.09996500074827,557.8068780437145,1499.83642578125,0.020787855159706204,1.8148709546971076
H. isocalycia,3,200,17,1500,3.4370967136147446,174.89780747514826,400.1591796875,0.02661451799935263,1.8122273309666632
H. isocalycia,3,200,18,400,5.5416672132652085,190.31069877120424,393.7772216796875,0.04829732170242018,1.8238103977928404
H. isocalycia,3,200,19,400,0.6225070001245354,79.59322730282086,107.43653106689452,0.057796892486813155,1.83783408193558
H. isocalycia,3,200,20,400,0.9285668134696415,72.26636706439098,98.43677520751953,0.0858923187681249,1.8854605886385107
H. isocalycia,3,200,21,400,1.1804107796635233,67.89133831208488,89.69901275634764,0.1320420386477623,1.957631965385168
H. isocalycia,3,200,22,400,1.2429734548850222,63.03507278016846,80.486114501953125,0.18298290578486773,2.032870774336043
H. isocalycia,3,200,23,400,0.9075925521697997,58.49980273111325,70.68243408203125,0.22073737045066996,2.083628432410609
H. isocalycia,3,200,24,400,0.5641878520336946,52.740257837720655,61.19075775146485,0.24333626402427125,2.10655413711039
H. isocalycia,3,200,25,400,0.15881700728281437,46.726342367409856,51.748291015625,0.2464373955915529,2.1095139306825295
H. isocalycia,3,200,26,400,11.47065837022453,263.60083812807596,388.96087646484375,0.18799310698859248,2.027200676661145
H. isocalycia,3,200,27,250,4.793475083645608,173.5521692994339,387.7920837402344,0.039389048128228445,1.742228569537474
H. isocalycia,3,200,28,250,0.5061185649725581,74.21910697464092,107.41172790527344,0.04023944774686288,1.7389048531723093
H. isocalycia,3,200,29,250,0.42062309746242144,73.22916048816141,98.235382080078125,0.04936339479811501,1.7531191667892416
H. isocalycia,3,200,30,250,0.5409857392422037,65.59090651619552,89.82942962646484,0.06082498069937899,1.7702145422390458
H. isocalycia,3,200,31,250,0.47216383095467684,62.26626827830981,80.55455017089844,0.07711728122415984,1.7951488303188816
H. isocalycia,3,200,32,250,0.38699609480120367,57.46064026638691,71.010894775390625,0.09775575899471489,1.8306349657907992
H. isocalycia,3,200,33,250,0.19926465967895318,53.00701999934175,61.65725326538086,0.12090167942764968,1.865412850918816
H. isocalycia,3,200,34,250,0.029939774365365712,46.62867341276851,52.0169563293457,0.14388830606336028,1.9033496909202077
H. isocalycia,3,200,35,250,8.848286677682145,260.83506382739216,389.1734313964844,0.13688965166786718,1.8878942017846567
H. isocalycia,3,200,36,150,3.5728638536900967,180.1252155654591,387.7673950195313,0.03023839066425048,1.6675057862736284
H. isocalycia,3,200,37,150,0.20041505612250865,81.69222144067409,108.52812957763672,0.02923353053608709,1.6616326611582193
H. isocalycia,3,200,38,150,0.19857467297598277,77.6534567691103,98.949859619140625,0.03864855918506925,1.679104180133465
H. isocalycia,3,200,39,150,0.3072478248773995,70.64013605589028,90.14447784423828,0.05455428734495316,1.7094007331332686
H. isocalycia,3,200,40,150,0.360124210139261,64.92139399188382,80.931915283203125,0.07645373274422358,1.7462919778692594
H. isocalycia,3,200,41,150,0.2050345720713108,60.581749720529395,71.18644714355469,0.09565873688994159,1.7794976602652022
H. isocalycia,3,200,42,150,0.02690030326886403,55.16998465598845,61.74474334716797,0.11116002805600834,1.8042438517510164
H. isocalycia,3,200,43,150,-0.22132024625427216,49.663601515456605,52.12663269042969,0.11904951290765228,1.8179608499067252
H. isocalycia,3,200,44,150,6.216501817081448,260.1805589232045,389.20318603515625,0.09321085264290498,1.765527557658206
H. isocalycia,3,200,45,100,2.677661026263344,182.08385780391765,387.9669494628906,0.022898966447458976,1.6108316466477408
H. isocalycia,3,200,46,100,0.0022826889900771363,89.72478444231042,108.25727081298828,0.024208630962819583,1.61100870357026
H. isocalycia,3,200,47,100,0.011591730098534675,83.4546675261224,98.672271728515625,0.032698928580224884,1.62656528098174
H. isocalycia,3,200,48,100,0.13493464337379105,73.47696391702317,89.82001495361328,0.04613537525613021,1.6549801481611213
H. isocalycia,3,200,49,100,0.11146754652621904,68.33412452533989,80.76959228515625,0.061392331430022026,1.6812720641255146
H. isocalycia,3,200,50,100,-0.0035589283224742863,63.11543947695637,71.0367660522461,0.07610235661270465,1.6999222529332907
H. isocalycia,3,200,51,100,-0.18463385743636124,58.12364144061792,61.73017501831055,0.08599943745034316,1.7199178485429438
H. isocalycia,3,200,52,100,-0.20436169873527882,49.46352223525035,52.31975555419922,0.09370930159389151,1.7293501360822847
H. isocalycia,3,200,53,100,4.290162058222101,262.4847316833892,388.5968933105469,0.06528176071913389,1.6749917947952635
H. isocalycia,4,800,1,1500,16.130955876886254,261.7437584546334,399.9396667480469,0.25003491327015187,2.3703406945844616
H. isocalycia,4,800,2,1500,12.026568688997143,201.70818195510603,300.1862487792969,0.2677116800688968,2.414227591874631
H. isocalycia,4,800,3,1500,7.601843456076975,143.1369970078457,200.0238800048828,0.3098286612357999,2.4800944853210822
H. isocalycia,4,800,4,1500,2.0940607470572528,73.68834397783235,90.05809020996094,0.35242108566999064,2.5437454884792388
H. isocalycia,4,800,5,1500,1.6469320334488964,66.8731627919126,80.01087188720702,0.36509365020686935,2.57064812968552
H. isocalycia,4,800,6,1500,1.195893381534552,59.71359601228593,69.92476654052734,0.3671002321620442,2.584991420740771
H. isocalycia,4,800,7,1500,0.6115394799025068,53.50638136401988,60.058685302734375,0.37045026688196864,2.6006912079056783
H. isocalycia,4,800,8,1500,0.11368799163433788,46.4785074591964,49.898048400878906,0.3733138864699391,2.6151279776173033
H. isocalycia,4,800,9,1500,11.364854379531634,311.0069634553053,400.12786865234375,0.30068773208850563,2.545270862614445
H. isocalycia,4,800,10,1500,9.668115264716928,288.7164568327447,400.0447082519531,0.181057131158932,2.3748358131152343
H. isocalycia,4,800,11,1500,9.58673428379844,290.6857153881987,399.9508666992187,0.183440825574347,2.383154079250671
H. isocalycia,4,800,12,1500,13.528895611214125,364.0752925398244,499.908203125,0.21182011362276465,2.4382192706775823
H. isocalycia,4,800,13,1500,16.32182568560187,438.3258778402793,599.93072509765625,0.2154907200286189,2.406454678448732
H. isocalycia,4,800,14,1500,19.658621218450545,576.9767345923901,799.8260498046875,0.18232792254826752,2.368330532072578
H. isocalycia,4,800,15,1500,23.65492635808561,810.2707573749259,1150.0643310546875,0.13747953867367008,2.3058680254583597
H. isocalycia,4,800,16,1500,26.300947891086683,1042.6461451570178,1500.051025390625,0.11012713562791795,2.2626355654645884
H. isocalycia,4,800,17,1500,10.13514005157665,244.74015592765957,399.8858947753906,0.12564839870640798,2.29101840521759
H. isocalycia,4,800,18,400,9.154313290739127,312.83217305314446,402.8440551757813,0.22733615869472276,2.4706454816347105
H. isocalycia,4,800,19,400,2.0599012975815807,92.33832387424187,114.32650756835938,0.23301050716536903,2.4767552469566
H. isocalycia,4,800,20,400,1.9773648807039983,85.4775551889321,104.53965759277344,0.26834132785093173,2.5229670492961596
H. isocalycia,4,800,21,400,1.729243367269094,78.54440973473352,94.25626373291016,0.3007557156773553,2.563133373771052
H. isocalycia,4,800,22,400,1.436656380658583,71.50336559907342,84.38980865478516,0.3227007374322752,2.5893742665626633
H. isocalycia,4,800,23,400,0.9598117504731057,64.79250958938177,74.3292465209961,0.3263866640288432,2.596563910278899
H. isocalycia,4,800,24,400,0.5645630775228196,57.2251165127653,64.14293670654297,0.31565805046767276,2.5877043915793183
H. isocalycia,4,800,25,400,0.16855046302595753,49.81848546040022,54.065216064453125,0.2943242640339043,2.5675367758593346
H. isocalycia,4,800,26,400,9.289516769138979,303.12016935295287,402.02932739257807,0.20290827337556508,2.45202462973207
H. isocalycia,4,800,27,250,5.534374855473251,245.4973940419708,402.28225708007807,0.06473233878629198,2.215304520733771
H. isocalycia,4,800,28,250,1.0398528436972643,87.40120571213062,114.14484405517578,0.08980438680839993,2.2627640206415673
H. isocalycia,4,800,29,250,1.2427187299611986,80.98675350676628,104.45771026611328,0.12383234909546918,2.322637125371024
H. isocalycia,4,800,30,250,1.0913667686166386,75.8601005363071,94.27519989013672,0.14787474299541045,2.3623610138506628
H. isocalycia,4,800,31,250,0.9104698622455406,69.44802704361423,84.43683624267578,0.16158636241855498,2.3866905081745937
H. isocalycia,4,800,32,250,0.6186254220069063,63.490317675038774,74.46681213378906,0.17212712862398552,2.405078712078452
H. isocalycia,4,800,33,250,0.21821071612661755,57.936998429764365,64.25376892089844,0.17928352859619295,2.4176543324358937
H. isocalycia,4,800,34,250,-0.011401222372522835,50.541600007017415,54.19784164428711,0.183738462485982,2.425413184220495
H. isocalycia,4,800,35,250,7.39625044994313,300.6211783704009,402.0699768066406,0.15072422086522896,2.378327410607308
H. isocalycia,4,800,36,150,4.034366603026948,259.71192783473316,402.2803649902344,0.05192051542218226,2.2004173343162985
H. isocalycia,4,800,37,150,0.5087860990945464,91.06658199550901,114.1789321899414,0.05844185086803866,2.213584264650897
H. isocalycia,4,800,38,150,0.7108698601649885,83.02632436121813,104.4912338256836,0.08336721736500971,2.260338400530978
H. isocalycia,4,800,39,150,0.6760497992877684,78.18909918029446,94.33377838134764,0.11408961316443068,2.315301362721599
H. isocalycia,4,800,40,150,0.5643224884132809,72.1552687881486,84.47966766357422,0.13917888153611058,2.357894465409336
H. isocalycia,4,800,41,150,0.32887713704180827,66.11144836329969,74.47929382324219,0.15711291359739943,2.3835585215789323
H. isocalycia,4,800,42,150,0.05628485931111171,59.50062222271305,64.2784194946289,0.17060950691336155,2.4047139021020993
H. isocalycia,4,800,43,150,-0.18399229350434154,52.27765555596357,54.20122146606445,0.1816844591120472,2.4206214540952935
H. isocalycia,4,800,44,150,5.53285496680283,328.86495946478846,402.0423889160156,0.16811170772777229,2.4039274655160554
H. isocalycia,4,800,45,100,3.205830907938896,299.23623766613247,402.0992126464844,0.06025049435702038,2.2189411988334906
H. isocalycia,4,800,46,100,0.3104875650681612,95.3424388042334,114.18888092041016,0.05296867297473714,2.203772088310434
H. isocalycia,4,800,47,100,0.3556930616408115,87.63651219969196,104.52294921875,0.06615425679918555,2.2283310642398426
H. isocalycia,4,800,48,100,0.3476945209791252,81.23587673691128,94.39922332763672,0.08951793560295006,2.271040409444962
H. isocalycia,4,800,49,100,0.156987899948753,76.72608633455657,84.538604736328125,0.11874942227875612,2.322968878528991
H. isocalycia,4,800,50,100,0.1038742388601922,68.44160501371556,74.578887939453125,0.14126473101625783,2.358207720869279
H. isocalycia,4,800,51,100,-0.16897143491350286,62.0379737179855,64.47228240966797,0.15778772724115256,2.383123516095802
H. isocalycia,4,800,52,100,-0.34428616863815475,54.07678495423319,54.35651779174805,0.17014047552755285,2.405165699133795
H. isocalycia,4,800,53,100,3.8824681694692815,344.81878124385224,402.2229309082031,0.1606415873485964,2.3905189989091307
F. pringlei,3,200,1,1500,28.895036438658884,286.9036876910824,399.96585083007807,0.8087789173601136,2.587707148733345
F. pringlei,3,200,2,1500,21.78017493799222,215.8665178356992,300.0491638183594,0.8303527421386829,2.6029023118734185
F. pringlei,3,200,3,1500,13.670400240278264,147.96550556609702,199.9118804931641,0.8789688805008736,2.629974374057143
F. pringlei,3,200,4,1500,3.229576572013261,76.28839461932895,90.01325988769531,0.9397676541075168,2.6590941596520135
F. pringlei,3,200,5,1500,2.220290694586114,70.05557629140976,79.98936462402344,1.0037076587112723,2.68614844915067
F. pringlei,3,200,6,1500,1.1192819704677603,64.01790937109854,70.14168548583984,1.0761223795055936,2.724167267594312
F. pringlei,3,200,7,1500,0.14681090219986667,57.02286909618316,59.91988754272461,1.1415244413780037,2.752868963952671
F. pringlei,3,200,8,1500,-0.6497120529478463,49.5909186373204,49.904842376708984,1.1921043133996745,2.7719354033310375
F. pringlei,3,200,9,1500,24.66977243496957,318.2685250682463,399.8440551757813,1.2348703907260077,2.78315957159549
F. pringlei,3,200,10,1500,27.41249111327684,310.52843517887084,399.9985046386718,1.2235001465842397,2.7818388886514587
F. pringlei,3,200,11,1500,27.97177351429447,308.09659669123977,399.860595703125,1.199392146940678,2.775721452348196
F. pringlei,3,200,12,1500,32.508234203251575,390.653814816692,499.94631958007807,1.1620015068147236,2.7634585005467525
F. pringlei,3,200,13,1500,35.1690061245397,476.7094218779706,599.9654541015625,1.0985667900731615,2.7406992469459364
F. pringlei,3,200,14,1500,37.62993349513499,658.5364249436847,800.08514404296875,1.028910918412295,2.7185129480581818
F. pringlei,3,200,15,1500,39.637097968114894,983.9010759038016,1149.87646484375,0.9393820016397271,2.662246170734288
F. pringlei,3,200,16,1500,40.92016501691655,1310.5061318234234,1499.9892578125,0.8609649521621648,2.6197212453458634
F. pringlei,3,200,17,1500,25.51196579123581,298.39967754620903,400.1658020019531,0.8099507972356571,2.5847235128784085
F. pringlei,3,200,18,400,13.769021720622964,333.61111218050866,401.401611328125,0.6672615687107769,2.4644253467987727
F. pringlei,3,200,19,400,3.1515407820650325,96.68013236016817,113.41925811767578,0.6616376248879615,2.444906942427813
F. pringlei,3,200,20,400,2.6324534647415967,89.61518007633187,103.77664947509766,0.6918201192910588,2.4814013378310484
F. pringlei,3,200,21,400,2.0530593483165416,82.00927830852275,93.54566955566406,0.713448278649798,2.515644601007807
F. pringlei,3,200,22,400,1.4663811628007222,75.02892853795457,83.62943267822266,0.7837370024202313,2.5332155358702875
F. pringlei,3,200,23,400,0.7893792741021437,67.77885209679313,73.58757781982422,0.8261462892691321,2.5670579788737085
F. pringlei,3,200,24,400,0.024576950090481053,60.58794648456023,63.43802261352539,0.8770685431543553,2.5990098197426996
F. pringlei,3,200,25,400,-0.6592892924626993,53.04684205689357,53.35824966430664,0.9152549387347128,2.6280249660243866
F. pringlei,3,200,26,400,14.187639125779668,341.32120646712195,400.7559814453125,0.9426646151118092,2.638922154963744
F. pringlei,3,200,27,250,9.635223121901443,351.7622531854014,400.8440856933594,0.7979421965009582,2.5967834101072076
F. pringlei,3,200,28,250,2.2533785194111697,101.31781990544084,113.40668487548828,0.8260380885397122,2.516345915702652
F. pringlei,3,200,29,250,1.8500102200381812,93.01574374778052,103.74172973632813,0.8115868858499802,2.5810088765976253
F. pringlei,3,200,30,250,1.5699856257602085,84.53474006262579,93.49407958984376,0.872678494359542,2.558140721744596
F. pringlei,3,200,31,250,1.010339551346912,76.84730819116625,83.62567901611328,0.8948463261974897,2.589020543486797
F. pringlei,3,200,32,250,0.36798835657376083,69.16610679697291,73.5710220336914,0.9074059357627021,2.625500543487855
F. pringlei,3,200,33,250,-0.19471603932384762,61.33720648589504,63.4577522277832,0.9725892357845306,2.607923092356359
F. pringlei,3,200,34,250,-0.8004021858954442,53.45529836528807,53.405784606933594,0.9981217745537115,2.6350327932304936
F. pringlei,3,200,35,250,10.116092705263993,356.1216440390436,400.7770385742187,1.032462253495524,2.603578520949668
F. pringlei,3,200,36,150,5.962675797543384,365.3003190422603,400.8895263671875,0.8101886656570709,2.5070506167283164
F. pringlei,3,200,37,150,1.0780414065447546,104.72462007469842,113.39421844482422,0.7282640609218373,2.4534242589669306
F. pringlei,3,200,38,150,1.0884781063315392,95.52679150304473,103.70896911621094,0.7322408613831456,2.412417390803719
F. pringlei,3,200,39,150,0.7929774220250503,86.64582062093092,93.44876861572266,0.7388208478396826,2.4358797836134616
F. pringlei,3,200,40,150,0.2897900183859593,79.0362209941052,83.72871398925781,0.7666649139430217,2.4829264895249072
F. pringlei,3,200,41,150,-0.17197993076891932,70.9677755973681,73.68284606933594,0.759725969368174,2.4800846204028932
F. pringlei,3,200,42,150,-0.4901019632226367,62.331621975905925,63.502593994140625,0.8293934638414308,2.4868332700253086
F. pringlei,3,200,43,150,-1.0012679583773896,54.243555601434736,53.44894790649414,0.8578656440720495,2.538987312887344
F. pringlei,3,200,44,150,6.135911225084024,364.5692178432139,400.5994262695313,0.8538625216904612,2.5399470544394864
F. pringlei,3,200,45,100,3.697611532831603,369.4889314679278,400.8151550292969,0.5929199657516147,2.3169691260438414
F. pringlei,3,200,46,100,0.31490945691907735,106.49449507763396,113.26396942138672,0.4800012815889804,2.2303020534558744
F. pringlei,3,200,47,100,0.34752411503837866,97.24623433663272,103.60612487792967,0.4860923935182722,2.201983029076349
F. pringlei,3,200,48,100,0.1056909381428462,88.59630836972323,93.43132781982422,0.5074783242883971,2.2320188038604973
F. pringlei,3,200,49,100,-0.11771649131143216,80.26641616261206,83.6557388305664,0.5495474134106358,2.2647190614055144
F. pringlei,3,200,50,100,-0.40800458771126374,71.84261298913931,73.65418243408203,0.5848209852427411,2.304692554598441
F. pringlei,3,200,51,100,-0.7103261936812771,63.27555409909777,63.49398040771485,0.6344191477578853,2.327437956048874
F. pringlei,3,200,52,100,-1.0391242808653762,54.73731369134994,53.4112434387207,0.677543080049868,2.361376468125003
F. pringlei,3,200,53,100,3.9602019904944843,369.98644644924013,400.7637939453125,0.6955403524938216,2.3774782286702103
F. pringlei,4,800,1,1500,20.371701670911758,296.20143397543166,399.9792785644531,0.7076351079625641,2.896033205577638
F. pringlei,4,800,2,1500,15.412974590869245,221.8660974504597,299.9091491699219,0.717214098816106,2.919373604106106
F. pringlei,4,800,3,1500,9.565971003610025,152.2953148347025,200.0664520263672,0.7607993747597344,2.9485918816553895
F. pringlei,4,800,4,1500,1.9477944270292604,78.53314564892337,90.023773193359375,0.8122159792607309,2.9968091944618207
F. pringlei,4,800,5,1500,1.178451181337642,72.20109334612974,80.07933807373047,0.8515602245944146,3.0427766419785622
F. pringlei,4,800,6,1500,0.48535274906805514,65.37742496727931,70.051544189453125,0.894178161277216,3.0690675263348677
F. pringlei,4,800,7,1500,-0.26551360411684083,58.61282956944289,60.021671295166016,0.8886554390640132,3.093498728640043
F. pringlei,4,800,8,1500,-0.9048745302121322,51.398078423110256,49.97982406616211,0.9231586148395663,3.1073384953918577
F. pringlei,4,800,9,1500,18.366859234066045,315.61315621468617,399.8146362304687,0.9339216538435324,3.1249816574907454
F. pringlei,4,800,10,1500,18.757680631979202,317.0658249595749,399.9977722167969,1.0177760046467423,3.0994088967126445
F. pringlei,4,800,11,1500,18.994657870406787,315.3913181122162,399.9172668457031,1.0019480561195109,3.1071043803932845
F. pringlei,4,800,12,1500,21.975420597722366,401.07028424538726,500.008056640625,1.023968706913977,3.0166748736205045
F. pringlei,4,800,13,1500,23.947108021619773,488.51072808798256,599.92193603515625,0.9852854962178205,3.02880297870253
F. pringlei,4,800,14,1500,26.08198803911745,671.9186666150329,800.0264282226564,0.9455901647437122,3.014855089514953
F. pringlei,4,800,15,1500,27.26714597795837,1002.086580811338,1150.091552734375,0.8773976622612384,2.9703209334129497
F. pringlei,4,800,16,1500,27.8790325809698,1331.678429811467,1499.9241943359375,0.7936344697431968,2.931209200347366
F. pringlei,4,800,17,1500,17.207693680673707,313.31314887482284,399.9494934082031,0.7756719147904786,2.9136839691544303
F. pringlei,4,800,18,400,8.000760484208318,347.09643893818264,396.1763610839844,0.719260090241295,2.8952548272646963
F. pringlei,4,800,19,400,0.9612922533501587,100.8085073787031,109.30210113525392,0.7279190291034722,2.908748927853652
F. pringlei,4,800,20,400,0.7662870912391381,92.75414581749294,99.98920440673828,0.7554196822544109,2.930582062591449
F. pringlei,4,800,21,400,0.42254113449671604,85.45411311789283,90.85301208496094,0.7814138009246714,2.948502529940859
F. pringlei,4,800,22,400,0.006008342472927308,78.27721675363745,81.58897399902344,0.8168986845392024,2.9759037931948114
F. pringlei,4,800,23,400,-0.41123804358208044,71.20842426423712,72.49828338623047,0.8404884615413358,2.9904153401667717
F. pringlei,4,800,24,400,-0.8350318196037996,63.89010750699055,63.186382293701165,0.8669927017256599,3.0121036103342487
F. pringlei,4,800,25,400,-1.263181519300967,56.68439139336661,54.01729965209961,0.8930069714876581,3.0292533963276074
F. pringlei,4,800,26,400,8.895762514763852,342.64628886487225,390.9088745117187,0.903356244565925,3.0329806363640817
F. pringlei,4,800,27,250,5.548356485172885,354.0429044510808,389.9643859863282,0.841166964474342,3.0123839630266303
F. pringlei,4,800,28,250,0.4032666535227323,104.91180944568568,110.79063415527344,0.8286320841326658,3.014286164999008
F. pringlei,4,800,29,250,0.21521956589664842,96.79148436261657,101.57718658447266,0.8399738908454729,3.022970670645591
F. pringlei,4,800,30,250,-0.1029560321232709,89.47192630304431,92.65953063964844,0.8580253359910525,3.035483973469818
F. pringlei,4,800,31,250,-0.37320377450008846,81.564791296224,83.338836669921875,0.8686326519503891,3.0358086965212716
F. pringlei,4,800,32,250,-0.7014656948075808,73.76028598773397,73.91854095458984,0.8932016904305106,3.0458727670281225
F. pringlei,4,800,33,250,-1.0794446094640315,66.23812242311715,64.60777282714844,0.9066249378072523,3.047059685610642
F. pringlei,4,800,34,250,-1.4159950538449686,58.35342226106536,55.13038635253906,0.9226392413511572,3.055661816110951
F. pringlei,4,800,35,250,6.336602762935778,353.79917249747206,391.49261474609375,0.9240940068825265,3.0650417132804577
F. pringlei,4,800,36,150,3.0747907658718696,364.8571719339932,391.0326232910156,0.8060269450603496,3.028319297882379
F. pringlei,4,800,37,150,-0.40538976254453213,108.838788767159,111.31829071044922,0.7642395254120342,2.98190411878936
F. pringlei,4,800,38,150,-0.41981064661293066,100.15220655877728,102.29204559326172,0.7635657349212344,2.990200860955986
F. pringlei,4,800,39,150,-0.6278744176980958,92.23921485304794,93.188873291015625,0.7743623658105095,2.992260216174647
F. pringlei,4,800,40,150,-0.8447303130464204,84.30876750455931,84.08251190185547,0.7921291573773563,3.011138459077192
F. pringlei,4,800,41,150,-1.0660495616108348,75.93537366842791,74.4953842163086,0.8059164921139648,3.0175188165069557
F. pringlei,4,800,42,150,-1.347789151209373,67.90310769893355,65.01457214355469,0.809796846360455,3.0299922322119963
F. pringlei,4,800,43,150,-1.6398596203892666,59.83657443728646,55.488628387451165,0.8290809074175919,3.040064368419582
F. pringlei,4,800,44,150,3.7835554996540615,363.35058180222575,391.8619079589844,0.8389479719372989,3.0441513391888
F. pringlei,4,800,45,100,1.6930196695996884,370.9851254512647,391.70318603515625,0.7314457182652967,2.990453611725432
F. pringlei,4,800,46,100,-0.8353367157750401,111.19656549262774,111.71063995361328,0.6838221067392513,2.954232784099033
F. pringlei,4,800,47,100,-0.8709723132120573,102.90127135738292,102.97872161865234,0.6857624619371822,2.961347554300446
F. pringlei,4,800,48,100,-0.9982887293601475,94.51820720508478,93.74164581298828,0.6979099697737526,2.9692754449435306
F. pringlei,4,800,49,100,-1.1463086272853813,86.13393509633656,84.439361572265625,0.7128898364089696,2.982186941237014
F. pringlei,4,800,50,100,-1.3017312421885143,77.47997826785559,74.78392791748047,0.7209217299777111,2.9734778532256314
F. pringlei,4,800,51,100,-1.506094906819665,68.99508867952538,65.164154052734375,0.7347131667091192,2.9940092652281747
F. pringlei,4,800,52,100,-1.7130477173714693,60.592392008005255,55.56938552856445,0.7393434992306165,2.995207701665262
F. pringlei,4,800,53,100,2.1983080980159393,369.4024446298424,391.82269287109375,0.750712870694249,2.9945780688105734
H. glutinosa,3,200,1,1500,18.37276931294692,243.33525162824375,399.9503784179687,0.25007824531005673,2.6463584831435147
H. glutinosa,3,200,2,1500,13.697483553589231,190.95858579504244,300.0035095214844,0.27331586633728616,2.6470499654722515
H. glutinosa,3,200,3,1500,9.000154969490413,140.37737543198887,199.8163299560547,0.36241023886097906,2.7809153512321645
H. glutinosa,3,200,4,1500,2.1999518009493277,75.79632972214942,89.9305648803711,0.4661441867962054,2.8814233303500076
H. glutinosa,3,200,5,1500,1.639023968654278,70.1978866816977,79.89757537841797,0.5885121941817807,2.950533018592032
H. glutinosa,3,200,6,1500,1.0369736653902482,63.30782516957616,70.01517486572266,0.6354595937511525,3.010090282176272
H. glutinosa,3,200,7,1500,0.3348272779623691,56.33007037152206,59.89105987548828,0.6557478137361015,3.019789837522083
H. glutinosa,3,200,8,1500,-0.36962394442073676,49.38902439810066,49.94721603393555,0.6792733179098571,3.045330450443784
H. glutinosa,3,200,9,1500,19.17756861722738,300.49717404358614,400.0086975097656,0.5173541193893182,3.005426420564647
H. glutinosa,3,200,10,1500,17.903556517251694,262.92222287968707,399.91748046875,0.2879121146359993,2.7573871513284978
H. glutinosa,3,200,11,1500,14.584773601091351,240.3894407632638,399.9049682617187,0.1830111154455241,2.6200622895005217
H. glutinosa,3,200,12,1500,17.80028253671216,284.79823248745737,500.14593505859375,0.16083087024898177,2.588836974930018
H. glutinosa,3,200,13,1500,21.246312049461917,311.6030374256775,600.22027587890625,0.140249265590689,2.5978766037134338
H. glutinosa,3,200,14,1500,25.731610399686566,408.76646181381926,800.0006103515625,0.12314263943314532,2.5884938948409397
H. glutinosa,3,200,15,1500,29.995681050384167,591.7794506465115,1149.9683837890625,0.09781570090932021,2.5430795443383976
H. glutinosa,3,200,16,1500,33.23172875877376,869.643228954253,1500.33349609375,0.09593878857484604,2.533967416647618
H. glutinosa,3,200,17,1500,11.737425460986234,213.6052258280955,399.8805541992187,0.11811742431841143,2.5828536749544586
H. glutinosa,3,200,18,400,12.521568016609645,285.80830781314296,393.5120239257813,0.2554505183259974,2.8069257767369855
H. glutinosa,3,200,19,400,2.3791407647366216,85.76940997476079,108.07508087158205,0.25806841375337647,2.804230766159599
H. glutinosa,3,200,20,400,2.0683311471423322,80.55982578629104,98.96500396728516,0.285216066948294,2.8409180893345036
H. glutinosa,3,200,21,400,1.7397425433711906,75.54365345730882,89.63871002197266,0.3411305888825034,2.8993807667405345
H. glutinosa,3,200,22,400,1.3971133501943895,69.66652646678185,80.5570297241211,0.38644000936184186,2.944321561472898
H. glutinosa,3,200,23,400,0.9054006061544196,63.7732102184716,71.1551742553711,0.43565769127660314,2.9886539809294046
H. glutinosa,3,200,24,400,0.35975947327252933,57.546916351733,61.72856521606445,0.4708941988606017,3.013439537249651
H. glutinosa,3,200,25,400,-0.18243214357800425,51.06936318601047,52.38630676269531,0.4884272972610377,3.035231800065347
H. glutinosa,3,200,26,400,13.430109451401073,314.19912416382897,387.9278869628906,0.49234920410638994,3.0407481410952895
H. glutinosa,3,200,27,250,9.895137214726741,295.8443738761412,386.6394653320313,0.2408242070624686,2.829519898495899
H. glutinosa,3,200,28,250,1.76795461241027,86.54488384961566,108.22454071044922,0.192131655134634,2.770468004596114
H. glutinosa,3,200,29,250,1.6218245058302876,80.21653849989946,99.20294189453124,0.20622991714178873,2.7868322823262135
H. glutinosa,3,200,30,250,1.329633415183473,75.03520255355672,90.1014633178711,0.22659973684098716,2.8159992201783752
H. glutinosa,3,200,31,250,1.075297121750909,69.57158935461673,81.29010772705078,0.255551108126657,2.85803151042026
H. glutinosa,3,200,32,250,0.6526980788130947,64.22678477294876,71.71952056884766,0.2963811834316591,2.901317745804321
H. glutinosa,3,200,33,250,0.20179132802480274,58.26369700901358,62.16193771362305,0.3430043079811656,2.9528594672509936
H. glutinosa,3,200,34,250,-0.21642320039812196,51.57001501834593,52.688377380371094,0.3817707157934868,2.991897756852457
H. glutinosa,3,200,35,250,10.636433313355994,320.10953480924456,387.6272277832031,0.40767222187116114,3.018273327307339
H. glutinosa,3,200,36,150,7.031049222459447,312.1689301770676,386.99658203125,0.2082663720885292,2.8360804807759705
H. glutinosa,3,200,37,150,1.3291412786726542,89.75068746196305,108.80359649658205,0.1684933991601767,2.7775926969051654
H. glutinosa,3,200,38,150,1.1245332417708438,83.18549629861747,99.4555892944336,0.17347655409661608,2.785941296954057
H. glutinosa,3,200,39,150,0.9224275888106472,77.30520510623377,90.622711181640625,0.184858288859928,2.806750409277447
H. glutinosa,3,200,40,150,0.7256007040118786,71.23082364827593,81.54206085205078,0.20535233341510528,2.829352634934985
H. glutinosa,3,200,41,150,0.38904719023871437,65.401659463934,71.98699188232422,0.226998029557464,2.8603214975191076
H. glutinosa,3,200,42,150,0.03202175051723183,59.25616338892588,62.41716384887695,0.26074355854252906,2.905226791298599
H. glutinosa,3,200,43,150,-0.3251985947268907,52.51602763931659,52.84016799926758,0.2988597324665472,2.944480464378139
H. glutinosa,3,200,44,150,7.4162838368210995,328.8120037414251,387.22216796875,0.3155440408849128,2.9621725461637833
H. glutinosa,3,200,45,100,4.969059405226241,324.73666866949327,386.0618591308594,0.18190858630493884,2.829140434291359
H. glutinosa,3,200,46,100,0.8354675164409769,92.62899313795779,107.2733154296875,0.15147764037503986,2.7870745486856903
H. glutinosa,3,200,47,100,0.8559871782947295,84.29432366983586,98.46208953857422,0.15904662479736198,2.796687256474339
H. glutinosa,3,200,48,100,0.5860541120757038,79.22633168833272,89.90412139892578,0.16456583591153942,2.8132347142300858
H. glutinosa,3,200,49,100,0.42388854318836156,72.79247607604545,81.007598876953125,0.17804358709147078,2.8301709031759965
H. glutinosa,3,200,50,100,0.15707832643239134,66.69653447320697,71.59879302978516,0.2007600104266224,2.862076551063481
H. glutinosa,3,200,51,100,-0.07422444243761676,59.636186036062064,62.07069778442382,0.22338719316190295,2.8910185505663977
H. glutinosa,3,200,52,100,-0.39259641925467564,52.936710700628424,52.58715057373047,0.25273004200967575,2.916117417217232
H. glutinosa,3,200,53,100,5.168983883057863,339.4511939917424,387.73638916015625,0.2683994101476967,2.922686821100651
H. glutinosa,4,800,1,1500,12.372300077504784,240.55470267563797,400.0419921875,0.15745157322478914,1.9479811647748284
H. glutinosa,4,800,2,1500,9.19944214779011,189.9436387428691,300.1272277832031,0.17453372284196383,1.9857442997588075
H. glutinosa,4,800,3,1500,6.176841637777515,140.32481278938727,200.0015411376953,0.235799410479482,2.096863206659109
H. glutinosa,4,800,4,1500,1.418178547027607,75.75429808427072,89.9981460571289,0.3005755356913914,2.214542892229889
H. glutinosa,4,800,5,1500,1.0454824373817744,69.30813504056404,80.09413146972656,0.3299789778220457,2.264559470206441
H. glutinosa,4,800,6,1500,0.5575504471083308,62.61490271255869,69.98907470703125,0.32702187078479,2.264275970160583
H. glutinosa,4,800,7,1500,0.09308991659656093,55.91573138172762,59.973976135253906,0.32328307023988584,2.258081209256401
H. glutinosa,4,800,8,1500,-0.42000946686158236,49.56858553341653,49.94435119628906,0.32157678863654643,2.2531663025703312
H. glutinosa,4,800,9,1500,12.944865895387874,271.42011295214627,400.0257568359375,0.22242141860210451,2.0961931623111014
H. glutinosa,4,800,10,1500,8.27522840481921,228.6190854691167,399.8709106445313,0.09191304378790792,1.781150359705323
H. glutinosa,4,800,11,1500,8.464805502826167,223.2184120326372,400.0707092285156,0.09069060924263389,1.77828305898892
H. glutinosa,4,800,12,1500,11.69947241259243,273.0825849662307,499.9756774902344,0.0976001652368609,1.7941035027239705
H. glutinosa,4,800,13,1500,14.098205799378245,329.7066359067513,599.9010009765625,0.09868047296314703,1.7957776060488686
H. glutinosa,4,800,14,1500,15.470631022756972,409.9537169039606,800.03448486328125,0.07237821283939751,1.7275409188762278
H. glutinosa,4,800,15,1500,15.994122871970507,533.5709690801131,1150.0623779296875,0.045384399740374906,1.6493069768470014
H. glutinosa,4,800,16,1500,17.25165269929782,646.9052469513127,1500.0897216796875,0.03456191603092961,1.6133960412551824
H. glutinosa,4,800,17,1500,4.61519363056391,210.1963179604741,399.9969482421875,0.04397435274046902,1.6429334147810004
H. glutinosa,4,800,18,400,6.240771488460737,225.1300045540192,400.3284606933594,0.06615756312252112,1.69722784743995
H. glutinosa,4,800,19,400,0.8083499917355682,86.49460123627433,112.51105499267578,0.07565127036739085,1.7217826945909764
H. glutinosa,4,800,20,400,0.9538651769815548,80.67829832026743,102.7855224609375,0.10774878306209684,1.8039534188054676
H. glutinosa,4,800,21,400,0.9897629808612829,76.3533126164174,92.54647064208984,0.16910859093906427,1.9413308434656793
H. glutinosa,4,800,22,400,0.7606916209622319,71.98284365500795,82.651763916015625,0.2441976967576423,2.0887081845059585
H. glutinosa,4,800,23,400,0.4413131608327006,65.53387316279544,72.6170883178711,0.2909449949930724,2.166350674665766
H. glutinosa,4,800,24,400,0.037098374255329636,58.59993517903584,62.43284606933594,0.3119647660149888,2.205815531347995
H. glutinosa,4,800,25,400,-0.34896259250262796,51.36705953144745,52.27212142944336,0.31049581988797736,2.2005014868992
H. glutinosa,4,800,26,400,9.397914738559896,301.06231584544867,399.45709228515625,0.22162997687231992,2.0631272615071357
H. glutinosa,4,800,27,250,4.129282013804189,220.2450246937692,399.60894775390625,0.04180170190212319,1.604170097400471
H. glutinosa,4,800,28,250,0.3523555613736531,88.63408817554844,112.23833465576172,0.0434118272972461,1.6078018643990657
H. glutinosa,4,800,29,250,0.4750177087226098,80.07985468380029,102.55844879150392,0.05728836130610036,1.647460342980892
H. glutinosa,4,800,30,250,0.49437771803650843,75.15397705729183,92.379150390625,0.08290861114984355,1.7182018485494337
H. glutinosa,4,800,31,250,0.45880005609460706,70.68970427221755,82.58563995361328,0.1292430935090819,1.831012438526668
H. glutinosa,4,800,32,250,0.27011722778729774,65.43832541984527,72.55943298339844,0.19552288487882,1.977504315870552
H. glutinosa,4,800,33,250,-0.014501961190127866,58.68321508592256,62.41974639892578,0.2474557647095076,2.079318166042416
H. glutinosa,4,800,34,250,-0.3956948936136442,51.863135789345385,52.312034606933594,0.2688310617000027,2.1179326434257963
H. glutinosa,4,800,35,250,7.618429552499654,306.8859192178915,399.399169921875,0.1889612531663011,1.9817713455368648
H. glutinosa,4,800,36,150,2.956700702313376,228.2267220416185,399.5680847167969,0.031287445189106824,1.5588503431423306
H. glutinosa,4,800,37,150,0.10385766384778547,94.53129975373899,112.22173309326172,0.031673516219691104,1.5598561814624772
H. glutinosa,4,800,38,150,0.22812180372489646,83.49381720161989,102.53526306152344,0.04242239166774928,1.5912539940325805
H. glutinosa,4,800,39,150,0.2767243713248815,77.01087892722387,92.34129333496094,0.06317532971685688,1.648950236106888
H. glutinosa,4,800,40,150,0.21315219294841833,72.89947182897411,82.55096435546875,0.104693106310128,1.7613584163792548
H. glutinosa,4,800,41,150,0.02464672546512589,67.5369047721701,72.548065185546875,0.17237907139539632,1.9206793325105973
H. glutinosa,4,800,42,150,-0.23002118489600915,60.38716655830291,62.38753128051758,0.22734076881101176,2.0284402948472997
H. glutinosa,4,800,43,150,-0.4944022021780714,52.67714931110601,52.315895080566406,0.2567715794737847,2.086218864169816
H. glutinosa,4,800,44,150,5.843859997458196,321.96804766171766,399.2931823730469,0.18041934909689972,1.951684866605574
H. glutinosa,4,800,45,100,2.606151610137888,242.1986927115339,399.5315551757813,0.03036133362601358,1.544366277746274
H. glutinosa,4,800,46,100,-0.033571533813797655,101.0730215533857,112.22592926025392,0.029286192352810485,1.5414435172071026
H. glutinosa,4,800,47,100,0.07977612874889409,87.97019523420762,102.52276611328124,0.03716329260573507,1.5654876582702273
H. glutinosa,4,800,48,100,0.11837402111786993,79.93536606895782,92.34034729003906,0.053499604225080453,1.6130622394749663
H. glutinosa,4,800,49,100,0.07570716021349033,74.39478881893099,82.56536102294922,0.08580788100484858,1.7039314859439618
H. glutinosa,4,800,50,100,-0.10904621041910995,68.84519408912858,72.575347900390625,0.13858406457122802,1.8365454609998415
H. glutinosa,4,800,51,100,-0.37487332309259785,61.79708384487129,62.40123748779297,0.19886968575029337,1.9700044749270016
H. glutinosa,4,800,52,100,-0.6010420443203092,53.67641373018356,52.31844711303711,0.24052339655025495,2.048941248810268
H. glutinosa,4,800,53,100,4.363965992280312,334.93805667145176,399.3009033203125,0.1707263342737324,1.9209443928474501
S. hians,3,200,1,1500,20.008562702084735,225.58674586956752,399.8968505859375,0.2282078596947772,1.769099809441832
S. hians,3,200,2,1500,11.62821050553926,137.71104391769614,300.065673828125,0.1335176691221478,1.6340223119591828
S. hians,3,200,3,1500,9.660309867133803,104.22560009843922,199.9164581298828,0.19898117775592705,1.720498277533261
S. hians,3,200,4,1500,4.534987713456527,56.44500760796859,89.8843765258789,0.30253033056497103,1.8502727036348223
S. hians,3,200,5,1500,4.19654047204259,52.19870924850864,80.021392822265625,0.34988825593456946,1.9032823538836965
S. hians,3,200,6,1500,3.6984397487468255,45.75130978217024,70.05067443847656,0.3583242972921244,1.908540850582067
S. hians,3,200,7,1500,2.859654947662794,40.29042938986355,59.998653411865234,0.3526198779595164,1.9101505611946776
S. hians,3,200,8,1500,2.1786566236919596,34.014473417150505,49.8844108581543,0.3458941299280571,1.9038823214781004
S. hians,3,200,9,1500,17.0794710227763,209.8282783942116,400.0861511230469,0.17205982145411222,1.6928525394509926
S. hians,3,200,10,1500,9.25124351954387,140.58875693719222,399.9809265136718,0.06253351233114905,1.5133305799902736
S. hians,3,200,11,1500,11.915533944773014,154.5168786417256,400.0467529296875,0.08642156541516874,1.548023953390395
S. hians,3,200,12,1500,18.68633324785562,212.69854777019748,500.11279296875,0.11808459126715772,1.6027302151925686
S. hians,3,200,13,1500,22.25812211797975,272.5863573052466,600.051025390625,0.12403136224515172,1.610289751579985
S. hians,3,200,14,1500,26.534669939880864,373.742167777438,800.1141967773436,0.11231037557810372,1.585946833552189
S. hians,3,200,15,1500,30.58706876772127,575.2507147687282,1149.9991455078125,0.09497206345869275,1.5574630856332514
S. hians,3,200,16,1500,33.35299622828295,781.4290040274278,1500.43505859375,0.08166243590325102,1.527544940800508
S. hians,3,200,17,1500,11.001580472421043,175.60335487975522,400.0553894042969,0.08812902676128292,1.5438738993171572
S. hians,3,200,18,400,7.614702318301227,176.77847767276077,400.9650268554687,0.06030623482876112,1.4919376609117172
S. hians,3,200,19,400,2.061202242129578,72.69716792113184,112.96604919433594,0.1107647432793029,1.5717591531247599
S. hians,3,200,20,400,3.2040753319260635,73.28277126070591,103.31075286865234,0.2452563152349048,1.754192423614746
S. hians,3,200,21,400,2.9559062312341537,68.8049313187737,92.99628448486328,0.297727608353688,1.8225095625425165
S. hians,3,200,22,400,2.4991426060086863,61.734592654259494,83.07073211669922,0.2911617446046424,1.8173611905212168
S. hians,3,200,23,400,1.9861399044379418,54.72995103742504,73.049774169921875,0.2777057390441505,1.8020000472484972
S. hians,3,200,24,400,1.4205597810003656,48.23943685511367,62.81755828857422,0.26757634042185297,1.7897214225477074
S. hians,3,200,25,400,0.8933071802902708,42.09341572575135,52.713768005371094,0.2665982646051537,1.7867740139278177
S. hians,3,200,26,400,12.500321214062263,249.93372253157463,400.22216796875,0.1635646411809775,1.6504129784837132
S. hians,3,200,27,250,5.994464632322236,155.61856495008297,400.462646484375,0.04274401149595264,1.4458285242628337
S. hians,3,200,28,250,1.1842012103739328,72.87328567330256,112.70189666748048,0.06838098419456919,1.4900297162585705
S. hians,3,200,29,250,2.2559264957294705,72.06288050884179,103.10865020751952,0.16496552828971722,1.6386585965854463
S. hians,3,200,30,250,2.257995944751539,70.70159928335482,92.86814880371094,0.2539925797624615,1.7574895919421687
S. hians,3,200,31,250,1.9808269473282187,64.34839704393424,83.00017547607422,0.27737866895467306,1.7902111823871385
S. hians,3,200,32,250,1.5481704828246214,57.452313531962744,72.985015869140625,0.27452645661547237,1.7878446068207268
S. hians,3,200,33,250,1.0831766262470461,50.57002030806064,62.81673049926758,0.2681407475118199,1.7802343163344776
S. hians,3,200,34,250,0.6418943569297295,43.67489806635021,52.71370697021485,0.26019259775610726,1.771374381996764
S. hians,3,200,35,250,10.64351784554529,275.2396526454335,400.19573974609375,0.1731796391225926,1.6583353154214564
S. hians,3,200,36,150,4.325811548345349,171.59250601333605,400.4580993652344,0.03309110246933417,1.4261039459137463
S. hians,3,200,37,150,0.48333645693243954,80.31944680034067,112.70626831054688,0.044646950416834454,1.4471178154104636
S. hians,3,200,38,150,1.2883863279569319,72.82517317457993,103.06229400634766,0.10175604853881907,1.541019414798502
S. hians,3,200,39,150,1.4791194223352941,72.17058369669617,92.87183380126953,0.18533981185299112,1.664481843893009
S. hians,3,200,40,150,1.1866715542017459,67.40902205150391,83.04924011230469,0.21952803643221516,1.7122418691196508
S. hians,3,200,41,150,0.8752031171020184,60.12660548988349,73.0018310546875,0.21666859469870475,1.7098607836354058
S. hians,3,200,42,150,0.5389889067853261,52.892653108596114,62.83336639404297,0.21028951326764955,1.701593836728396
S. hians,3,200,43,150,0.12095615460428594,46.647408991958166,52.73501205444336,0.2083061635788573,1.698232651701197
S. hians,3,200,44,150,7.666208239076977,286.0168845831978,400.3294067382813,0.13605767915841138,1.5972805663066971
S. hians,3,200,45,100,3.60658046134933,178.85977875347388,400.50048828125,0.028541754180157905,1.4115609566001222
S. hians,3,200,46,100,0.2548894610668311,85.41954303527712,112.74427032470705,0.03809942922971231,1.4295044812047857
S. hians,3,200,47,100,0.8026986218201146,77.44675198890313,103.08729553222656,0.08495956121857878,1.5095637340768515
S. hians,3,200,48,100,0.8772343265468487,76.27725394996065,92.891754150390625,0.1602421406815751,1.6252913874934165
S. hians,3,200,49,100,0.6954159712642202,70.5068341021712,83.04371643066406,0.1961231395656171,1.6777708052700182
S. hians,3,200,50,100,0.5060280767806563,62.371848267237326,73.03516387939453,0.19122865180108972,1.6720770056024197
S. hians,3,200,51,100,0.15157445130785457,55.670093610500125,62.83502578735352,0.18581343954738977,1.6655159024565365
S. hians,3,200,52,100,-0.01481855358292855,47.51683944172432,52.73516845703125,0.1866785252992131,1.6663753477302672
S. hians,3,200,53,100,5.912351907685534,301.141559963501,400.3637390136718,0.12389050163462104,1.5769648493799904
F. sonorensis,3,200,1,1500,35.9684443521909,289.9324436435361,399.9652099609375,0.9756621781735715,2.366652108749724
F. sonorensis,3,200,2,1500,27.89939356558232,214.7303214106697,299.91668701171875,0.9722936753316244,2.3546272769117205
F. sonorensis,3,200,3,1500,18.723153366468075,143.57801271616353,199.86526489257813,1.0075258124543167,2.3701783160618506
F. sonorensis,3,200,4,1500,6.541270986651913,69.6758897276725,89.95816802978516,1.077729016835387,2.4020061884479658
F. sonorensis,3,200,5,1500,5.55860938116175,63.262770840548136,80.0619888305664,1.1684733227847843,2.4402886397983092
F. sonorensis,3,200,6,1500,4.373347882700963,56.76830219814041,70.06690216064453,1.239216049736647,2.4809074706342944
F. sonorensis,3,200,7,1500,3.255612782941154,49.904575084511826,60.032371520996094,1.312415764782274,2.510352790337405
F. sonorensis,3,200,8,1500,2.0030360255327064,43.16737126393386,50.002479553222656,1.396001076551124,2.5451933128598174
F. sonorensis,3,200,9,1500,34.55337643711549,311.23670074849065,399.884521484375,1.40208102654463,2.552748137164861
F. sonorensis,3,200,10,1500,35.303909546721,309.00212095894665,400.1530151367187,1.3756546509454426,2.553826583545015
F. sonorensis,3,200,11,1500,35.25123515904503,308.02163724292825,399.9683837890625,1.3478942042317346,2.548385454452626
F. sonorensis,3,200,12,1500,40.276256026056934,390.5275413031328,500.0906982421875,1.2729078055343708,2.525123203778348
F. sonorensis,3,200,13,1500,43.404405027227945,474.2601339464998,600.05780029296875,1.1562337321069711,2.46484994859912
F. sonorensis,3,200,14,1500,47.8182170143464,645.3340465353593,799.9755859375,0.9993557750045906,2.395531653150567
F. sonorensis,3,200,15,1500,51.79366980726346,956.6744842495104,1150.02001953125,0.8460746440836525,2.2946569255095093
F. sonorensis,3,200,16,1500,53.89939786656036,1270.430619060283,1500.0572509765625,0.7301533163752062,2.219163365281827
F. sonorensis,3,200,17,1500,31.345165587248925,281.13739143518103,400.0012512207031,0.6923565858898144,2.1812246218367943
F. sonorensis,3,200,18,400,14.809558829205557,333.8725803391967,403.05316162109375,0.6216938709911768,2.1283942100153217
F. sonorensis,3,200,19,400,3.7308959172970706,95.08205021811077,114.40914154052734,0.5954972368319255,2.109437563810687
F. sonorensis,3,200,20,400,3.401113017589697,87.91916389834893,104.59089660644533,0.663837849066785,2.1567893295651013
F. sonorensis,3,200,21,400,2.939602090693608,80.5175693029593,94.24684143066406,0.7537299656697822,2.2115676232933765
F. sonorensis,3,200,22,400,2.2432566975843864,73.74942393657872,84.36797332763672,0.8462388616306825,2.2764462136087387
F. sonorensis,3,200,23,400,1.537246748519361,66.32801160708527,74.2344970703125,0.9231488860624432,2.319916123033123
F. sonorensis,3,200,24,400,0.7762584142732096,58.72068066539947,64.01849365234375,1.0002289871458878,2.3568971051412517
F. sonorensis,3,200,25,400,-0.10000650426199909,51.20639159060675,53.860626220703125,1.0562123011013522,2.389983571855919
F. sonorensis,3,200,26,400,17.210526732317867,343.9988048178341,401.8856506347656,1.0901752682117698,2.405676774995678
F. sonorensis,3,200,27,250,10.812742608820507,354.9897561811552,401.86187744140625,0.8699991177842221,2.302907588011643
F. sonorensis,3,200,28,250,2.4946556795821158,100.87642789448122,113.62297058105467,0.8143923924981803,2.267811391546827
F. sonorensis,3,200,29,250,2.1964032643990534,92.57897214790611,103.89585876464844,0.84524590193076,2.289132113659114
F. sonorensis,3,200,30,250,1.7146162579328224,84.43540497000377,93.610687255859375,0.9092930206220968,2.305301853269324
F. sonorensis,3,200,31,250,1.090963430193948,76.75758780877808,83.75202178955078,0.9568285944780249,2.3381557495477607
F. sonorensis,3,200,32,250,0.5317629757139614,68.60260724721101,73.66790008544922,1.000898049463614,2.359093994302908
F. sonorensis,3,200,33,250,-0.07320776658592754,60.35735694830512,63.453636169433594,1.0329131175650097,2.370461703412759
F. sonorensis,3,200,34,250,-0.7099173672434426,52.258833047479015,53.403076171875,1.0813662222408396,2.3987402171990833
F. sonorensis,3,200,35,250,11.868569474505902,355.9968853025957,401.36038208007807,1.0724452085308167,2.399866032413847
F. sonorensis,3,200,36,150,6.715102485165963,354.5108965616122,401.4671936035156,0.46509154779746337,1.978959436898891
F. sonorensis,3,200,37,150,1.1751688396269757,101.38306917364244,113.32765197753906,0.404588368559252,1.9114564247893289
F. sonorensis,3,200,38,150,1.0174657796461213,93.44211554927512,103.65032958984376,0.44867568631172794,1.9478081560038845
F. sonorensis,3,200,39,150,0.6633353399062492,85.80045559092285,93.4769287109375,0.52749540530099015,2.0219275855867456
F. sonorensis,3,200,40,150,0.19869920181018025,78.43915063848972,83.61881256103516,0.618362777671014,2.0968948083494325
F. sonorensis,3,200,41,150,-0.25510793626880984,70.48219618859876,73.64646911621094,0.7074799641952612,2.1698584259114577
F. sonorensis,3,200,42,150,-0.7267201328218773,62.154776412701885,63.46710205078125,0.7887431682931938,2.2224603315327984
F. sonorensis,3,200,43,150,-1.3480740692922253,54.10598297110044,53.33430862426758,0.8441337976373393,2.2748279775195113
F. sonorensis,3,200,44,150,7.215255967531645,365.1984303991501,401.42047119140625,0.8792628729277384,2.2736926586095505
F. sonorensis,3,200,45,100,4.504364247501867,362.4621960973948,401.5607604980469,0.41844879570618176,1.935996172834435
F. sonorensis,3,200,46,100,0.3130100024915605,105.5037714900212,113.31410980224608,0.39394499191392096,1.907402433220821
F. sonorensis,3,200,47,100,0.29853065675524704,96.70039194507551,103.59230041503906,0.4621345383537051,1.9669255475734244
F. sonorensis,3,200,48,100,-0.02433453021988119,88.60460213668013,93.47176361083984,0.5552821326934122,2.0493397710309655
F. sonorensis,3,200,49,100,-0.3834512275410048,80.44866319496766,83.59870147705078,0.6408532351301954,2.128528868008332
F. sonorensis,3,200,50,100,-0.6323143001956606,71.60175821498093,73.54319763183594,0.7088973663902454,2.176060790210962
F. sonorensis,3,200,51,100,-1.064960029548467,63.06639468489523,63.404541015625,0.7366231815060451,2.2331803783253417
F. sonorensis,3,200,52,100,-1.2611328385323752,53.93906840450615,53.27101135253906,0.8093935801045791,2.2225709326662764
F. sonorensis,3,200,53,100,4.597020300636952,371.0487691424361,401.3536071777344,0.8035315766584872,2.2509219945574297
H. isocalycia,3,200,1,1500,13.863936133237885,216.23719004008964,400.1472778320313,0.14398616276802018,1.7128724632196244
H. isocalycia,3,200,2,1500,10.149071509219203,168.7699693467129,299.99822998046875,0.1499037931945072,1.7262011730737286
H. isocalycia,3,200,3,1500,6.74799291942118,129.7479271076838,199.89108276367188,0.20022699225512444,1.8127056140816276
H. isocalycia,3,200,4,1500,2.0182759053463437,70.24255228923677,89.8773422241211,0.26457316473294346,1.914540162359248
H. isocalycia,3,200,5,1500,1.5959833890306445,64.65422628275658,80.04710388183594,0.2878327440057442,1.9568460931658047
H. isocalycia,3,200,6,1500,1.1540121731962083,57.514417935432256,70.00592041015625,0.2766338792807018,1.9641935418094507
H. isocalycia,3,200,7,1500,0.5775423486942767,51.25658206329505,59.89496994018555,0.25501889379165854,1.9513417481224025
H. isocalycia,3,200,8,1500,0.054445273851797815,45.473141795845024,49.90808868408203,0.24821519998724403,1.9358298739583697
H. isocalycia,3,200,9,1500,14.271494901859509,252.0423842079232,400.0529479980469,0.193561309852901,1.8854371077832768
H. isocalycia,3,200,10,1500,10.755177641370812,191.68983600373943,400.10736083984375,0.09395544921022156,1.7384947430605826
H. isocalycia,3,200,11,1500,10.4524454836801,193.73550469290828,399.9469604492187,0.0922733480627539,1.7499377870481694
H. isocalycia,3,200,12,1500,13.451556141308217,232.57934817811716,500.05035400390625,0.09062375811706028,1.7606532391626388
H. isocalycia,3,200,13,1500,15.054477264959235,264.5947376753458,600.05670166015625,0.07968259499248288,1.7552892802675488
H. isocalycia,3,200,14,1500,16.935737150625382,322.43582472604936,800.0723876953125,0.06141518470235981,1.7340802003046265
H. isocalycia,3,200,15,1500,18.51946313412536,416.26050886061034,1149.9049072265625,0.04244227208543469,1.7090284474224318
H. isocalycia,3,200,16,1500,20.23536512739496,526.0846560984953,1499.877197265625,0.03436040114391511,1.7035600741257075
H. isocalycia,3,200,17,1500,4.863578699105955,185.2224762292348,400.0017700195313,0.03985125669984136,1.7288475101253131
H. isocalycia,3,200,18,400,4.55697403491177,178.20456441080586,396.8062438964844,0.03651265040968681,1.7621567410379066
H. isocalycia,3,200,19,400,0.22655881174904263,87.99215134084703,109.70790100097656,0.043043415841766824,1.7834485465291072
H. isocalycia,3,200,20,400,0.6340942593454344,73.15570007737874,100.33878326416016,0.06178937103775057,1.826495061111011
H. isocalycia,3,200,21,400,0.5095346043046065,72.55618156779288,91.23094940185547,0.08339737374261669,1.8725630799806676
H. isocalycia,3,200,22,400,0.535688141073756,64.94214044208742,81.81001281738281,0.09681634285462372,1.9048346321546703
H. isocalycia,3,200,23,400,0.275009714284976,60.3575220837275,72.48979949951172,0.09659696330335729,1.9143176665924255
H. isocalycia,3,200,24,400,0.0395128615345241,55.22627381583118,63.293315887451165,0.09180577450482885,1.9165673133954408
H. isocalycia,3,200,25,400,-0.22319203782910524,50.797966076102874,53.8338623046875,0.09038841211840791,1.9202228129634753
H. isocalycia,3,200,26,400,7.234779752961675,193.2841498893827,390.7396545410156,0.06553762406798153,1.8855817412846372
H. isocalycia,3,200,27,250,2.7868526532854223,159.50512142184687,390.05950927734375,0.020919192355325023,1.8311121206319076
H. isocalycia,3,200,28,250,-0.024374071051470686,92.23618471754787,109.4378662109375,0.026020314343053057,1.8509534393722715
H. isocalycia,3,200,29,250,0.18759467626878787,78.58838793533388,100.57407379150392,0.03817176447793666,1.8815090547306463
H. isocalycia,3,200,30,250,0.20880515488001686,72.56235481535433,91.65738677978516,0.04754689204614425,1.907621146932972
H. isocalycia,3,200,31,250,0.12061885225994656,67.40252416089636,82.46024322509767,0.05120083283442605,1.9238410790434428
H. isocalycia,3,200,32,250,-0.06023012354306809,63.77116586286973,72.77674102783203,0.052321289391986325,1.9349480809442905
H. isocalycia,3,200,33,250,-0.21990658992393666,59.5621207997215,63.43121337890625,0.05247897621732656,1.9429800752352455
H. isocalycia,3,200,34,250,-0.37144059681875996,54.86984676970822,53.937156677246094,0.05380058353018552,1.9548502043114713
H. isocalycia,3,200,35,250,4.9103243970938335,176.91715633659717,390.35354614257807,0.04024862967562809,1.941484578232412
H. isocalycia,3,200,36,150,1.9590037106501261,147.4772898789722,389.4136657714844,0.013970928269692488,1.92305751941615
H. isocalycia,3,200,37,150,-0.14451156225044903,98.6433326577392,109.93964385986328,0.020112253844092005,1.944680040389794
H. isocalycia,3,200,38,150,0.08398522716959117,81.78511011964912,101.29157257080078,0.03317971419033469,1.97633086538699
H. isocalycia,3,200,39,150,0.16592537297481202,73.50958883674181,92.193511962890625,0.04383713324308102,2.0035020766400704
H. isocalycia,3,200,40,150,0.04075507590277172,69.11761798379219,82.5149154663086,0.04610854284158356,2.0199205070320314
H. isocalycia,3,200,41,150,-0.13788184089115096,66.12336791223802,72.99532318115236,0.046711132893024115,2.0312098261001665
H. isocalycia,3,200,42,150,-0.3496173631789963,63.86032385274668,63.53011703491211,0.05026395507286472,2.0495933684781775
H. isocalycia,3,200,43,150,-0.4265795270452074,56.83116024182608,54.00503158569336,0.05220410435519284,2.061182089786744
H. isocalycia,3,200,44,150,4.06092939046119,178.87918396122626,390.1414184570313,0.03349555200917765,2.0404401543516286
H. isocalycia,3,200,45,100,1.81922188017029,147.8118886114584,388.8680725097656,0.013001692504451988,2.0284082528099825
H. isocalycia,3,200,46,100,-0.20424926762837062,102.91433353894278,109.3374481201172,0.019452960939630767,2.0486165032601855
H. isocalycia,3,200,47,100,0.02515699990730927,84.8230371461058,100.93374633789063,0.034143947958988875,2.0802748212724693
H. isocalycia,3,200,48,100,0.028421733717377662,78.956840287135,91.79811096191406,0.04662790102652286,2.107089521146627
H. isocalycia,3,200,49,100,-0.03462077042230549,72.37770805651914,82.39137268066406,0.05016330840499618,2.1206331656387194
H. isocalycia,3,200,50,100,-0.1929439013564611,67.99386779477088,72.73407745361328,0.050450176855141936,2.1289921744397726
H. isocalycia,3,200,51,100,-0.3497687135106825,63.78929166562543,63.39446640014648,0.05146577131715634,2.138316765342708
H. isocalycia,3,200,52,100,-0.4807515281892306,58.248736476629205,53.908409118652344,0.05432433404925291,2.1474909853323334
H. isocalycia,3,200,53,100,3.409197272902512,200.78541460107115,389.53128051757807,0.03173488380656569,2.115070061320526
S. hians,4,800,1,1500,22.548545225218167,287.305622007703,400.0133056640625,0.47270156127262736,2.2018772614333866
S. hians,4,800,2,1500,17.807844477755406,213.81886159590408,300.0097351074219,0.49464766301168794,2.219225129442115
S. hians,4,800,3,1500,12.350612077048558,143.48171697516705,199.93048095703125,0.5449072924056362,2.2662612614640674
S. hians,4,800,4,1500,4.724590733758735,68.34447009727077,89.890380859375,0.6154633338858155,2.3197495134323836
S. hians,4,800,5,1500,4.218629846609783,61.7502870815966,80.06542205810547,0.6795118938904734,2.3742499603363685
S. hians,4,800,6,1500,3.5038749927721238,54.598603367852654,69.92938232421875,0.7027396486463012,2.3984527519169494
S. hians,4,800,7,1500,2.6617987846249203,47.579992513826234,59.98486328125,0.6920506936211216,2.3964197288294673
S. hians,4,800,8,1500,1.9597744872012695,40.05600400637099,49.97566223144531,0.6757662337712591,2.388510799828087
S. hians,4,800,9,1500,23.05496053714899,303.0101241930869,399.8762512207031,0.6159639541690146,2.339998900540784
S. hians,4,800,10,1500,21.974516728417306,291.94232208339804,399.9554138183594,0.4887467714457466,2.2424055676109567
S. hians,4,800,11,1500,21.91674645716478,289.4140444705101,400.03131103515625,0.4697088676332488,2.2246211996452185
S. hians,4,800,12,1500,25.206593891219196,371.4980488043129,500.0867919921875,0.4675951101886543,2.223196289237123
S. hians,4,800,13,1500,27.309846879858753,457.6647060515654,599.95867919921875,0.4612085479208424,2.2167713769804105
S. hians,4,800,14,1500,30.14372424348791,633.1715006050206,800.18975830078125,0.434692793909906,2.1794945216667254
S. hians,4,800,15,1500,32.4576356470566,947.7739270138269,1149.91845703125,0.3942367740225809,2.1556109359785913
S. hians,4,800,16,1500,33.56802052737284,1263.0972811185115,1500.042236328125,0.3492118522014883,2.1164233407033315
S. hians,4,800,17,1500,17.38844726729268,287.1917012514433,399.9466857910156,0.34314488989929154,2.1102070845327106
S. hians,4,800,18,400,12.364029010729636,308.57670250638836,402.7101745605469,0.29595939210169014,2.0583939633063566
S. hians,4,800,19,400,3.273341527259074,88.75967079496172,113.9556884765625,0.33578617128315946,2.0978199362077574
S. hians,4,800,20,400,3.3830225448467584,81.95604398032276,104.16928100585938,0.4098842020114073,2.1660406866309203
S. hians,4,800,21,400,3.197927518192762,75.130042351093,93.89888000488281,0.4869072743252234,2.236903776843159
S. hians,4,800,22,400,2.736751824879224,68.48491925195023,83.99881744384764,0.5373710932152578,2.276373276135258
S. hians,4,800,23,400,2.206254476337652,61.06132224673572,73.943817138671875,0.5533234432733066,2.288115624275248
S. hians,4,800,24,400,1.6684418547490596,53.15798329828312,63.759429931640625,0.5440337102937742,2.2817408564106443
S. hians,4,800,25,400,0.9898120730939417,45.911750079772176,53.63908386230469,0.5337630369270594,2.273752015480408
S. hians,4,800,26,400,14.225386369706937,322.88304868775344,402.1053161621094,0.45277228738879904,2.211216602912202
S. hians,4,800,27,250,9.48495565095249,307.977590235268,402.24560546875,0.21793723527746872,1.9527422109914188
S. hians,4,800,28,250,2.6006731980266053,88.97467681432612,113.78239440917967,0.2698548964552954,2.0093385367832672
S. hians,4,800,29,250,2.5918730458217514,83.07575257551109,104.04973602294922,0.33728470239823033,2.0895197756897543
S. hians,4,800,30,250,2.362408136255942,76.3139987293289,93.76795196533203,0.3934968892582621,2.144044083917237
S. hians,4,800,31,250,1.9991999654676615,69.65729857801858,83.894744873046875,0.44127635617814026,2.1859758296926155
S. hians,4,800,32,250,1.544018207054508,62.3594528108718,73.86505889892578,0.4624157100919721,2.2028267457205226
S. hians,4,800,33,250,0.9877975180593548,55.00458892803319,63.69998550415039,0.4660057060845266,2.2038624606115627
S. hians,4,800,34,250,0.5428642847012448,47.105950394575274,53.57388687133789,0.46070108867510295,2.1983893387282443
S. hians,4,800,35,250,10.812695270204179,332.4288522404818,401.9867858886718,0.39699024000900657,2.1439849861577387
S. hians,4,800,36,150,6.753276267758012,324.78138805987373,402.1799926757813,0.19703033693004132,1.9073267459328929
S. hians,4,800,37,150,1.4565135332333334,94.86666590363451,113.71263885498048,0.2326057045998408,1.9464486012379203
S. hians,4,800,38,150,1.6527814186179428,87.18664434829846,104.04447174072266,0.30144853130865257,2.025689256114638
S. hians,4,800,39,150,1.4493833607460407,79.91768454602918,93.74439239501953,0.3522683727097576,2.0776823577332544
S. hians,4,800,40,150,1.1498248844685997,72.85265843664108,83.92396545410156,0.39616255296730646,2.119762037794382
S. hians,4,800,41,150,0.7530698084870882,65.36984866812581,73.86890411376953,0.41994222333338305,2.1417774650535577
S. hians,4,800,42,150,0.4104317280240091,57.22615965105168,63.72025680541992,0.42605223969563166,2.146568968057749
S. hians,4,800,43,150,0.015971275058801915,49.27205232295881,53.587684631347656,0.4260583132531484,2.144739336643601
S. hians,4,800,44,150,7.4897088200492385,346.54942102354914,401.8772277832031,0.3723550960408843,2.0975498914362833
S. hians,4,800,45,100,4.88080306498851,338.75811380444827,402.2529296875,0.18459885550040117,1.8680979416750052
S. hians,4,800,46,100,0.7623824759639484,99.37999600401236,113.70413208007813,0.21179769115025743,1.899459432513919
S. hians,4,800,47,100,0.8868242932066865,91.17156600024434,104.02090454101563,0.2740677364690512,1.973703785559468
S. hians,4,800,48,100,0.6826355988628086,83.44194731145883,93.73846435546876,0.31553385428283803,2.0198401969933184
S. hians,4,800,49,100,0.5486225600589698,75.23809678541502,83.8758773803711,0.3521370689541145,2.0565700282881294
S. hians,4,800,50,100,0.25245955566544964,67.35731982598611,73.80057525634764,0.3804150634884571,2.0823397248291293
S. hians,4,800,51,100,0.05623800439253235,58.62379894638525,63.648399353027344,0.3962119990494554,2.099513037497236
S. hians,4,800,52,100,-0.31285110313849324,50.669872626430205,53.524078369140625,0.4006673870751432,2.1036502643258284
S. hians,4,800,53,100,5.608775369491609,354.0228231671201,401.9559631347656,0.34204950734162626,2.046693292155542
F. pringlei,3,800,1,1500,20.880902660623118,307.1688358884768,400.05279541015625,0.9238840944871268,3.135392834837374
F. pringlei,3,800,2,1500,15.909591132210277,229.68423019505235,300.0972900390625,0.9349213183148796,3.1443343631181926
F. pringlei,3,800,3,1500,9.808092966129287,156.2936645075125,199.96533203125,0.9558343099104941,3.1583333842684223
F. pringlei,3,800,4,1500,2.000182642974593,79.49370717740595,90.14312744140624,0.9899785951354391,3.1810536357014207
F. pringlei,3,800,5,1500,1.2446570367188399,72.63868613144044,80.0592498779297,1.030731821309414,3.1977940911479235
F. pringlei,3,800,6,1500,0.5888719445349808,65.54805824325285,70.16791534423828,1.095113703397159,3.212329366753402
F. pringlei,3,800,7,1500,-0.14925272184646832,58.381428643405954,60.08854675292969,1.1116600354041442,3.245632435585256
F. pringlei,3,800,8,1500,-0.8623611102269589,51.13797817230234,50.03757858276367,1.136693032859173,3.267669257497415
F. pringlei,3,800,9,1500,18.266947648792677,323.9389042395702,399.8596496582031,1.1708947183755618,3.2733597775596426
F. pringlei,3,800,10,1500,18.955635384758242,321.6578076367493,399.9460754394531,1.1757892824199832,3.286814472436672
F. pringlei,3,800,11,1500,19.19298233927592,320.98179288275145,399.9259033203125,1.1844976502554896,3.2958093372670993
F. pringlei,3,800,12,1500,22.36634301256296,406.1188474923156,499.8578796386718,1.153238205422655,3.288501963816583
F. pringlei,3,800,13,1500,24.39585259768453,494.75943393379094,599.79022216796875,1.1117948854638997,3.2717372762120793
F. pringlei,3,800,14,1500,26.725245947208894,697.4785014030817,800.18194580078125,1.088034255886963,2.926170902586091
F. pringlei,3,800,15,1500,27.869553687313903,1025.6036075471754,1150.054443359375,0.9379978337795921,2.894567163750253
F. pringlei,3,800,16,1500,28.59437809547955,1354.2185015497846,1500.0802001953125,0.8081993674674997,2.8269517318565196
F. pringlei,3,800,17,1500,17.134599955131087,323.50065705942467,399.778076171875,0.7125197532532209,2.76430692628822
F. pringlei,3,800,18,400,8.762480657215205,339.1836773300163,394.3189392089844,0.48131437895125107,2.6083093589257915
F. pringlei,3,800,19,400,1.4199688381755295,96.3527817461132,107.01007080078124,0.49890430115506673,2.617124955046456
F. pringlei,3,800,20,400,1.267059984750725,88.79794262775687,98.07662200927734,0.5399253198985939,2.6468752231964316
F. pringlei,3,800,21,400,0.9355820165606001,81.84995690635489,89.1785659790039,0.5823910542694514,2.6916578680911916
F. pringlei,3,800,22,400,0.46152195162850135,74.78871341139248,79.70341491699219,0.6250145647595506,2.723728158142185
F. pringlei,3,800,23,400,0.06873974537987122,67.63165533078853,70.61443328857422,0.6669732634112471,2.7428097366643196
F. pringlei,3,800,24,400,-0.5101933910215439,60.71224566536846,61.23779296875,0.7054405214450667,2.7775814521752036
F. pringlei,3,800,25,400,-0.9651782403281911,53.221776824728565,51.83654022216797,0.7386792720691345,2.7964581872940326
F. pringlei,3,800,26,400,9.860463778805396,341.04787577296236,388.6969909667969,0.7538302225718142,2.8039296659513786
F. pringlei,3,800,27,250,6.568612126344216,348.5153149362552,387.1793212890625,0.6413589044380328,2.7522729932240617
F. pringlei,3,800,28,250,1.0129617859254063,100.01343790234549,107.96360778808594,0.6170196645608216,2.709394838491804
F. pringlei,3,800,29,250,0.8068193387559398,92.07005973968796,98.90535736083984,0.6295201996777018,2.7295792087143056
F. pringlei,3,800,30,250,0.5597590279654958,84.66370387630892,90.0921401977539,0.6598439649725696,2.733666252808136
F. pringlei,3,800,31,250,0.17223531993843733,76.93522365341832,80.60699462890625,0.6749092480067409,2.761234933839776
F. pringlei,3,800,32,250,-0.21108303882005103,69.4381984530368,71.34436798095703,0.7054719708748761,2.7749356259792983
F. pringlei,3,800,33,250,-0.6404592733751678,61.81771206211984,61.848331451416016,0.7267835573112688,2.781615335715411
F. pringlei,3,800,34,250,-1.1270473228246685,54.37676152797322,52.431190490722656,0.7462387734813707,2.809069895704597
F. pringlei,3,800,35,250,7.489258704675036,349.9523498760225,389.2322692871094,0.747158591672802,2.80978537449929
F. pringlei,3,800,36,150,4.527488367336637,353.9154353734204,387.531982421875,0.4995809376969466,2.6322027741727654
F. pringlei,3,800,37,150,0.3596342758570566,101.1787835358084,107.29704284667967,0.3987009666644748,2.5524402849308534
F. pringlei,3,800,38,150,0.24522503850260308,93.15594846239692,98.361419677734375,0.4048497169689404,2.561847814396606
F. pringlei,3,800,39,150,0.03619128516828082,86.0261670560326,89.7885513305664,0.4316209567655771,2.5891860997108744
F. pringlei,3,800,40,150,-0.21408048087253231,78.5665132191715,80.7091064453125,0.47117738663432296,2.6114077741223154
F. pringlei,3,800,41,150,-0.4842738698856285,70.68136285140065,71.317718505859375,0.5017347104737456,2.646876082504692
F. pringlei,3,800,42,150,-0.8483337162895112,63.06546149516342,61.845157623291016,0.5269500887231305,2.675342026127677
F. pringlei,3,800,43,150,-1.163484941584555,55.19966131738679,52.39983367919922,0.5567491150764443,2.6866398968562133
F. pringlei,3,800,44,150,4.97055209560926,354.98682007011814,389.1246643066406,0.5599840860482425,2.7013949953845584
F. pringlei,3,800,45,100,2.8872299779548505,359.34577307247406,387.6530151367187,0.41122967185765075,2.5648481697124224
F. pringlei,3,800,46,100,-0.09646694643917243,104.34041857648724,108.03874206542967,0.3537087708184537,2.51001235141838
F. pringlei,3,800,47,100,-0.06512273042711814,95.85156363154756,99.37271881103516,0.37311026354219495,2.5210720209651045
F. pringlei,3,800,48,100,-0.3110482201483785,87.90372290334001,89.8375473022461,0.3975510027053242,2.560350593083538
F. pringlei,3,800,49,100,-0.5119524292708303,79.89419429173341,80.51966857910156,0.4308347564291189,2.5882871306484447
F. pringlei,3,800,50,100,-0.7083495948160617,71.65499410189196,71.0946273803711,0.4567944567184307,2.614849529074767
F. pringlei,3,800,51,100,-0.9508695515256214,63.69805074056565,61.77322769165039,0.4785256666120186,2.6358701368447948
F. pringlei,3,800,52,100,-1.2299841359634236,55.66139880229409,52.2436408996582,0.5064229095336231,2.640055431512141
F. pringlei,3,800,53,100,3.421297964551263,360.9214238976834,389.4378051757813,0.5074775847703422,2.658738810381619
F. pringlei,4,200,1,1500,18.73044601386781,278.3271424265451,399.9720764160156,0.48338559586616914,2.7594862527035584
F. pringlei,4,200,2,1500,14.195266201488137,209.5837032430235,299.8798828125,0.5047864879394194,2.79772446214885
F. pringlei,4,200,3,1500,8.844741190285573,144.5964273799764,199.96730041503903,0.5347206585905103,2.8368992437900307
F. pringlei,4,200,4,1500,1.944645335826002,76.25424384057574,90.04065704345702,0.5747139305521054,2.876573344536824
F. pringlei,4,200,5,1500,1.2774520909480658,70.48848113782508,80.1379623413086,0.6217733224781091,2.9156550785390283
F. pringlei,4,200,6,1500,0.6046739475083074,64.24336974372788,70.04407501220703,0.6663186310966568,2.952626866480641
F. pringlei,4,200,7,1500,0.003488401100250005,57.47983633205437,59.9981803894043,0.713372928971869,2.984635418619786
F. pringlei,4,200,8,1500,-0.7208006599778591,51.07409484241803,49.93212890625,0.7471191321815196,3.0185195589159557
F. pringlei,4,200,9,1500,17.43445382435236,308.27122903638576,400.1365661621094,0.779518409343129,3.038379554467392
F. pringlei,4,200,10,1500,18.092831745983542,306.04154826273225,400.0647583007813,0.7981053052653485,3.063359968389559
F. pringlei,4,200,11,1500,18.441376903981553,304.5028525112584,400.069091796875,0.800440109926728,3.0809867162794107
F. pringlei,4,200,12,1500,21.61937889339243,387.0193831101643,499.9566650390625,0.8011725773457317,3.088946555914154
F. pringlei,4,200,13,1500,23.78032401513593,473.5386681501014,599.8878173828125,0.7928175282086048,3.0906020556017757
F. pringlei,4,200,14,1500,25.99846589828753,677.5553556318748,800.06201171875,0.8078090359860924,2.7434227485644076
F. pringlei,4,200,15,1500,27.374931626305603,1008.1516596599485,1150.0789794921875,0.7815611229814321,2.7475063110144693
F. pringlei,4,200,16,1500,27.9885285048792,1340.3066344243732,1500.0421142578125,0.7380607251881188,2.7180487112718983
F. pringlei,4,200,17,1500,17.84473617257564,315.9460828265617,400.10061645507807,0.7119758437778976,2.707442127242233
F. pringlei,4,200,18,400,8.72578547116955,346.78865916015343,401.6316528320313,0.5391065694466681,2.562520378745132
F. pringlei,4,200,19,400,1.733586571934069,100.1907916937454,112.88734436035156,0.5268279626795016,2.572856975363335
F. pringlei,4,200,20,400,1.5732017648680845,91.69864787484978,103.08653259277344,0.5418215661248597,2.5748181411219995
F. pringlei,4,200,21,400,1.2314742433096988,83.47470183519296,92.78829193115236,0.5586250859336818,2.588331968808532
F. pringlei,4,200,22,400,0.7001003672202699,76.42222801683099,82.88713836669922,0.5800366629975237,2.6058192032526133
F. pringlei,4,200,23,400,0.27517627180145715,68.61186160549542,72.810272216796875,0.5991534045698181,2.622114744074948
F. pringlei,4,200,24,400,-0.25474131863237937,61.10891378503782,62.68295669555664,0.6299620686167569,2.6507223045802677
F. pringlei,4,200,25,400,-0.7862752173286399,53.51274335096759,52.579490661621094,0.6547577758218681,2.677786789984282
F. pringlei,4,200,26,400,10.017419183449977,346.92543333363096,401.010986328125,0.6804064106503754,2.674992781794601
F. pringlei,4,200,27,250,6.575635865753665,357.8225882796244,401.1841735839844,0.5755981130594905,2.605038277516447
F. pringlei,4,200,28,250,1.1516400519521404,103.08279148869006,112.70692443847656,0.5501023986598573,2.577502728714113
F. pringlei,4,200,29,250,1.0655649953985764,94.12070754056391,102.97377014160156,0.5504579851112378,2.5661597914530723
F. pringlei,4,200,30,250,0.838942851560312,85.20170164439143,92.67674255371094,0.5564113659839519,2.5793301751941615
F. pringlei,4,200,31,250,0.323030698110628,78.09991853181751,82.875701904296875,0.5795428065138161,2.606417314133898
F. pringlei,4,200,32,250,-0.055710237549987114,70.13447532690702,72.844696044921875,0.5984244725229974,2.6075489719394973
F. pringlei,4,200,33,250,-0.4808229656992563,62.095467594162145,62.70354080200195,0.6149409903453733,2.6444049177701237
F. pringlei,4,200,34,250,-0.9484572445540552,54.27040956668726,52.62249374389648,0.632297641293154,2.670981895210978
F. pringlei,4,200,35,250,7.100449685754383,357.8563053869514,400.96575927734375,0.6554344096371856,2.662491380467836
F. pringlei,4,200,36,150,3.8159669555197904,367.28677207346294,401.10784912109375,0.47464376730720714,2.52405835745082
F. pringlei,4,200,37,150,0.483605621143157,105.4200807944124,112.6262435913086,0.41334043458245734,2.439536832508631
F. pringlei,4,200,38,150,0.3108303316089827,96.8771000387105,102.97491455078124,0.396916111055334,2.4400348291921836
F. pringlei,4,200,39,150,0.11574962714030743,88.08765259738625,92.692291259765625,0.40655515616073035,2.4520466887714867
F. pringlei,4,200,40,150,-0.07370281375375676,79.6634010307216,82.84876251220702,0.4252422074964661,2.472607315522211
F. pringlei,4,200,41,150,-0.3317908038366823,71.48766455121786,72.8739242553711,0.44617985401910126,2.47086812483435
F. pringlei,4,200,42,150,-0.6829259920258208,63.39322365351408,62.7366828918457,0.46105942450140114,2.5136930977487646
F. pringlei,4,200,43,150,-1.0115125231569448,55.30229519757015,52.63860321044922,0.4598614570108994,2.5277105226760903
F. pringlei,4,200,44,150,4.125940807480752,365.529813098049,400.9886779785156,0.47916352683672536,2.539343633470126
F. pringlei,4,200,45,100,2.3794510374080247,370.7129458089184,401.1519470214844,0.3294602291052228,2.344700737484964
F. pringlei,4,200,46,100,0.02892154583791952,107.42467690220002,112.69318389892578,0.2514654141919132,2.2384209406202715
F. pringlei,4,200,47,100,-0.00375697493501205,98.28380331459128,102.93024444580078,0.2408603392378651,2.216097962421598
F. pringlei,4,200,48,100,-0.15597874881120166,89.71056696046062,92.706207275390625,0.26518602757638843,2.2467170119942166
F. pringlei,4,200,49,100,-0.3775376774231273,81.76895423278579,82.92407989501953,0.298478779348113,2.300864671845775
F. pringlei,4,200,50,100,-0.6055113514879946,73.52598141344612,72.89293670654298,0.3161183709410037,2.3294230141067236
F. pringlei,4,200,51,100,-0.8120464202334796,64.85626298683046,62.605831146240234,0.3301181725066117,2.344550696208724
F. pringlei,4,200,52,100,-1.018936454543388,56.300842001819504,52.61004638671875,0.35169313827035303,2.370660590874628
F. pringlei,4,200,53,100,2.7565346773420405,369.8654831393743,401.0496826171875,0.3693846175791496,2.3890521080279723
F. sonorensis,3,800,1,1500,20.535200324970553,277.6698224278322,399.9753112792969,0.34966833577855394,2.003065811794135
F. sonorensis,3,800,7,1500,2.2943824465113805,47.185884961498175,59.923641204833984,0.47612087781252765,2.0728750030677183
F. sonorensis,3,800,8,1500,1.6785033230029722,41.90311900901242,50.102108001708984,0.6454289401837815,2.167181331547923
F. sonorensis,3,800,6,1500,3.0977893773579015,56.639068689179275,70.032745361328125,0.6436253681161854,2.171228672784055
F. sonorensis,3,800,5,1500,4.123220976998561,62.53256640973828,79.91971588134764,0.6163166213516306,2.148198085970624
F. sonorensis,3,800,4,1500,4.656783958255001,69.37038417963485,89.99763488769531,0.5663268763924244,2.1252284669376533
F. sonorensis,3,800,3,1500,10.374617686479876,139.70511082089303,200.1841735839844,0.36844872850599,2.017987189720385
F. sonorensis,3,800,2,1500,16.09868482140372,198.68387889092665,299.9727478027344,0.3254562127474173,1.9756831746621029
F. sonorensis,3,800,9,1500,20.82488130290921,257.41654859278947,399.9377136230469,0.2918558753315955,1.9527411439097049
F. sonorensis,3,800,10,1500,12.924763850131459,256.20156335821684,499.84088134765625,0.09448948213576631,1.7995650643697592
F. sonorensis,3,800,11,1500,12.992676620991721,179.94727046461227,400.0230407714844,0.10514057798826862,1.807375932170544
F. sonorensis,3,800,12,1500,20.487211854175328,254.84945702294735,499.9283447265625,0.15248709710260624,1.8460364376755896
F. sonorensis,3,800,13,1500,25.943629347304096,343.43089627826015,599.890380859375,0.18920216428847875,1.8734516332389612
F. sonorensis,3,800,14,1500,28.113667415055748,428.4249269973593,799.985595703125,0.13660060579505,1.8265864806795435
F. sonorensis,3,800,15,1500,29.7074431273442,481.1315577635473,1150.0157470703125,0.07607631678103066,1.7722943642026512
F. sonorensis,3,800,16,1500,34.62996090139063,666.5663091433312,1500.0291748046875,0.07086437953992498,1.7648137132712582
F. sonorensis,3,800,17,1500,11.376797768505721,185.0436127096527,399.87939453125,0.09420911177668319,1.7897323167829162
F. sonorensis,3,800,18,400,6.064009860815224,160.5290229035569,401.87887573242193,0.04336632362016813,1.7476082230193133
F. sonorensis,3,800,19,400,1.3956308888916418,79.79778303238957,113.01332092285156,0.09551259251870482,1.7943639172626136
F. sonorensis,3,800,20,400,2.1804499193485856,81.24471768635094,103.05072784423828,0.24074862403918795,1.9056800807410472
F. sonorensis,3,800,21,400,2.264828407488759,79.08010212898806,92.75017547607422,0.48464193015084794,2.068430858241918
F. sonorensis,3,800,22,400,1.648139986584949,72.36422280975621,82.8126449584961,0.521976124102195,2.0901412140219473
F. sonorensis,3,800,23,400,0.8637841804209905,64.89536589968662,72.68810272216797,0.452131046482066,2.053610853376973
F. sonorensis,3,800,24,400,0.48415842590448344,55.599706918303994,62.482269287109375,0.3332515065975006,1.9757627111464096
F. sonorensis,3,800,25,400,-0.19465463068651737,49.50713314774705,52.65024185180664,0.23670676335101265,1.9029852298123295
F. sonorensis,3,800,26,400,9.116785456096894,244.6420126876512,401.2621154785156,0.10732983087222836,1.7962508125684693
F. sonorensis,3,800,27,250,5.8557050251090095,227.30825091883008,401.0672607421875,0.06038456086983032,1.7487367335465969
F. sonorensis,3,800,28,250,1.1186707275868786,82.80060153651173,112.55061340332033,0.09086812346473903,1.7736219911366788
F. sonorensis,3,800,29,250,1.1002802300316659,83.47870276809385,102.75489807128906,0.15411013163431775,1.8250282719308888
F. sonorensis,3,800,30,250,1.1360273509306635,78.39920914298169,92.50904083251953,0.23879426221281175,1.8880671564680525
F. sonorensis,3,800,31,250,0.9361794409837465,71.88128388476898,82.69111633300781,0.29377113860309884,1.9280134939798157
F. sonorensis,3,800,32,250,0.45335434735616464,64.61008448255063,72.66783905029298,0.26461319024151314,1.908970294263214
F. sonorensis,3,800,33,250,0.06676601107773555,56.918024847047874,62.783493041992195,0.2035795391767474,1.8610210985122249
F. sonorensis,3,800,34,250,-0.277623681537098,50.01288992928222,52.651912689208984,0.18666355582251468,1.8438078346687832
F. sonorensis,3,800,35,250,8.439555417963206,305.1118040830357,400.69189453125,0.181025229309507,1.8376623645642975
F. sonorensis,3,800,36,150,3.1983542859094305,178.16191252291452,401.4006652832031,0.024862489074553816,1.6985389248435532
F. sonorensis,3,800,37,150,0.31412567138508146,87.2136152278951,112.8054656982422,0.045608615064172395,1.7168530313506198
F. sonorensis,3,800,38,150,0.47563695842913595,87.32203533445735,102.98170471191406,0.10942163810570713,1.7699993531697256
F. sonorensis,3,800,39,150,0.5629612846456704,81.57702770223139,92.58935546875,0.20478426113467932,1.850053849931981
F. sonorensis,3,800,40,150,0.23277842435289253,75.03344296730813,82.731903076171875,0.21487458733539613,1.8544907208610093
F. sonorensis,3,800,41,150,-0.06895499415501657,66.64575648318137,72.971710205078125,0.12676643011108846,1.7836443318380335
F. sonorensis,3,800,42,150,-0.18510480107199817,58.432889224405784,62.76410675048828,0.13339160104863998,1.7850202426913893
F. sonorensis,3,800,43,150,-0.562707762972796,52.33425497672426,52.418701171875,0.19234998326492908,1.828972890395089
F. sonorensis,3,800,44,150,5.420372110607291,333.10902645327576,400.6741027832031,0.18109909556281129,1.8208350246135667
F. sonorensis,3,800,45,100,1.7190664950362968,165.58955921921108,401.2923889160156,0.012685632557914482,1.6691069295249326
F. sonorensis,3,800,46,100,-0.41458889847209296,116.29337330794196,112.83854675292967,0.025320595047729613,1.6819955071378936
F. sonorensis,3,800,47,100,0.11329307041760611,88.43250312261006,103.14923858642578,0.06255692913370521,1.7159571813652292
F. sonorensis,3,800,48,100,0.06721257128723518,83.9473697407729,92.83973693847656,0.11898928250609528,1.7644994732970951
F. sonorensis,3,800,49,100,-0.06551106133576015,76.50570710657641,82.8104248046875,0.14076433018919107,1.78268052904481
F. sonorensis,3,800,50,100,-0.16734589571584493,67.91286865322941,72.94317626953125,0.12658846486194164,1.7706371220130386
F. sonorensis,3,800,51,100,-0.36613762891643675,60.676795908373165,62.84860610961914,0.1481052346765104,1.7873032842069807
F. sonorensis,3,800,52,100,-0.6285075662491293,52.6727780962269,52.43661117553711,0.2150913130307339,1.8344519301293185
F. sonorensis,3,800,53,100,3.565694920250335,314.10895663206543,401.0705261230469,0.08425288043119848,1.727279819153875
H. isocalycia,3,800,1,1500,16.981375170431896,214.02950639306377,400.0509948730469,0.1727322971888469,1.857003110822028
H. isocalycia,3,800,4,1500,1.8010330415710092,67.13228424769875,90.11224365234376,0.19368817797861804,1.867734567235544
H. isocalycia,3,800,5,1500,1.8180796982736542,61.722428678907626,79.973663330078125,0.26010378049128047,1.936668889939436
H. isocalycia,3,800,6,1500,0.9467337816876624,56.44679532191583,69.96180725097656,0.2194913178771813,1.907102641171572
H. isocalycia,3,800,7,1500,0.1443238740647248,51.13422544281952,60.010887145996094,0.14366451959881094,1.8295662492764675
H. isocalycia,3,800,8,1500,-0.5223937610011987,50.88108133859224,49.99480819702149,0.0611223143338068,1.7340273119986522
H. isocalycia,3,800,3,1500,4.677845975587824,101.92031856144676,200.00392150878903,0.09018381789670478,1.7713920019968354
H. isocalycia,3,800,2,1500,7.106862912910313,140.05126715350045,299.8016357421875,0.08054399663168939,1.7628681815639138
H. isocalycia,3,800,9,1500,11.151093040050768,186.85144714660095,399.80465698242193,0.0938097813580953,1.7775090624892618
H. isocalycia,3,800,10,1500,10.475895276489327,181.49976447493447,400.05084228515625,0.0853538052117336,1.76791136268439
H. isocalycia,3,800,11,1500,10.6866477526109,181.34399524701985,400.0779418945313,0.08705452848920302,1.7681699582375583
H. isocalycia,3,800,12,1500,13.808001899507456,228.11471799452713,499.877685546875,0.08991783823225555,1.7703083202362178
H. isocalycia,3,800,13,1500,14.895578991419297,248.79394900159977,600.0294189453125,0.0735367393585551,1.74984143100644
H. isocalycia,3,800,14,1500,17.17500511554009,317.09663045056953,800.0313110351564,0.06049936473967953,1.733472167370928
H. isocalycia,3,800,15,1500,20.132552742011313,426.51232394743016,1149.790771484375,0.04618068398772694,1.7146863715243672
H. isocalycia,3,800,16,1500,23.432469931470745,526.7385299561361,1500.063720703125,0.03929535540141423,1.7053922447178047
H. isocalycia,3,800,17,1500,6.274266607393632,209.27213610603675,400.1555480957031,0.05866184391520417,1.7316453880966292
H. isocalycia,3,800,18,400,5.41961213903033,191.3912511043942,391.512939453125,0.04788885330581477,1.7111174732490326
H. isocalycia,3,800,19,400,0.23543965059297373,88.83948139788929,106.51235961914063,0.0720549660625412,1.7426833148114382
H. isocalycia,3,800,20,400,0.8041061598117192,78.24491158501395,97.25440216064453,0.12959509436138875,1.8057549275998463
H. isocalycia,3,800,21,400,0.7286081061882146,70.99020400294866,88.25647735595702,0.13522801845073035,1.81470726312077
H. isocalycia,3,800,22,400,0.2678525663706512,63.82428348177046,78.76468658447266,0.09138751839306332,1.7660704069205386
H. isocalycia,3,800,23,400,-0.037420353860478095,58.53343613641684,70.02430725097656,0.06645026733053014,1.7357086839622935
H. isocalycia,3,800,24,400,-0.2707866347862959,55.38520463916479,60.75395965576172,0.07262809689680941,1.7419722689184418
H. isocalycia,3,800,25,400,-0.49152809625327354,50.75183788760815,51.485004425048835,0.1003527356289516,1.7745236113814462
H. isocalycia,3,800,26,400,7.837207761035934,196.99702306160452,386.0509338378906,0.07433664141595134,1.7445516268037755
H. isocalycia,3,800,27,250,3.179202808816078,166.06586241115386,384.3138122558594,0.02549856750123972,1.6874548992880736
H. isocalycia,3,800,28,250,-0.08870821760788972,89.92979714173617,105.81311798095705,0.03664945642020993,1.701807946838322
H. isocalycia,3,800,29,250,0.2291303558044872,76.35076658198355,97.05756378173828,0.05703572385638906,1.7257842407282442
H. isocalycia,3,800,30,250,0.13674079907639253,72.99259239372111,88.09308624267578,0.07184572612038193,1.7446909829560318
H. isocalycia,3,800,31,250,0.23722176505048176,62.016149857042286,79.17680358886719,0.07220010415747843,1.7457639195685624
H. isocalycia,3,800,32,250,-0.1197652615840033,60.8822389963752,70.0439224243164,0.06972546819713095,1.7436960889262263
H. isocalycia,3,800,33,250,-0.45858464911256636,59.6184306305803,60.68983840942382,0.06810855188498895,1.7412529937178916
H. isocalycia,3,800,34,250,-0.6448070371637502,54.90382833473541,51.38240814208984,0.06813557435992937,1.7402334185047947
H. isocalycia,3,800,35,250,5.061542760844117,171.27992983794502,386.0384216308594,0.04136909089770812,1.7060610411301895
H. isocalycia,3,800,36,150,2.2835509662890074,185.5919468122549,384.6973876953125,0.020350234860453027,1.678203828431244
H. isocalycia,3,800,37,150,-0.40149885533104257,103.01307634428562,104.65476989746094,0.02790341676809228,1.6875064508487705
H. isocalycia,3,800,38,150,-0.0614342373906378,81.06036295091666,96.630218505859375,0.04156734475423242,1.7047828739001267
H. isocalycia,3,800,39,150,-0.2577847598605486,80.59729105075671,87.736480712890625,0.05177869500351821,1.7162525680377438
H. isocalycia,3,800,40,150,-0.24907002109718057,71.90438858767432,78.9929428100586,0.05521928495781725,1.720483989550732
H. isocalycia,3,800,41,150,-0.46885106848085695,69.34226749289553,69.85253143310547,0.053734030165370546,1.7173946381987188
H. isocalycia,3,800,42,150,-0.5896124527192683,63.93167620475665,60.526763916015625,0.051919628585606135,1.7146135304374035
H. isocalycia,3,800,43,150,-0.7452655992950432,59.922463807477,51.4166145324707,0.05097483497857151,1.7133028323425967
H. isocalycia,3,800,44,150,3.6348639131984264,157.26923513153685,386.1325073242187,0.027677967537954103,1.6829354073358265
H. isocalycia,3,800,45,100,1.362131451135033,210.93024676046116,384.62249755859375,0.014334917002187673,1.6652471154492232
H. isocalycia,3,800,46,100,-0.561960478511029,120.33988226794544,106.3998565673828,0.01803317783750286,1.6702022557737073
H. isocalycia,3,800,47,100,-0.3089754839512711,90.95075924115771,98.15645599365236,0.02661544748286228,1.6823852130150043
H. isocalycia,3,800,48,100,-0.43755133214171216,88.2676922491841,88.98924255371094,0.035837476630666144,1.6909899425705808
H. isocalycia,3,800,49,100,-0.46352144244936033,79.99203568708403,80.03105926513672,0.04053061615944995,1.6913340895962028
H. isocalycia,3,800,50,100,-0.5650538806701652,74.97237030809467,70.97095489501953,0.040459983923207384,1.6911244228632132
H. isocalycia,3,800,51,100,-0.6543759929169669,69.28279396228409,61.523006439208984,0.03964722885074698,1.6881457381732763
H. isocalycia,3,800,52,100,-0.7687795702949208,65.0995126571331,52.125694274902344,0.03806978827406335,1.6802339648771305
H. isocalycia,3,800,53,100,2.572740444690895,173.04205049100187,386.7308044433594,0.021185514406452624,1.6578494787754607
H. isocalycia,4,200,1,1500,16.510025019463328,205.93667033395272,399.9082946777344,0.16362518425598954,1.86207876804244
H. isocalycia,4,200,2,1500,12.342940748979503,165.29613159624634,299.9981689453125,0.1800714865237284,1.8813441419723385
H. isocalycia,4,200,3,1500,7.867023683077045,120.06958462862916,199.8936309814453,0.20164206794038864,1.9211096579964215
H. isocalycia,4,200,4,1500,2.199944402920062,67.01634744457562,90.04704284667967,0.2302049273120522,1.9618955356597432
H. isocalycia,4,200,5,1500,1.9056179764801675,60.743815778125054,80.04399108886719,0.24748188613479852,1.9840022352906528
H. isocalycia,4,200,6,1500,1.2840865481281947,55.67355264000528,69.98992919921875,0.24676819105858663,1.980730247315936
H. isocalycia,4,200,7,1500,0.7930602417365855,49.88556217270779,60.037113189697266,0.25157868757829005,1.9858510148196655
H. isocalycia,4,200,8,1500,0.1611417226864994,44.75303978250767,49.90839767456055,0.2509600018332902,1.98609283347844
H. isocalycia,4,200,9,1500,16.23427438402098,233.16694772886368,400.0875549316406,0.1940371241857329,1.9068954297615273
H. isocalycia,4,200,10,1500,15.48286005382725,206.00037036837733,400.1071166992187,0.15255187043522425,1.8331261603544553
H. isocalycia,4,200,11,1500,15.526327056165215,211.92556220158667,400.1028442382813,0.1589109125771505,1.8392034434747184
H. isocalycia,4,200,12,1500,19.119684905862215,259.0758940213449,500.0300598144531,0.15106320280867122,1.819076743098456
H. isocalycia,4,200,13,1500,21.19070528123699,302.93451837955746,599.916015625,0.13364514898460084,1.7864129841497052
H. isocalycia,4,200,14,1500,24.223202092388053,389.1092169703298,799.9569091796875,0.1077686179295219,1.7368386564083047
H. isocalycia,4,200,15,1500,26.768070807583975,538.3028148758752,1149.9659423828125,0.07760524686683837,1.675633319188346
H. isocalycia,4,200,16,1500,27.173501544438306,677.1593319183647,1499.8250732421875,0.05717212540382769,1.631326704897292
H. isocalycia,4,200,17,1500,6.760736770941174,197.23655934748857,399.921875,0.05994709653628521,1.6316329020457052
H. isocalycia,4,200,18,400,8.331706073458141,199.5837360336368,401.3126831054687,0.07500931954281698,1.6472944757989607
H. isocalycia,4,200,19,400,1.8711596506849095,77.50576699590914,112.7136001586914,0.11665777771519203,1.7176392724794278
H. isocalycia,4,200,20,400,2.0073857399274893,76.42883435878836,103.00662231445313,0.1781948663993322,1.8273066132926323
H. isocalycia,4,200,21,400,1.7155825262252762,69.29544044907922,92.62834167480469,0.17810739569865738,1.8277120658459316
H. isocalycia,4,200,22,400,1.310806612040749,63.894014145810864,82.73625946044922,0.17947887216664846,1.8280587583516463
H. isocalycia,4,200,23,400,0.8612546362761639,58.477854800601925,72.665252685546875,0.1769505360222251,1.824120890603808
H. isocalycia,4,200,24,400,0.5905033658273546,51.6430400381677,62.56324005126953,0.18190719083664064,1.8331986495538148
H. isocalycia,4,200,25,400,0.09742917754377506,46.7529359704781,52.37029647827149,0.1861171991656327,1.8295107519702287
H. isocalycia,4,200,26,400,10.583496496916819,219.41697570168984,400.7623596191406,0.10969493332146138,1.7033868674755794
H. isocalycia,4,200,27,250,6.032878239712236,179.9825050608695,400.81057739257807,0.04838121038620892,1.5764601462772334
H. isocalycia,4,200,28,250,0.7103819089759149,79.29968065982105,112.5093231201172,0.05355351813721633,1.5878333293162723
H. isocalycia,4,200,29,250,1.0319219363752672,73.49451169909794,102.81204223632813,0.08419604647313819,1.6496954333737086
H. isocalycia,4,200,30,250,1.233218477223518,69.88919666959136,92.55609130859376,0.13462392276021293,1.7381620527256163
H. isocalycia,4,200,31,250,1.0071719132853876,65.73595546531095,82.70269775390625,0.16262512217843317,1.7909529517433112
H. isocalycia,4,200,32,250,0.6731876943680808,60.4037000107604,72.6727066040039,0.1773673597728159,1.816818110818276
H. isocalycia,4,200,33,250,0.3564841946583429,53.842650714664835,62.491798400878906,0.18074519132916553,1.8246353702488705
H. isocalycia,4,200,34,250,-0.07094214030902687,48.31054483888486,52.39158630371094,0.1824425309913736,1.83004744592325
H. isocalycia,4,200,35,250,7.455519140275153,230.03473774496888,400.78414916992193,0.08139169470475781,1.6545983399212127
H. isocalycia,4,200,36,150,3.8716550213294436,184.2344301282157,400.6034240722656,0.031454365196369405,1.546526210786018
H. isocalycia,4,200,37,150,0.39331025110319534,86.84774131838428,112.48983001708984,0.047852164784806465,1.5819030118548836
H. isocalycia,4,200,38,150,0.8605247548811372,78.84114482566301,102.78338623046876,0.09303907608605802,1.6712027974516386
H. isocalycia,4,200,39,150,0.8920058291401176,72.62971126079964,92.554901123046875,0.12017368327279744,1.7229809731207788
H. isocalycia,4,200,40,150,0.6791853611146492,67.43662126973956,82.70526123046875,0.13473349599570092,1.7488521247599274
H. isocalycia,4,200,41,150,0.35780787167875183,62.083938919113834,72.6666488647461,0.13956419281023513,1.7582669507632236
H. isocalycia,4,200,42,150,0.07163386453405712,55.8942665514048,62.48173141479492,0.14328427158642612,1.7638873124631935
H. isocalycia,4,200,43,150,-0.3157091296304954,50.82316671669622,52.38937759399414,0.14383479776040275,1.7657403894576709
H. isocalycia,4,200,44,150,4.775458896131903,234.83371846325045,400.7633056640625,0.052904865684315586,1.5968523016980616
H. isocalycia,4,200,45,100,2.671215086000659,199.7715431966158,400.6097717285156,0.023509656828461848,1.5299298178330938
H. isocalycia,4,200,46,100,0.08782960134661424,92.5005239808524,112.51810455322266,0.0328182020941058,1.5518393104514687
H. isocalycia,4,200,47,100,0.4537179926318159,79.800969267748,102.79892730712892,0.06016912381865231,1.6094457200161996
H. isocalycia,4,200,48,100,0.3658230147912229,76.15106851506603,92.53038024902344,0.08051256639660759,1.6494439085062185
H. isocalycia,4,200,49,100,0.18602596259781612,71.38975499009686,82.67960357666016,0.09257056280264385,1.6729867808475392
H. isocalycia,4,200,50,100,0.106975121579613,63.39251688168513,72.66856384277344,0.09689583716043947,1.681879314500737
H. isocalycia,4,200,51,100,-0.1593812323060149,58.2519841552607,62.4989013671875,0.102561036645649,1.6918602873310449
H. isocalycia,4,200,52,100,-0.3881312139556817,52.19986586340133,52.40533447265625,0.10503701719810243,1.6971502686381863
H. isocalycia,4,200,53,100,3.3390231577768223,228.48965616399076,400.736083984375,0.03512909178169339,1.5579469869578173
H. aturensis,3,800,1,1500,25.991934750332202,251.17353827863187,399.9735412597656,0.3744460693876044,1.8514804492019463
H. aturensis,3,800,2,1500,20.352433967596227,190.65374033721093,299.88531494140625,0.408425650899264,1.8893211594532475
H. aturensis,3,800,3,1500,14.46494936512164,130.29690238156368,200.0480804443359,0.473943855255248,1.9480103086582676
H. aturensis,3,800,4,1500,5.6143373166239945,62.666969025411824,89.93601989746094,0.5078592678975136,1.980776756318228
H. aturensis,3,800,5,1500,4.824810053242084,55.775017078176994,80.06270599365236,0.49241434834538467,1.975025277135923
H. aturensis,3,800,6,1500,3.954153141711451,48.403973767572786,70.0491714477539,0.4519269167359458,1.9494971785283124
H. aturensis,3,800,7,1500,3.1973430710581496,42.80790304265216,59.974586486816406,0.48243683418280936,1.9760092679425725
H. aturensis,3,800,8,1500,2.4805215517455923,36.186587611552135,50.10855484008789,0.4787672357162844,1.9788914560277773
H. aturensis,3,800,9,1500,23.736933667221876,268.1465873139408,399.8011169433594,0.3972537043750824,1.918709553676992
H. aturensis,3,800,10,1500,19.802271157331226,229.681015256981,399.85845947265625,0.22916362248097277,1.7391593664276153
H. aturensis,3,800,11,1500,20.162322005527503,237.78892367256697,399.9320068359375,0.2482151389250811,1.76072362249688
H. aturensis,3,800,12,1500,25.589301191046033,318.1510296083448,499.8595886230469,0.28906776725285704,1.809319193416028
H. aturensis,3,800,13,1500,29.566303493960962,415.61146995937594,600.157470703125,0.3443745152425828,1.8702984180505156
H. aturensis,3,800,14,1500,32.44059211942838,553.2829954325695,799.90472412109375,0.2729040380118872,1.8084773946661152
H. aturensis,3,800,15,1500,32.558510677649465,695.0113455175781,1149.9769287109375,0.13270065177565174,1.6453320539394336
H. aturensis,3,800,16,1500,32.563456580767834,795.2955260392916,1500.205322265625,0.0808672572147857,1.5751419330693823
H. aturensis,3,800,17,1500,9.776733808477406,205.4630294990949,400.0606384277344,0.09122383336398293,1.5939326195877292
H. aturensis,3,800,18,400,12.76468734609776,297.10408393755876,392.453857421875,0.29696707877111206,1.8436855454021133
H. aturensis,3,800,19,400,2.853480189660222,84.24180379993747,107.13722229003906,0.31853229466448113,1.870117586644512
H. aturensis,3,800,20,400,3.0874676122877602,78.78610126238844,97.98955535888672,0.4373029834420236,1.974518232633709
H. aturensis,3,800,21,400,2.9264101052285176,72.61187257891737,89.23528289794922,0.5035643050230246,2.0342329386490454
H. aturensis,3,800,22,400,2.2115885550214966,65.43226629764726,79.77870178222656,0.4548341899540125,2.0025833081645685
H. aturensis,3,800,23,400,1.7628754606851496,57.33198002291267,70.54100799560547,0.3947516274128764,1.9537661923309495
H. aturensis,3,800,24,400,1.1619546808346808,50.73901531042588,61.1920051574707,0.3650059437836148,1.9252034121684265
H. aturensis,3,800,25,400,0.7094260303985067,44.244753150601994,51.89353561401367,0.37336853314610585,1.931012579612143
H. aturensis,3,800,26,400,13.21086374903583,294.3163144385704,386.7933349609375,0.3226326288060012,1.891793379451119
H. aturensis,3,800,27,250,8.078172296776257,261.968850462204,385.5931701660156,0.12748149796541444,1.6640795976424416
H. aturensis,3,800,28,250,1.5138467086878689,81.12218259215163,106.42462921142578,0.14998797352737314,1.6939260865478427
H. aturensis,3,800,29,250,1.8434286311224972,75.93824983539267,97.68035125732422,0.21624522417654485,1.7743547267200774
H. aturensis,3,800,30,250,1.8659895343397161,72.38119004091952,88.78600311279298,0.31891949391762076,1.8802467796718705
H. aturensis,3,800,31,250,1.7110587489322004,67.03304400567515,79.86431121826172,0.41416917333292047,1.9706462268629112
H. aturensis,3,800,32,250,1.116321415742664,61.24398792497348,70.58732604980469,0.44318774583601944,1.9968572551993569
H. aturensis,3,800,33,250,0.5955184574578503,54.30207282612569,61.2496223449707,0.41736248500185297,1.980746524560556
H. aturensis,3,800,34,250,0.08225060563929598,47.34545360440159,51.84650039672851,0.3681909861836756,1.9419621376502327
H. aturensis,3,800,35,250,9.593120132868814,304.13594403537974,386.86431884765625,0.2619348358477481,1.838699918128215
H. aturensis,3,800,36,150,5.037354799044361,268.4247796774331,385.0059814453125,0.08351807660732469,1.6174441137135729
H. aturensis,3,800,37,150,0.552902013649154,87.5615211926046,106.32213592529295,0.10186562858443328,1.6450367628410458
H. aturensis,3,800,38,150,0.9654439564940198,79.16211744708728,97.63752746582033,0.15361796614444623,1.7128794903032103
H. aturensis,3,800,39,150,0.9010687300054043,75.56860389057191,88.99565124511719,0.22485199716624468,1.7972887878718902
H. aturensis,3,800,40,150,0.8416739731378408,69.26732367530126,80.00276184082033,0.290953815733217,1.8695740782649373
H. aturensis,3,800,41,150,0.36514900399296335,63.98624299848077,70.839111328125,0.3392011586304112,1.9191565559704031
H. aturensis,3,800,42,150,-0.021355076102645865,57.10035052646166,61.46893310546875,0.34561926138285354,1.9275055201280336
H. aturensis,3,800,43,150,-0.3341609532814508,49.64367375486772,52.01407623291016,0.32878401992723205,1.915547002878331
H. aturensis,3,800,44,150,6.820004910537664,320.85706096599233,386.6121215820313,0.24936995179761537,1.8400609309994032
H. aturensis,3,800,45,100,3.830065172203883,283.25462427281633,384.9381103515625,0.07454442759466015,1.6211474023681367
H. aturensis,3,800,46,100,0.16336500130095938,92.14683047393804,105.77063751220705,0.08756769990329731,1.6403855653703212
H. aturensis,3,800,47,100,0.6460325809386339,80.8154699995523,97.246002197265625,0.1333786920655839,1.699640019988292
H. aturensis,3,800,48,100,0.27967085907520733,79.31530669444211,88.46637725830078,0.197114813415455,1.777273809921593
H. aturensis,3,800,49,100,0.23977009337772437,72.02891333149206,79.43578338623047,0.2544282868198803,1.8415546240170808
H. aturensis,3,800,50,100,-0.007507443256240587,65.0820066479214,70.0970230102539,0.29683673209288297,1.8848245005999344
H. aturensis,3,800,51,100,-0.25701421695174487,57.77629631075107,60.94046401977539,0.3047508935095175,1.89607093629241
H. aturensis,3,800,52,100,-0.608014612202478,51.06939933928578,51.73878860473633,0.28427372769439285,1.8805663643688604
H. aturensis,3,800,53,100,4.939666926780116,325.87380791875063,385.93362426757807,0.20028659040187868,1.7907732236379523
H. aturensis,4,200,1,1500,28.676241017424207,260.34240734538224,399.9456787109375,0.4592009848645344,1.953879850628495
H. aturensis,4,200,2,1500,21.83058694988628,188.99260283111903,299.974853515625,0.4327060946344012,1.936565273857428
H. aturensis,4,200,3,1500,15.51074231619118,132.95335269111678,200.03240966796875,0.5421540288038558,2.020020897520735
H. aturensis,4,200,4,1500,6.657039771832853,64.13151618749852,89.94609832763672,0.6785106926757389,2.143006751339242
H. aturensis,4,200,5,1500,5.917914468847462,58.07806629002258,79.86949157714844,0.7446459485417658,2.195521417320254
H. aturensis,4,200,6,1500,4.922259304874003,50.61225982082352,69.923736572265625,0.6939688123124523,2.174858150215674
H. aturensis,4,200,7,1500,3.780544353365708,43.13376837230973,59.97698211669922,0.6013187892685138,2.1152403078427304
H. aturensis,4,200,8,1500,2.8654688370759516,35.989946919035496,50.069610595703125,0.5506733947501375,2.0780874459429617
H. aturensis,4,200,9,1500,22.641417556795954,239.93322775072303,399.9776306152344,0.288503161406672,1.8585778919812292
H. aturensis,4,200,10,1500,19.410225511423512,205.08794868446589,400.1198425292969,0.1886340685055179,1.731339137275674
H. aturensis,4,200,11,1500,21.510353706016254,215.4827839111749,400.0194091796875,0.22732247798821067,1.7944389752736316
H. aturensis,4,200,12,1500,29.84676895074013,335.361636561116,499.44476318359375,0.39311576679855914,1.9256794110617048
H. aturensis,4,200,13,1500,34.99007828440028,437.88145188695654,599.91278076171875,0.5075255604166645,2.0484033432339492
H. aturensis,4,200,14,1500,39.44152968514001,593.8570926808777,800.112060546875,0.4400523704614154,1.9989799006535611
H. aturensis,4,200,15,1500,43.197348865831735,859.5586314610131,1149.8917236328125,0.32446570103227695,1.8854681743316175
H. aturensis,4,200,16,1500,45.93250248278713,1111.84151981936,1500.0101318359375,0.24674039382724836,1.8034984490065835
H. aturensis,4,200,17,1500,20.207624744640928,241.7216970181613,399.9764404296875,0.25477019285288194,1.7937111119643667
H. aturensis,4,200,18,400,12.703328232955927,235.4747331710286,400.4019470214844,0.14606505361342878,1.6747873894667429
H. aturensis,4,200,19,400,2.879021306882708,78.60742754267567,112.46002197265624,0.1904123407592097,1.7255932101372893
H. aturensis,4,200,20,400,3.6706148847505085,76.9319485574154,102.7858428955078,0.34520088106570235,1.886548180547252
H. aturensis,4,200,21,400,3.556073063828802,73.01470028154594,92.4295654296875,0.49598929839929806,2.017323759750085
H. aturensis,4,200,22,400,2.8702700820021905,65.22144429309375,82.47791290283203,0.4575171218317378,2.0003827146550757
H. aturensis,4,200,23,400,2.2588233789840197,57.29973550637567,72.4388427734375,0.41607070399791574,1.9569535670512124
H. aturensis,4,200,24,400,1.7417308156030482,50.062642040429395,62.30271530151367,0.4228475463808779,1.9614040540834976
H. aturensis,4,200,25,400,1.3081056247699163,42.93491465595176,52.20054626464844,0.4660496129309808,1.9891525458765391
H. aturensis,4,200,26,400,14.425600115374754,268.0834607790687,399.91302490234375,0.22270146493590884,1.7640837296388054
H. aturensis,4,200,27,250,9.333439439798713,245.33287884956897,400.0148315429687,0.11388688676351064,1.6194795888364315
H. aturensis,4,200,28,250,2.1240123149941903,82.1238618835951,112.21107482910156,0.16547904782564468,1.6810115337871827
H. aturensis,4,200,29,250,2.5568622473292555,80.98566197424839,102.60050201416016,0.30523104389812644,1.8348359566691796
H. aturensis,4,200,30,250,2.6369410396635526,75.26875778886648,92.42320251464844,0.43130605321339366,1.9471084632952695
H. aturensis,4,200,31,250,2.0682953573271443,68.48547612456865,82.50969696044922,0.44743417323177725,1.9789716025799864
H. aturensis,4,200,32,250,1.4792317736332798,60.62949062402786,72.4056167602539,0.40117155304477486,1.9283318028502257
H. aturensis,4,200,33,250,1.1208894065968464,52.20540362531376,62.2553825378418,0.37701298683371487,1.9013035303453216
H. aturensis,4,200,34,250,0.4437202537917296,45.914797309194014,52.21664047241211,0.38048559703346824,1.9111967706827564
H. aturensis,4,200,35,250,11.151178612873641,287.88821814274513,399.84085083007807,0.20734625636554835,1.7377150755186448
H. aturensis,4,200,36,150,6.518409751207741,270.7569760439926,399.98236083984375,0.09695016081995873,1.5865978313341111
H. aturensis,4,200,37,150,0.9740130679336658,88.55427950897979,112.20498657226563,0.11520274842739632,1.6101761103891477
H. aturensis,4,200,38,150,1.2055484685199467,84.38235232588079,102.58464050292967,0.1930027980523664,1.7030951662791776
H. aturensis,4,200,39,150,1.322945528844944,78.37137485971522,92.387969970703125,0.3003888086087319,1.8189258098215797
H. aturensis,4,200,40,150,1.1635644556811229,71.63473185095403,82.56000518798828,0.3840911613841006,1.897474792097928
H. aturensis,4,200,41,150,0.6272676147029093,64.29822719832327,72.4432601928711,0.3701370432664172,1.8958610924498065
H. aturensis,4,200,42,150,0.22153934149284693,56.495593731121694,62.26880645751953,0.3496231284413645,1.8613267784436176
H. aturensis,4,200,43,150,-0.024377222667598286,48.10752030000616,52.21056365966797,0.35220143776981583,1.8665161180282304
H. aturensis,4,200,44,150,7.720722416194955,314.14543674398607,399.560302734375,0.19922481226939345,1.7060371195171902
H. aturensis,4,200,45,100,4.7132019400683465,294.33023345914125,399.8558349609375,0.08911170302914247,1.5596412629553231
H. aturensis,4,200,46,100,0.4078576892941231,95.01713554326719,112.21639251708984,0.09838692588795944,1.5705333074643713
H. aturensis,4,200,47,100,0.5323090512002078,87.85405095971745,102.58553314208984,0.14207275764102395,1.6253706431476893
H. aturensis,4,200,48,100,0.6105331905368793,80.51002167640509,92.38499450683594,0.21068752290824153,1.7080341092150484
H. aturensis,4,200,49,100,0.5286581956444354,73.55639216604992,82.58229064941406,0.28889367187078463,1.7920031912733685
H. aturensis,4,200,50,100,0.23524312554343496,66.03345989289173,72.54161071777344,0.32540945580262365,1.837069951646612
H. aturensis,4,200,51,100,-0.03582023499798653,57.63301809642788,62.31610870361328,0.3066559011893509,1.8155685605827312
H. aturensis,4,200,52,100,-0.3651032582410967,49.897516843560645,52.22784805297851,0.2949749851845578,1.7997599357159926
H. aturensis,4,200,53,100,5.52624398637362,327.43308900147883,399.4750061035156,0.17631426482315507,1.669625371309812
H. glutinosa,3,800,1,1500,14.634103440193364,233.91049675494256,399.9437561035156,0.18938314368504783,1.880641152289754
H. glutinosa,3,800,2,1500,10.934327966867212,180.56201643797996,300.1124572753906,0.2000021124116395,1.9133288876376464
H. glutinosa,3,800,3,1500,7.10415988989851,131.06072996363807,200.10499572753903,0.23911388459639776,2.006320373348368
H. glutinosa,3,800,4,1500,1.8422532501479563,71.65368036685116,90.07057189941406,0.2821512058725073,2.113219474773854
H. glutinosa,3,800,5,1500,1.4440289795916135,65.97081783368311,80.05754089355469,0.315437953948393,2.176126220735314
H. glutinosa,3,800,6,1500,0.8709322176890824,60.444349032067656,70.10099792480469,0.3252290041832471,2.212052083372837
H. glutinosa,3,800,7,1500,0.3281788460510204,54.42921935626341,60.05541229248047,0.3264453044849668,2.2248765003869484
H. glutinosa,3,800,8,1500,-0.2625032025796368,48.691130540209826,49.96942901611328,0.32248147371662594,2.2240329013122393
H. glutinosa,3,800,9,1500,15.411621218724955,268.35755483390926,399.8161010742187,0.2820261820698142,2.1603672785238888
H. glutinosa,3,800,10,1500,12.838138485183837,235.105034151611,399.86227416992193,0.16321837999731453,1.89165873274389
H. glutinosa,3,800,11,1500,11.055461835552826,216.97758118754305,400.0397338867187,0.1198845965262728,1.7801686316411942
H. glutinosa,3,800,12,1500,12.536745490053828,255.8594204675462,499.8532104492187,0.0986206625902108,1.7137680694283917
H. glutinosa,3,800,13,1500,14.638617409603587,290.80496552932374,600.0733642578125,0.08933423990157956,1.6968670364223362
H. glutinosa,3,800,14,1500,16.640893274390397,363.04901949046285,800.09515380859375,0.06975447975842894,1.6429221560276492
H. glutinosa,3,800,15,1500,16.761877587792135,500.6120745272896,1149.864501953125,0.0456432549408822,1.5693276421124465
H. glutinosa,3,800,16,1500,18.565050531395556,630.3316431432588,1500.0361328125,0.03702019887578529,1.540219939604751
H. glutinosa,3,800,17,1500,6.343189217319792,192.63659458905195,400.08154296875,0.055881339523339825,1.6111021026932286
H. glutinosa,3,800,18,400,8.272387282333522,221.64400866061945,393.48297119140625,0.09333813045619807,1.7601551141648089
H. glutinosa,3,800,19,400,1.3407974395835205,80.308134956382915,107.495361328125,0.11556231985141122,1.8284720612464151
H. glutinosa,3,800,20,400,1.4563056118510194,76.23508822957936,98.2513427734375,0.16557685871624933,1.960302613494132
H. glutinosa,3,800,21,400,1.3159247605670297,72.32390025604121,88.92359161376953,0.22033263455392907,2.0888450087327364
H. glutinosa,3,800,22,400,0.979158288899242,67.44851410467521,79.6366195678711,0.25225997626018937,2.157564237254206
H. glutinosa,3,800,23,400,0.6527953782510385,61.42663260186129,70.46928405761719,0.262295952828743,2.1895312966369964
H. glutinosa,3,800,24,400,0.23879590573727827,55.62602395945312,61.050655364990234,0.26085635947350416,2.183659913481097
H. glutinosa,3,800,25,400,-0.1762510973348091,50.03410450596914,51.8560905456543,0.25235006412308025,2.175701397795783
H. glutinosa,3,800,26,400,9.89130551340187,278.5951559703521,387.7482299804687,0.20849791037512405,2.0956443350996996
H. glutinosa,3,800,27,250,5.022303164284133,214.64204463235544,386.7785034179687,0.054118650931443205,1.6667363338721044
H. glutinosa,3,800,28,250,0.5739429306245367,79.79249277759202,106.13294982910156,0.05333251609699556,1.6672818301680965
H. glutinosa,3,800,29,250,0.638110508919383,73.6014261647066,97.21900939941406,0.06633138832716706,1.7125119476756665
H. glutinosa,3,800,30,250,0.6622771326133444,69.55115210181671,88.78605651855469,0.08847996992016262,1.7860548039438435
H. glutinosa,3,800,31,250,0.5907375763088023,65.75071396943314,79.79217529296875,0.12071632385822983,1.879478113502031
H. glutinosa,3,800,32,250,0.37022185866104373,61.67488362666085,70.51055908203125,0.1583856884235152,1.9811850820703547
H. glutinosa,3,800,33,250,0.03983331077023561,56.89063568263826,61.14030456542969,0.19328723384730476,2.0640691092107444
H. glutinosa,3,800,34,250,0.030220600207373105,48.92168995224654,52.503761291503906,0.22230543328472752,2.1144790187857287
H. glutinosa,3,800,35,250,7.924441943350326,293.1536682516759,387.1753234863282,0.19638384822512145,2.0789225234832993
H. glutinosa,3,800,36,150,3.5343710008122566,228.385086522636,386.17092895507807,0.04146619885563206,1.646923949375283
H. glutinosa,3,800,37,150,0.30905493797810296,83.96394736088281,106.75701904296876,0.03894518710728884,1.6404021484634577
H. glutinosa,3,800,38,150,0.4355325027719072,75.19593433425717,98.16129302978516,0.049669538013011376,1.679105254874652
H. glutinosa,3,800,39,150,0.4218975272099976,72.2517540968199,89.6203384399414,0.06873028461477824,1.7426839393208793
H. glutinosa,3,800,40,150,0.30529243666133965,69.32316550147262,80.52203369140625,0.09759624639559576,1.833505715446736
H. glutinosa,3,800,41,150,0.13330220427161976,64.444327616662,70.97124481201172,0.13504120783896187,1.9389360822678137
H. glutinosa,3,800,42,150,-0.10254730515406901,58.78697937227923,61.65826797485352,0.1769869522439629,2.0451009244922314
H. glutinosa,3,800,43,150,-0.4175092190361436,52.72032861192216,52.15729141235352,0.2027801627155143,2.104298860439216
H. glutinosa,3,800,44,150,5.710100124758734,310.8487690383825,387.3503723144531,0.1797993140505911,2.059247930991696
H. glutinosa,3,800,45,100,2.6291549629861852,249.87503975614624,386.3116149902344,0.03622047509098724,1.6398986841817678
H. glutinosa,3,800,46,100,0.1251279859843747,90.13840651958488,106.86624145507813,0.03340977751144943,1.6298552195617375
H. glutinosa,3,800,47,100,0.17982598858037344,81.88378722097846,97.86930847167967,0.04276018447266823,1.6654857946734118
H. glutinosa,3,800,48,100,0.18257980369394017,76.57921009057594,89.17645263671875,0.0593066896826936,1.7217117026802151
H. glutinosa,3,800,49,100,0.10592510287769713,71.87517687522877,80.177032470703125,0.08269706599242808,1.797389867866645
H. glutinosa,3,800,50,100,-0.08561240852544447,66.76353853060114,70.45878601074219,0.11197253902854631,1.8855901230525776
H. glutinosa,3,800,51,100,-0.2748714007471451,60.37455978796937,61.13698196411133,0.14560527754212527,1.9765714175506728
H. glutinosa,3,800,52,100,-0.5351721912657785,53.813600172049455,51.67509078979492,0.1768991686278725,2.0555833841382993
H. glutinosa,3,800,53,100,4.157987613918318,323.9049958259848,387.22845458984375,0.1651383685988339,2.0312515206940005
F. sonorensis,3,800,1,1500,31.97227579666071,273.71072695576817,400.0431213378906,0.6503218361765519,2.283118974714831
F. sonorensis,3,800,2,1500,24.09745395468493,206.1784837803576,299.94024658203125,0.6685073292091922,2.3145647014898714
F. sonorensis,3,800,3,1500,15.469252264519591,141.40308902926688,200.043701171875,0.7095965861292695,2.356087908314119
F. sonorensis,3,800,4,1500,4.956130265462259,70.34327751493234,89.895416259765625,0.7668521173009345,2.405982848258456
F. sonorensis,3,800,5,1500,4.154185923120568,63.81370334869944,79.86627197265625,0.822969175611686,2.44760905843263
F. sonorensis,3,800,6,1500,3.2993042352260007,57.32222572438012,70.13304901123047,0.867544005848933,2.481024884540355
F. sonorensis,3,800,7,1500,2.292520872175392,50.44783429633824,59.80144119262695,0.90810912858582,2.5109955273414672
F. sonorensis,3,800,8,1500,1.3819841294193413,43.615049815447975,49.98194885253906,0.9437327574448505,2.536271699989156
F. sonorensis,3,800,9,1500,31.23839723938535,300.0840487258524,399.9637145996094,0.9319569351945636,2.534330738825971
F. sonorensis,3,800,10,1500,31.47480095120059,295.68555423743555,400.0191955566406,0.8726493555319919,2.51719273263753
F. sonorensis,3,800,11,1500,31.375916402397966,291.2054604798222,400.0531921386718,0.8057385844881104,2.484026304245999
F. sonorensis,3,800,12,1500,36.73937923907492,362.7042073915805,499.9048156738282,0.7192247280993757,2.4347729436651573
F. sonorensis,3,800,13,1500,40.337911458571256,430.54484978573873,599.88555908203125,0.6042687526194664,2.354916169635544
F. sonorensis,3,800,14,1500,45.58928143631187,569.0602043585368,799.917236328125,0.4666902166987271,2.24208155969638
F. sonorensis,3,800,15,1500,50.244733818075254,825.248512013168,1149.8651123046875,0.34333336709928863,2.118122524868886
F. sonorensis,3,800,16,1500,52.90185094292837,1083.985331453805,1500.05419921875,0.27113441025771395,2.0379897245269967
F. sonorensis,3,800,17,1500,22.46905460199816,231.64226017646197,399.9344787597656,0.27375740054799397,2.0432241641585716
F. sonorensis,3,800,18,400,15.272812473257565,299.6085654013768,394.69534301757807,0.3758216782916872,2.157011420976778
F. sonorensis,3,800,19,400,2.678807339017991,89.46309877555126,107.2304916381836,0.4311196577429058,2.2067181150870456
F. sonorensis,3,800,20,400,2.5615619719051796,82.86381018784081,97.53016662597656,0.5452884835004346,2.3053694059248517
F. sonorensis,3,800,21,400,1.9154952750253098,76.3747152833042,87.28719329833984,0.6349280230748482,2.3871844140496106
F. sonorensis,3,800,22,400,1.36761941939464,69.21077491967813,77.42791748046875,0.7054173172154079,2.4385583819326713
F. sonorensis,3,800,23,400,0.7607937431974323,61.744370583557405,67.4211196899414,0.7637662381557835,2.4716084706608235
F. sonorensis,3,800,24,400,-0.001480639968852726,54.334522690255326,57.248394012451165,0.8110504178510112,2.4979044176619354
F. sonorensis,3,800,25,400,-0.753034429814524,46.89531032300618,47.26836395263672,0.8550600375784035,2.5226178647833586
F. sonorensis,3,800,26,400,17.300139722829677,330.43819292900844,393.9597778320313,0.8702063509193477,2.5394162796445015
F. sonorensis,3,800,27,250,11.645860208218215,340.94377454036413,394.0372924804687,0.6984471088531,2.450558482228196
F. sonorensis,3,800,28,250,1.991623160699716,95.35998113455145,106.9404067993164,0.6641541293324631,2.4171060448698265
F. sonorensis,3,800,29,250,1.7522158375367813,87.07952257772415,97.22319793701172,0.7006040548204793,2.438634791598277
F. sonorensis,3,800,30,250,1.1390728151526754,79.45530319356742,87.063720703125,0.7373546587785212,2.4630598198656224
F. sonorensis,3,800,31,250,0.670382944913819,71.5770903582661,77.25304412841797,0.7725351726465048,2.481609252740222
F. sonorensis,3,800,32,250,0.053855261790042075,63.88285209470549,67.31659698486328,0.8034973842326022,2.507952198847983
F. sonorensis,3,800,33,250,-0.5583394315383143,55.91042122459464,57.19899368286133,0.8332240478330916,2.533890382826634
F. sonorensis,3,800,34,250,-1.153864568834827,47.96026030221107,47.213661193847656,0.8585502730660827,2.550327131959391
F. sonorensis,3,800,35,250,12.429071760447101,343.3050251053646,393.8621826171875,0.8433038329037349,2.5447467176340286
F. sonorensis,3,800,36,150,7.394759829953195,343.7063728250306,393.7867431640625,0.43075267770906417,2.245968772854001
F. sonorensis,3,800,37,150,1.0930428506360201,95.58813945553644,106.8000717163086,0.3694335373392391,2.17620267485574
F. sonorensis,3,800,38,150,0.9315678570375827,87.98463592039441,97.22560119628906,0.42750033698141143,2.223742413468935
F. sonorensis,3,800,39,150,0.39947734969289134,81.0823816959065,87.09639739990233,0.5048116684049105,2.300565276592155
F. sonorensis,3,800,40,150,-0.10890272939325746,73.81487741939186,77.280792236328125,0.5760630588535759,2.35690103170964
F. sonorensis,3,800,41,150,-0.4341884462741262,65.4228531886486,67.33150482177734,0.6323203540600066,2.396376347005309
F. sonorensis,3,800,42,150,-0.855644717900744,56.98161133624466,57.159210205078125,0.680011065524847,2.434544249515806
F. sonorensis,3,800,43,150,-1.3522575233251035,48.92720767408321,47.233367919921875,0.7209905092268448,2.46130168611533
F. sonorensis,3,800,44,150,7.82500958341661,354.2116900798328,393.7603759765625,0.7214963360055161,2.4622926271131584
F. sonorensis,3,800,45,100,4.826364219818216,355.22704372357816,393.7681884765625,0.4183689826895533,2.240396717527532
F. sonorensis,3,800,46,100,0.46187303012341596,99.01532341149945,106.82479858398438,0.3751498838898171,2.187308469755793
F. sonorensis,3,800,47,100,0.23990495454190092,91.3159367847062,97.2495346069336,0.438359295949567,2.240801615877528
F. sonorensis,3,800,48,100,-0.0603863421489709,83.05445364009982,87.14647674560547,0.5124463447852422,2.310350661104225
F. sonorensis,3,800,49,100,-0.4765309323298644,75.23644425651325,77.31314849853516,0.5718654163328247,2.354516204183456
F. sonorensis,3,800,50,100,-0.7578214970420585,66.59515234541352,67.35221862792969,0.61947295223038,2.38975983546894
F. sonorensis,3,800,51,100,-1.0728919780171375,57.79995464454217,57.20328140258789,0.6608377760371295,2.4206997180183536
F. sonorensis,3,800,52,100,-1.4442550743056617,49.289147645948916,47.21307373046875,0.6967899356011212,2.4432274904139777
F. sonorensis,3,800,53,100,5.079569416309972,362.18710328650445,393.74700927734375,0.6757365478484529,2.432482990613091
F. cronquistii,3,800,1,1500,17.3027434670466,216.344546726034,399.9307861328125,0.18470925975404567,1.9261098048824643
F. cronquistii,3,800,2,1500,12.70900244244708,167.89165656699325,299.95361328125,0.19114143453023216,1.929765550273878
F. cronquistii,3,800,3,1500,7.437562096948109,123.11535695218184,200.1072235107422,0.19852536287250852,1.9360042403293485
F. cronquistii,3,800,4,1500,0.9830962832807834,75.64718828345036,90.00536346435547,0.2088339802046253,1.946768094230094
F. cronquistii,3,800,5,1500,0.43868374653474607,70.99057192566383,80.00359344482422,0.22050189036985776,1.9592221282602984
F. cronquistii,3,800,6,1500,-0.16428395889611325,66.25664991355252,69.89698791503906,0.2328706063557736,1.9730516823482027
F. cronquistii,3,800,7,1500,-0.7642550633828762,61.19131089004042,59.945045471191406,0.24665296561134575,1.9900990584518297
F. cronquistii,3,800,8,1500,-1.4984246998244932,56.619692199113885,49.92552947998047,0.2601233891134099,2.006499264331651
F. cronquistii,3,800,9,1500,19.889559861510747,244.82921921847029,400.04925537109375,0.2681673966579083,2.012299434016197
F. cronquistii,3,800,10,1500,20.19243814779071,241.80877760220548,399.94720458984375,0.26645081438428864,2.0089704756856372
F. cronquistii,3,800,11,1500,20.253008225876947,238.76637276750984,399.99319458007807,0.26076261177711146,2.0002417347217123
F. cronquistii,3,800,12,1500,24.898972064764887,295.3775833504728,500.0838928222656,0.2498022731758043,1.984481968426204
F. cronquistii,3,800,13,1500,28.546108897411816,350.9773499231428,599.91717529296875,0.23241265423190136,1.9602279274416796
F. cronquistii,3,800,14,1500,34.50764570414267,471.3974872117136,799.9239501953125,0.20977047721456096,1.927654710887
F. cronquistii,3,800,15,1500,41.35146514510686,697.1000018428441,1150.100830078125,0.17922376947685348,1.8801651252990268
F. cronquistii,3,800,16,1500,44.45454194529036,909.8062887895621,1499.9869384765625,0.14415072914006363,1.8179039685318856
F. cronquistii,3,800,17,1500,12.710703559515384,209.94433307945957,400.0590515136718,0.12618177734398284,1.7886294072201707
F. cronquistii,3,800,18,400,7.612885680208528,211.2028166143028,394.2737121582031,0.0759315751081857,1.6800191158062665
F. cronquistii,3,800,19,400,0.22045769139447466,93.33394826163581,107.30091857910156,0.0791642874841968,1.687823515947675
F. cronquistii,3,800,20,400,0.20488005410517351,85.19934329565288,97.582550048828125,0.08899924931347487,1.705577134044841
F. cronquistii,3,800,21,400,0.00956617062669396,79.56836549961332,87.38594055175781,0.10233104580706326,1.7288372492645867
F. cronquistii,3,800,22,400,-0.24164390744064593,74.19965888938796,77.58196258544922,0.11474671479204804,1.7516088612410825
F. cronquistii,3,800,23,400,-0.6441530164001346,69.92682853316306,67.59619903564453,0.128318959752085,1.7752873414159112
F. cronquistii,3,800,24,400,-0.9912388187548381,63.95779653547669,57.453414916992195,0.1410783839528142,1.7955763225692207
F. cronquistii,3,800,25,400,-1.387639016902535,58.13855720925372,47.481746673583984,0.15395117573523495,1.8152821757996864
F. cronquistii,3,800,26,400,10.805823494137144,262.53786291265175,393.8138427734375,0.1653594036628762,1.834835435630186
F. cronquistii,3,800,27,250,7.278421179196687,278.8961839861149,393.9443359375,0.12727851808477017,1.7749698523297557
F. cronquistii,3,800,28,250,0.20839682922818925,96.17307156422146,107.13690185546876,0.11626583078455076,1.755325605769176
F. cronquistii,3,800,29,250,0.179280047863122,87.51171733563653,97.48773193359376,0.12100564679747108,1.7614018776289158
F. cronquistii,3,800,30,250,-0.10078277918594719,81.71039823141047,87.30824279785156,0.12716105718827445,1.7708661523597549
F. cronquistii,3,800,31,250,-0.3198721152785813,75.15265965867017,77.51385498046875,0.133673656993663,1.781644866709161
F. cronquistii,3,800,32,250,-0.7098521943102993,70.32290333638119,67.5748291015625,0.13987626331944364,1.7916639664787215
F. cronquistii,3,800,33,250,-1.0798703231205495,64.63795762045281,57.44461441040039,0.1473495497480857,1.8041028450623853
F. cronquistii,3,800,34,250,-1.4488923360717885,58.72016438092642,47.457786560058594,0.15498066590051765,1.8160032162409625
F. cronquistii,3,800,35,250,7.965623246793428,289.5184624712335,393.74456787109375,0.15887120169321678,1.821370815972914
F. cronquistii,3,800,36,150,4.0730836928098535,283.2296178077088,393.92086791992193,0.07237619071944229,1.674431772927783
F. cronquistii,3,800,37,150,-0.5735165970810024,112.28417799221012,107.13479614257813,0.057241517809727645,1.6438638940884849
F. cronquistii,3,800,38,150,-0.5237535235813559,100.95366019504512,97.54741668701172,0.06158281525104399,1.651092696410924
F. cronquistii,3,800,39,150,-0.6983051207260373,94.18289497138002,87.37318420410156,0.07071072648906343,1.6673296163190972
F. cronquistii,3,800,40,150,-0.9786918546833692,90.20972018272269,77.55381774902344,0.07503661842649804,1.6745433997243526
F. cronquistii,3,800,41,150,-1.00370999066651,80.51672899713928,67.65240478515625,0.07827197558194086,1.6779748319269856
F. cronquistii,3,800,42,150,-1.3236217524669547,76.20889251171793,57.47842025756836,0.0829549166328456,1.6841799104276287
F. cronquistii,3,800,43,150,-1.5052624128780885,68.33184312379571,47.51176452636719,0.09009917999842709,1.6944964706857717
F. cronquistii,3,800,44,150,4.615486016207125,295.09055670129095,393.7455749511718,0.09513384670840934,1.7006161450518993
F. cronquistii,3,800,45,100,2.3427820390394216,298.20441676513184,393.95504760742193,0.049148461544020354,1.6087377109488734
F. cronquistii,3,800,46,100,-0.8546701463555918,128.85030655715866,107.21086883544922,0.038077149431882375,1.586018107910786
F. cronquistii,3,800,47,100,-0.6853616390948446,111.7594714776378,97.59973907470702,0.039194118598584925,1.5862615938171074
F. cronquistii,3,800,48,100,-0.7928775410172773,104.2997026391808,87.41865539550781,0.04283045394962119,1.5927521297200582
F. cronquistii,3,800,49,100,-0.8462497411336711,95.13296319254925,77.6038360595703,0.04627384272470402,1.597410014703346
F. cronquistii,3,800,50,100,-0.9382972235292009,86.6645568983199,67.68391418457031,0.05050354946019517,1.6057031295260094
F. cronquistii,3,800,51,100,-1.1753301575380555,82.10559406659266,57.48439407348633,0.05475311679950546,1.6159467844814062
F. cronquistii,3,800,52,100,-1.2745682961325446,72.50277346495497,47.513450622558594,0.06075776329462635,1.6297796961180575
F. cronquistii,3,800,53,100,3.1852742288513487,296.17627207088077,393.6555786132813,0.06555288360045866,1.6420512446946811
S. hians,3,800,1,1500,19.43197615174595,224.42622762175031,399.9357299804687,0.22271764862013177,1.9806245681074797
S. hians,3,800,2,1500,15.61780408800631,174.3817823214497,299.99298095703125,0.25799004437608475,2.029536975137249
S. hians,3,800,3,1500,11.576684387004603,124.47358180830756,199.9082794189453,0.3423375450732174,2.149676249022741
S. hians,3,800,4,1500,4.703109247915781,59.97754753141733,90.03975677490233,0.3805851306284996,2.2034088188486054
S. hians,3,800,5,1500,3.7937456316910283,51.35776980643254,80.06024169921875,0.31300075507819,2.1341724728403495
S. hians,3,800,6,1500,3.212762726484946,45.20315053655449,70.042236328125,0.31121165417463925,2.123325580141056
S. hians,3,800,7,1500,2.6726328137494106,39.20755680002198,59.86334991455078,0.3212312092856827,2.132876552873175
S. hians,3,800,8,1500,2.0760142623519675,33.174304968408386,50.099239349365234,0.31615455422802236,2.1255988559533727
S. hians,3,800,9,1500,19.25923777583416,224.81232657869492,400.0453796386718,0.22122926263044795,2.0127031199249323
S. hians,3,800,10,1500,14.209642221293034,176.50099607899423,400.1097106933594,0.11716605718886385,1.838756342370354
S. hians,3,800,11,1500,15.801437800251392,185.59659696893743,399.93844604492193,0.1380374605649866,1.8706312197718944
S. hians,3,800,12,1500,21.387969358872386,258.86454303923017,500.0296325683594,0.17021825360703702,1.9247415313342937
S. hians,3,800,13,1500,23.9691611803658,324.1998858645473,600.03399658203125,0.16653513584217097,1.9174145074595872
S. hians,3,800,14,1500,26.622576212077323,398.0785597766264,800.0653076171875,0.12179562409084416,1.8487502947071044
S. hians,3,800,15,1500,31.02866655695945,549.8281133273413,1150.018310546875,0.09196858175956255,1.789159932809067
S. hians,3,800,16,1500,35.170342209900376,719.2977427159483,1500.0107421875,0.07888034074524002,1.7612830278184264
S. hians,3,800,17,1500,10.557830943705527,203.69162141967416,400.0003967285156,0.09909229803296858,1.7970239041970344
S. hians,3,800,18,400,11.20741882556168,220.75375693261552,394.45602416992193,0.12223377275906128,1.831322971490008
S. hians,3,800,19,400,2.8870505884817446,77.26797837846601,107.19345855712892,0.2291891503019924,1.9967198813555296
S. hians,3,800,20,400,3.2930907554054305,72.52387444909628,97.45147705078124,0.3352592906537127,2.1362340178140147
S. hians,3,800,21,400,2.816561511918194,65.27551079535365,87.22467041015625,0.33305748573466765,2.1377599069353455
S. hians,3,800,22,400,2.391628346794493,57.97675100720095,77.38951110839844,0.32613300249001886,2.127729663432314
S. hians,3,800,23,400,1.8803563706850452,51.28730235997646,67.404541015625,0.3237489134532753,2.125013164954071
S. hians,3,800,24,400,1.251244583386661,44.93561792259994,57.22188949584961,0.31321495720471093,2.113078538477537
S. hians,3,800,25,400,0.7951232114184184,37.83672358583042,47.2226448059082,0.3002709290121418,2.091347841601673
S. hians,3,800,26,400,13.859281134569951,254.2761460164003,393.55657958984375,0.2038560667267993,1.956392083247876
S. hians,3,800,27,250,8.270950569096671,208.61826158626656,393.8767395019531,0.08193791956701559,1.7324812161835872
S. hians,3,800,28,250,1.7152857367934824,76.42359345357123,106.92326354980467,0.13449711926752878,1.8269038769854231
S. hians,3,800,29,250,2.3270077198693024,73.67560705291703,97.31840515136719,0.2500318139509638,2.0074168879544594
S. hians,3,800,30,250,2.087779917934037,67.75715520922404,87.16861724853516,0.2903292717249706,2.06483148732892
S. hians,3,800,31,250,1.6902144450597767,60.34345884471176,77.3060073852539,0.2788615147448616,2.05242929861648
S. hians,3,800,32,250,1.2199580841445368,53.46211640016362,67.32514190673828,0.26648238190705253,2.0349990972275847
S. hians,3,800,33,250,0.745809940995233,46.81538704242562,57.17333221435547,0.25936213005792175,2.0208041383188684
S. hians,3,800,34,250,0.33092252434810343,40.13300308965354,47.21188735961914,0.25674956233202495,2.015919926254428
S. hians,3,800,35,250,11.142304908228223,271.0669193595385,393.5352478027344,0.18824458797320875,1.915963931971404
S. hians,3,800,36,150,5.791463392630535,228.5062061763261,393.7211608886718,0.06457898805797939,1.687350667416089
S. hians,3,800,37,150,0.7858607603380868,82.40085968166055,106.89008331298828,0.09282203422022965,1.7422258876170964
S. hians,3,800,38,150,1.3843582608661207,77.54655202236128,97.29915618896484,0.19461931211149255,1.9127677266272076
S. hians,3,800,39,150,1.2798273014234425,71.95718224659254,87.12339782714844,0.2596699462569919,2.0095430844351068
S. hians,3,800,40,150,1.0289690485199696,64.4624847743333,77.31465911865236,0.26604216640625,2.019234982062
S. hians,3,800,41,150,0.6605216468735524,57.37488878718117,67.34944915771484,0.26462852779268053,2.020429297221737
S. hians,3,800,42,150,0.2653325739803585,50.354390072184415,57.19206619262695,0.2646698968641477,2.0216729078947684
S. hians,3,800,43,150,-0.13300685586284441,43.51389523166189,47.1939582824707,0.2643543294966803,2.0201366675278405
S. hians,3,800,44,150,7.726639785985464,308.81206561510123,393.4208068847656,0.2058544066694812,1.936318679284828
S. hians,3,800,45,100,4.534044964458254,257.4597760688636,393.4891052246094,0.0629992143656096,1.675723776705272
S. hians,3,800,46,100,0.39844445785149046,88.28375180785022,106.83406829833984,0.08568756265983235,1.7215584563536686
S. hians,3,800,47,100,0.8103467494425001,81.07249059762235,97.28865814208984,0.1644740253325408,1.8608922685322613
S. hians,3,800,48,100,0.6812722224820251,75.38305752688149,87.11182403564453,0.2295222175570567,1.965390745661789
S. hians,3,800,49,100,0.46097438176111477,68.0704499845143,77.29902648925781,0.2482762423444004,1.9950990178321808
S. hians,3,800,50,100,0.2555012609520344,59.9718503582691,67.33160400390625,0.24865431892658613,1.9968922646177671
S. hians,3,800,51,100,-0.06370667288818849,52.53279368357843,57.19245529174805,0.2477188903941297,1.9992390678780791
S. hians,3,800,52,100,-0.45163725031767527,45.78335306366032,47.184280395507805,0.24639145225657091,1.9936269976979384
S. hians,3,800,53,100,5.692620918243659,326.27463363481013,393.5345458984375,0.20259529340873977,1.926079709225567
S. hians,4,200,1,1500,20.02238160993748,206.15744522172056,399.86712646484375,0.2052947247103439,1.8619706632196904
S. hians,4,200,2,1500,15.632706601555736,161.99416106169923,300.01629638671875,0.23105438970884817,1.9082364382797967
S. hians,4,200,3,1500,11.572836996600339,120.3971513272399,199.9199981689453,0.32142391969302786,2.0408632101508557
S. hians,4,200,4,1500,4.713703224815138,60.44623694886855,90.0143814086914,0.3938063757348038,2.1322902879307226
S. hians,4,200,5,1500,4.22215847107913,54.54526220232257,79.87020111083984,0.4256835835150148,2.1816626548088096
S. hians,4,200,6,1500,3.5885360054014117,48.40380463182159,69.93851470947266,0.43683579038830767,2.205071161194734
S. hians,4,200,7,1500,2.8749773671873387,42.29787454880323,59.91395568847656,0.44294919219745293,2.2178871880737714
S. hians,4,200,8,1500,2.1765385959579984,36.167886539323035,50.097686767578125,0.44453179218048816,2.2187410381320225
S. hians,4,200,9,1500,20.18727058767335,229.64866725892136,399.9793395996094,0.2444220158269263,1.9813398612730089
S. hians,4,200,10,1500,15.444682245262184,180.14466260240255,399.8625793457031,0.13121519556708264,1.778312507463852
S. hians,4,200,11,1500,17.717331837273534,189.3276454085845,399.8306579589844,0.16075362291486991,1.8374088450979904
S. hians,4,200,12,1500,23.411948800706078,255.4595273059308,499.91705322265625,0.1867039322736473,1.896340394333471
S. hians,4,200,13,1500,25.28263091832573,289.7377959741141,599.9180908203125,0.15377742552832974,1.8328811137634913
S. hians,4,200,14,1500,27.497594842668615,362.288493622208,799.89300537109375,0.11445159636790042,1.7757185265842126
S. hians,4,200,15,1500,30.426811347820504,473.7149370378278,1150.089599609375,0.07874250364332987,1.7119486114769242
S. hians,4,200,16,1500,32.58904992112122,608.654325599726,1500.0155029296875,0.06269296006759344,1.6836937215121144
S. hians,4,200,17,1500,9.983750263881737,179.929139568693,399.97705078125,0.08203190269254063,1.7278012573351735
S. hians,4,200,18,400,9.916004288954232,184.29872382177237,386.6947326660156,0.08951838430142592,1.7540955888261234
S. hians,4,200,19,400,2.494123725129734,75.21478536241266,104.10467529296876,0.2054673429410938,1.955368438042933
S. hians,4,200,20,400,2.709948988093578,70.71408335313659,94.8626937866211,0.28344786604022437,2.084151772087789
S. hians,4,200,21,400,2.2839980824824204,64.152716353658775,86.1192855834961,0.2657332769882617,2.061543844548054
S. hians,4,200,22,400,1.8329161576265518,58.22115111168896,76.942626953125,0.26049860243678236,2.0550282268421
S. hians,4,200,23,400,1.3921994580948294,52.8223001155002,67.79290008544922,0.26700820074200193,2.0647802982426366
S. hians,4,200,24,400,0.9685809374175491,46.70441810801281,58.194786071777344,0.27275733227103804,2.0733079207229457
S. hians,4,200,25,400,0.4896330338345346,41.070038669001114,48.86708450317382,0.27695895248970087,2.083748444482073
S. hians,4,200,26,400,12.008734548169835,215.60264026857388,381.2379150390625,0.13974769843322765,1.8804760205072817
S. hians,4,200,27,250,8.54875087312077,195.6478258440044,380.2781372070313,0.08503320659402622,1.7762293336226138
S. hians,4,200,28,250,2.0594858790912802,78.81030603555048,104.73105621337892,0.19584135955067636,1.9651005394924577
S. hians,4,200,29,250,2.2141680600588525,75.24956012630437,95.8242416381836,0.28812925883132046,2.1107204350158573
S. hians,4,200,30,250,1.8822952353684788,68.9348642632135,86.92656707763672,0.2908675446129255,2.1219136804522423
S. hians,4,200,31,250,1.420258534012389,62.51300416177329,77.923858642578125,0.2696139779363198,2.093958188542674
S. hians,4,200,32,250,0.9366332427329025,56.337437551945406,68.484588623046875,0.25490543257073367,2.0736841426042956
S. hians,4,200,33,250,0.4943936789396856,50.08954512259055,58.880863189697266,0.24576557576302335,2.0614726926123548
S. hians,4,200,34,250,0.0957766174364793,43.83412151834966,49.37029266357422,0.24046541888429487,2.057380296766423
S. hians,4,200,35,250,9.87655633075337,236.49188946453248,381.6891479492187,0.13246968795484446,1.8888493738725811
S. hians,4,200,36,150,5.450613333399159,192.9170747644445,380.77142333984375,0.052194008601977704,1.7341379734346265
S. hians,4,200,37,150,0.9827098046916286,80.73434292876004,104.6375732421875,0.11196439068724454,1.851039511253679
S. hians,4,200,38,150,1.514196523793674,77.74626384866163,95.99310302734376,0.23408145696908775,2.05230248996662
S. hians,4,200,39,150,1.1786384843446691,72.26795361252633,86.95976257324219,0.24977382300509127,2.07678149123062
S. hians,4,200,40,150,0.8163287499366596,65.62047613861994,77.89539337158203,0.23209406486363812,2.0505195145219477
S. hians,4,200,41,150,0.4866109652511307,58.61306122727993,68.50208282470703,0.2129835823277597,2.023873573591467
S. hians,4,200,42,150,0.0626090741076124,52.83373800764457,58.893123626708984,0.2049439011431092,2.0084669983445784
S. hians,4,200,43,150,-0.29584727522751536,46.83267180409627,49.414398193359375,0.20719073121116405,2.01089431034631
S. hians,4,200,44,150,7.285924669202786,263.4870082719759,381.6372985839844,0.12300655942323746,1.8745862691985384
S. hians,4,200,45,100,3.6693153115408337,222.50991949127783,379.85687255859375,0.04261036226588205,1.710530332868162
S. hians,4,200,46,100,0.3607920325762578,84.87542235666146,103.5980224609375,0.07772806309952,1.7843196720391716
S. hians,4,200,47,100,0.838186355397005,80.48977685259365,95.16957092285156,0.19108996218531477,1.979393306262922
S. hians,4,200,48,100,0.7384335908243166,74.64982899408872,86.50489807128906,0.23339995276175707,2.0435733461836207
S. hians,4,200,49,100,0.47038109554423324,67.64611606820472,77.39326477050781,0.22208177949005117,2.0289369256492646
S. hians,4,200,50,100,0.13580793496891558,61.16185481736709,68.3116455078125,0.19775812580843063,1.9941606064017396
S. hians,4,200,51,100,-0.13458520745629185,54.323610792983544,58.87173843383789,0.18320227426181765,1.9743850791709263
S. hians,4,200,52,100,-0.464889446225678,48.29809353131562,49.31497573852539,0.18005722158198523,1.96903209787175
S. hians,4,200,53,100,5.420774802347635,280.1626151898802,382.1657104492187,0.10802542073137086,1.846644128843036
F. cronquistii,4,200,1,1500,29.638628537695762,253.04197341796936,399.9560546875,0.4141230791333408,2.8730564846503257
F. cronquistii,4,200,2,1500,22.761477778971035,194.30161861529365,300.0310974121094,0.4503036425142884,2.890345673604403
F. cronquistii,4,200,3,1500,14.20669732958929,142.98443076638378,200.0405731201172,0.5559664473433861,2.937841682794562
F. cronquistii,4,200,4,1500,3.0857937462039833,76.35681659843303,90.08757781982422,0.5901703722726485,2.9712181141192704
F. cronquistii,4,200,5,1500,2.381667522868805,69.01386697293485,79.99266815185547,0.5957617221103892,2.9797384905583604
F. cronquistii,4,200,6,1500,0.9718031799903004,64.51156120768822,69.97312927246094,0.6794627951323077,3.01298719246639
F. cronquistii,4,200,7,1500,-0.15672450725322112,58.25238435145576,59.95232009887695,0.7259375283313283,3.035702252033661
F. cronquistii,4,200,8,1500,-1.249618590132075,51.52951901094419,49.86752700805664,0.7716532861841273,3.0538894911519745
F. cronquistii,4,200,9,1500,31.752352713364825,304.1818740200496,400.03082275390625,0.8206584396011941,3.0676768134065497
F. cronquistii,4,200,10,1500,32.44490707326045,304.15751936974857,400.0848693847656,0.8452362293421701,3.080094367672078
F. cronquistii,4,200,11,1500,32.74119689726116,304.1379357381024,399.9480590820313,0.8578456861885939,3.0907090589410218
F. cronquistii,4,200,12,1500,38.13270375660378,385.71266258701746,499.97210693359375,0.8334944392949347,3.0905802799188824
F. cronquistii,4,200,13,1500,42.145449965680676,466.92539984183014,600.14031982421875,0.7768513535045796,3.084119124919263
F. cronquistii,4,200,14,1500,47.07903545993702,632.6958822496474,800.076904296875,0.6683201763705496,3.060219878774078
F. cronquistii,4,200,15,1500,51.97993871487611,946.2250980068654,1150.08349609375,0.5994458884033586,3.029922191460355
F. cronquistii,4,200,16,1500,53.97412716867759,1264.4695233483772,1499.8941650390625,0.5326984757921417,3.005105908787489
F. cronquistii,4,200,17,1500,28.78648842746607,275.294295238371,400.0170593261718,0.5133295739969077,2.437549722034717
F. cronquistii,4,200,18,400,12.074306404696946,310.53653144823437,395.7468872070313,0.3073257851786393,2.3034373465650715
F. cronquistii,4,200,19,400,2.0929744633388996,91.05855840508929,108.4707260131836,0.3073436902757972,2.2975163769374922
F. cronquistii,4,200,20,400,1.8421314173632075,83.85373731823,98.8375244140625,0.3275157803495562,2.310459211588808
F. cronquistii,4,200,21,400,1.4226384693123464,76.95276439675752,88.636627197265625,0.3554352732436162,2.329557957569399
F. cronquistii,4,200,22,400,1.0187163147027072,70.06138676214889,78.84129333496094,0.38817996020949974,2.3508662395507853
F. cronquistii,4,200,23,400,0.31623659418704725,64.02926006589796,68.90607452392578,0.4237127390626522,2.37519970815815
F. cronquistii,4,200,24,400,-0.40426181487617996,57.44107091235669,58.786476135253906,0.4603960605979171,2.3961868406283906
F. cronquistii,4,200,25,400,-1.1027537847256226,50.53766732227665,48.86818313598633,0.5020358751606787,2.4206930392520736
F. cronquistii,4,200,26,400,13.712803163338712,330.951454017625,395.4493408203125,0.5336599132352909,2.435850112769913
F. cronquistii,4,200,27,250,8.81382313642699,345.91417942384595,395.63287353515625,0.47075919253753834,2.4024939000660086
F. cronquistii,4,200,28,250,1.6684392715461336,96.48871361763142,108.6589813232422,0.42358075596652617,2.3750267641634273
F. cronquistii,4,200,29,250,1.2337781658117617,89.07292443456025,98.98310089111328,0.4256493173316605,2.3788161895421656
F. cronquistii,4,200,30,250,0.8170505523948914,81.5604207092748,88.99492645263672,0.4544235069755069,2.3918409736896136
F. cronquistii,4,200,31,250,0.4986302308354839,73.45547397246243,79.22835540771484,0.4709201645459311,2.4123753764303837
F. cronquistii,4,200,32,250,-0.04740553035543793,66.08483547540727,69.247772216796875,0.49675795756697544,2.4275670964378513
F. cronquistii,4,200,33,250,-0.5037336763003684,58.16429061732909,59.197261810302734,0.5177737991454584,2.432388090747467
F. cronquistii,4,200,34,250,-1.0668772668581956,50.657384977352,49.31704330444336,0.5400535660081743,2.444676128244726
F. cronquistii,4,200,35,250,9.330537564025134,348.7713803614555,395.64739990234375,0.5599923298893216,2.452674602161176
F. cronquistii,4,200,36,150,5.284176971032616,359.1314456331423,395.7952575683594,0.44318021347092834,2.3909900146246947
F. cronquistii,4,200,37,150,0.6427089965106512,101.03367319545892,109.09117889404295,0.3789809799690516,2.3482723014900113
F. cronquistii,4,200,38,150,0.3115734648261042,93.35268844371423,99.4400634765625,0.3787426013164558,2.3446562716016777
F. cronquistii,4,200,39,150,0.3584014209056986,83.47961657630184,89.33552551269531,0.39835253198047194,2.354716728482148
F. cronquistii,4,200,40,150,-0.1472184948598245,76.44859334545932,79.561553955078125,0.41927034650189554,2.365486307152285
F. cronquistii,4,200,41,150,-0.33446462113339653,67.65446846174068,69.62238311767578,0.446433457190345,2.3827090260456316
F. cronquistii,4,200,42,150,-0.7244111524812169,59.4944645405642,59.56035614013672,0.4704658791111655,2.3989461967531533
F. cronquistii,4,200,43,150,-1.1195709073608935,51.33845510081276,49.6051139831543,0.4970746117885979,2.412586418777457
F. cronquistii,4,200,44,150,5.780511499025631,360.5398684504394,395.9278259277344,0.5170610287158733,2.420025647322356
F. cronquistii,4,200,45,100,3.070068543040316,368.4633543883092,396.0648193359375,0.42096298874658594,2.3680442200168037
F. cronquistii,4,200,46,100,0.12328834301748018,103.67063647867714,109.22847747802734,0.36830999165389694,2.335032396411785
F. cronquistii,4,200,47,100,-0.050859982718893276,95.23001514550224,99.5755615234375,0.3721981150866107,2.3344937081723036
F. cronquistii,4,200,48,100,-0.1347059591678791,85.8344952797502,89.40355682373047,0.3879850871626151,2.3414914190600395
F. cronquistii,4,200,49,100,-0.39925624800920034,77.61105640417982,79.57293701171875,0.4068425670142222,2.3474462265265754
F. cronquistii,4,200,50,100,-0.6384682910767074,69.04213233729332,69.67743682861328,0.4288339127549411,2.3624675098951267
F. cronquistii,4,200,51,100,-0.9123271626329184,60.35867124391292,59.54823684692382,0.4500303239930918,2.371772701854061
F. cronquistii,4,200,52,100,-1.1267047668785137,51.51315959473492,49.63090896606445,0.4729008309682858,2.385960086768173
F. cronquistii,4,200,53,100,3.607911519683452,367.9169908282475,395.9065856933594,0.4836496505760601,2.389972517696442
F. sonorensis,4,200,1,1500,30.22783826208847,243.6911104814948,400.014404296875,0.4326381851766692,2.2122469956827553
F. sonorensis,4,200,2,1500,22.49710788731345,186.40619976793937,299.95269775390625,0.4510685436488033,2.2276415559368323
F. sonorensis,4,200,3,1500,14.74142572867214,133.82371942597345,199.8907165527344,0.5478440754947246,2.3284339897258177
F. sonorensis,4,200,4,1500,4.832047915218497,69.06664675114581,90.01407623291016,0.6693386641485339,2.414512669297139
F. sonorensis,4,200,5,1500,4.31648866267346,62.967452556090485,80.06682586669922,0.7935357162494794,2.4958691035342344
F. sonorensis,4,200,6,1500,3.38417098079363,56.82728067966444,70.16331481933594,0.8631600531524618,2.536721022143407
F. sonorensis,4,200,7,1500,2.454838384887555,50.00734811333702,60.14173126220703,0.9007528349397764,2.56132974162999
F. sonorensis,4,200,8,1500,1.3246818964164113,43.3450956290599,49.94002532958984,0.9206172182931938,2.57379515002016
F. sonorensis,4,200,9,1500,33.11204692242204,286.76809623895514,399.9815979003906,0.8094438603115937,2.5232849104453345
F. sonorensis,4,200,10,1500,30.633430413517615,260.4416338607299,399.9093017578125,0.5213394249298517,2.3274180969318405
F. sonorensis,4,200,11,1500,27.835495210011327,240.57105520501776,399.9391174316406,0.38093106087811635,2.191101143354099
F. sonorensis,4,200,12,1500,31.68320159139747,273.57093157751683,500.0270080566406,0.28548442539093516,2.084965305102058
F. sonorensis,4,200,13,1500,33.370598091389176,300.2660103190642,600.009033203125,0.2159504598643789,1.9958905855345948
F. sonorensis,4,200,14,1500,38.610368645105446,374.49949566049173,799.96905517578125,0.1698710849549288,1.936822797714849
F. sonorensis,4,200,15,1500,42.54983958603181,491.6316987134277,1150.045166015625,0.11560890880251372,1.8557748763571729
F. sonorensis,4,200,16,1500,46.71847634027668,594.665890847443,1500.2237548828125,0.08994703709227715,1.8139267493209048
F. sonorensis,4,200,17,1500,13.337355549329617,185.50806832222537,400.1784057617187,0.11416406896437588,1.856132595381816
F. sonorensis,4,200,18,400,13.288000605665424,236.46785524256092,385.7757568359375,0.17443940915448347,1.929673336567852
F. sonorensis,4,200,19,400,1.679645492720624,86.11745230302654,102.65887451171876,0.3082893791815731,2.0953869640754563
F. sonorensis,4,200,20,400,1.75992908467822,81.42983679616063,94.01490783691406,0.49155329939439113,2.277703124167965
F. sonorensis,4,200,21,400,1.2922677954467832,75.28956973225111,84.79647064208984,0.575200025429876,2.35104295203145
F. sonorensis,4,200,22,400,0.8031034345260417,68.98956394733868,76.066680908203125,0.6259839465711403,2.3856220802767782
F. sonorensis,4,200,23,400,0.3062607702637377,62.10962301291616,67.0160140991211,0.6656103975183562,2.415921584343232
F. sonorensis,4,200,24,400,-0.26961274986297556,55.313720251143735,57.93619155883789,0.7026856778789583,2.439924370532564
F. sonorensis,4,200,25,400,-1.0064349975594067,48.71699119352996,48.684429168701165,0.7452047470489398,2.464560679245158
F. sonorensis,4,200,26,400,17.04675454197649,306.97770508409275,381.7740478515625,0.6283390522854444,2.4001585198029063
F. sonorensis,4,200,27,250,9.176218128949738,244.9348175657885,380.9867248535156,0.1309463288650146,1.8654792909566311
F. sonorensis,4,200,28,250,0.6768638395885158,86.51612815329757,103.74379730224608,0.13804955938740202,1.872441809373646
F. sonorensis,4,200,29,250,0.882981481637388,80.95427481522269,95.2356185913086,0.21495747243298177,1.9750508170221
F. sonorensis,4,200,30,250,0.67824999840462,76.43214806401822,86.15271759033203,0.3190398077389384,2.101041427901946
F. sonorensis,4,200,31,250,0.38566886343372936,70.51807939727625,77.1895980834961,0.42607178949917224,2.2073968088873515
F. sonorensis,4,200,32,250,-0.04890067794633973,63.977620013091915,68.10951232910156,0.486936192868624,2.2578201182379853
F. sonorensis,4,200,33,250,-0.6415209012553409,57.36202578387049,58.7158088684082,0.5432124985448568,2.299919314847793
F. sonorensis,4,200,34,250,-1.2023450310797181,50.23188293394893,49.252193450927734,0.5897784544905496,2.340522254302923
F. sonorensis,4,200,35,250,12.047295719616692,312.33970336996157,381.5977478027344,0.45580468380755845,2.2352213220018893
F. sonorensis,4,200,36,150,5.505855690963618,238.74836575151505,380.54006958007807,0.07281265590873463,1.7327930330379753
F. sonorensis,4,200,37,150,0.10708070644917284,91.27021575078658,103.68978881835938,0.09843130787573484,1.7743598505423288
F. sonorensis,4,200,38,150,0.33776992819752977,84.27767749616527,94.95628356933594,0.1851653591029351,1.9043775891555417
F. sonorensis,4,200,39,150,0.2275849697356193,78.87914761285839,85.95398712158203,0.3175591957160362,2.069465576240007
F. sonorensis,4,200,40,150,-0.2652850555008143,73.21115268478925,76.90140533447266,0.40147000915426606,2.1663158129464573
F. sonorensis,4,200,41,150,-0.541468025800045,65.74045091532155,67.7737045288086,0.4140721709809458,2.179297405245583
F. sonorensis,4,200,42,150,-1.01799126123073,58.915401613572,58.4246940612793,0.43471238521733846,2.194810195575934
F. sonorensis,4,200,43,150,-1.4157358768614223,51.58301948259529,49.10179901123047,0.45851959899006206,2.2147704902049443
F. sonorensis,4,200,44,150,7.589666413752137,320.8902262514709,382.058349609375,0.31925396906331216,2.0853686887444347
F. sonorensis,4,200,45,100,3.8003020043838247,248.1602962109732,380.82229614257807,0.05394293943409519,1.6853680013983976
F. sonorensis,4,200,46,100,-0.2691489381385467,96.2932018572911,103.00070190429688,0.07259513147656775,1.7150489346859976
F. sonorensis,4,200,47,100,-0.1534185940308328,87.934287539614,94.58867645263672,0.1425582565190642,1.8229915797194696
F. sonorensis,4,200,48,100,-0.20736577366912937,81.12145223708193,85.8924560546875,0.2561707928543183,1.9760037560985655
F. sonorensis,4,200,49,100,-0.43915639988341304,74.10887418965393,76.9393310546875,0.3419944155354249,2.0748675435227195
F. sonorensis,4,200,50,100,-0.7950260759574279,67.35583398882837,67.9666748046875,0.35324894428443876,2.089899753250647
F. sonorensis,4,200,51,100,-1.1619487869455405,60.17592819340854,58.56233978271485,0.3662811217922944,2.098879592052719
F. sonorensis,4,200,52,100,-1.4532360499573627,52.50041910495544,49.189937591552734,0.3818971890867602,2.1132104697282483
F. sonorensis,4,200,53,100,-144.34113520500551,-186648.4900804119,381.9640197753906,-0.0012049673275687245,1.5573285339469294
H. glutinosa,4,200,1,1500,14.42812918111322,236.92541147065327,400.0040588378906,0.18698089084794703,1.8977454346710871
H. glutinosa,4,200,2,1500,10.684255547941364,184.59961490471576,299.89093017578125,0.20097739558214076,1.9402415833578417
H. glutinosa,4,200,3,1500,6.6925587922690415,133.50582957014072,200.2033538818359,0.23023891268788343,2.007744277434467
H. glutinosa,4,200,4,1500,1.360167380055939,74.50129153114318,90.115509033203125,0.2679239406419689,2.0882462164011666
H. glutinosa,4,200,5,1500,0.9498461941362808,68.64604552811284,79.89942932128906,0.3044689623855654,2.159314894831332
H. glutinosa,4,200,6,1500,0.5721689303257557,62.15332101258363,70.09478759765625,0.3306554891466908,2.210252566512645
H. glutinosa,4,200,7,1500,0.022223428470511064,56.00014843136697,59.96854782104492,0.34642957615444414,2.2495112754028086
H. glutinosa,4,200,8,1500,-0.5337148946386003,49.864433877365265,50.029823303222656,0.3560553583300213,2.2716968272156226
H. glutinosa,4,200,9,1500,14.691630568943623,281.2339683808738,399.9584655761718,0.29883773437258293,2.1946706449974154
H. glutinosa,4,200,10,1500,13.678962704826043,246.43176018573757,399.9073486328125,0.18979027807922588,1.9785290481237896
H. glutinosa,4,200,11,1500,13.295781650936172,239.6646493309052,399.90777587890625,0.17290950644269248,1.9377359897440185
H. glutinosa,4,200,12,1500,16.66594390112814,301.65285375812635,499.9953002929687,0.17482924832593058,1.950550974048092
H. glutinosa,4,200,13,1500,19.054150546457663,362.458900788833,599.8858642578125,0.16514884298773147,1.937958663264464
H. glutinosa,4,200,14,1500,22.344104097683466,489.0686181038708,800.02264404296875,0.14500487372876988,1.9020394964928564
H. glutinosa,4,200,15,1500,25.282090026407165,724.6794879395443,1150.0833740234375,0.11686246288231078,1.836592692720573
H. glutinosa,4,200,16,1500,25.874920149049913,938.3351670621328,1499.863037109375,0.08729383262230726,1.7578714374030533
H. glutinosa,4,200,17,1500,6.9477726006925336,221.6237245717707,399.9010009765625,0.07335217917556856,1.7243932263690511
H. glutinosa,4,200,18,400,7.461103933166925,219.0921869321625,386.9089965820313,0.08463652680486387,1.7713425937396388
H. glutinosa,4,200,19,400,0.9036382925705242,83.08035509609147,103.33238983154295,0.12258926993566528,1.8841405487047744
H. glutinosa,4,200,20,400,1.0797478331633013,78.49523934380919,94.487701416015625,0.2016999537150554,2.081686769089356
H. glutinosa,4,200,21,400,0.914180589275451,73.04597201027259,85.6082992553711,0.24333857007189316,2.1715038075389894
H. glutinosa,4,200,22,400,0.7076013023354798,66.70215956185632,76.73299407958984,0.26662402115152206,2.22254356349475
H. glutinosa,4,200,23,400,0.2534388244492729,61.43504871358581,67.50474548339844,0.284095377824063,2.2578899836370256
H. glutinosa,4,200,24,400,-0.1359657366971177,55.33312271552428,58.22706604003906,0.2991762603695782,2.2881746988756495
H. glutinosa,4,200,25,400,-0.5340811380116013,49.06377836401396,48.91876220703125,0.3116764943297174,2.3114183115793856
H. glutinosa,4,200,26,400,10.435261873657808,291.4768292415453,381.397705078125,0.2884022897015178,2.286430503503506
H. glutinosa,4,200,27,250,7.141681201350401,262.3269587855406,380.39553833007807,0.12507301705598323,1.944042321283341
H. glutinosa,4,200,28,250,0.8233248400836168,82.83244874022039,103.8087158203125,0.10770556474585548,1.90282573267963
H. glutinosa,4,200,29,250,0.6660760765394345,77.62651660441742,95.25402069091797,0.11214668816627568,1.9185496593275169
H. glutinosa,4,200,30,250,0.5342807574206301,72.07360906146917,86.10358428955078,0.12679961769261475,1.9604025913318768
H. glutinosa,4,200,31,250,0.33683255221347447,67.52559024662764,77.2117691040039,0.1537866392003446,2.0236351976777804
H. glutinosa,4,200,32,250,0.14064984681316195,61.78147464902697,68.06585693359375,0.18903241886910793,2.0978467094712685
H. glutinosa,4,200,33,250,-0.17822708003896864,55.8319708684425,58.52652359008789,0.2237791528079076,2.1715792607398616
H. glutinosa,4,200,34,250,-0.5453976062733472,49.68615727296742,49.10472106933594,0.2535812731498822,2.232262407294649
H. glutinosa,4,200,35,250,8.545621625130485,298.25705257073423,381.1011962890625,0.2524309235144893,2.2365327962478623
H. glutinosa,4,200,36,150,5.489112522538157,281.49526196793045,379.977783203125,0.11812310097008552,1.952962986699684
H. glutinosa,4,200,37,150,0.38888670242218515,87.86668104322769,103.44764709472656,0.08984940903464635,1.8772080431641371
H. glutinosa,4,200,38,150,0.33168432558025784,80.40412207113586,95.10749053955078,0.08546976334419196,1.8665930734949652
H. glutinosa,4,200,39,150,0.19018616792735746,74.89287901602187,86.13341522216797,0.0896320284211158,1.8816940253823995
H. glutinosa,4,200,40,150,0.06647637672214232,68.86587458435429,76.85181427001953,0.10137872385503624,1.9163696628087057
H. glutinosa,4,200,41,150,-0.08414117786348718,62.97716130831566,67.70726013183594,0.12148065281396114,1.9714144483753917
H. glutinosa,4,200,42,150,-0.29740288707989626,56.95559166294627,58.406864166259766,0.15244970066519678,2.045305968942703
H. glutinosa,4,200,43,150,-0.546562654671602,50.25976178016394,49.06665802001953,0.19360067367283632,2.1358093770214763
H. glutinosa,4,200,44,150,6.171756738667658,308.98727298442094,381.1841125488282,0.20856836098042217,2.1727638760841654
H. glutinosa,4,200,45,100,3.977911155129148,294.26950889950126,380.09762573242193,0.0995629116050018,1.9263413186986
H. glutinosa,4,200,46,100,0.2686861859341448,88.50045110677095,103.6071548461914,0.07329331214437813,1.8477075487340335
H. glutinosa,4,200,47,100,0.1517140161950708,82.59262776161216,95.184722900390625,0.06930893194810571,1.835602366400111
H. glutinosa,4,200,48,100,0.08309545082566297,75.69995858730154,86.050384521484375,0.07267700642760566,1.847259556405712
H. glutinosa,4,200,49,100,-0.04418959973059186,70.13436891646937,76.809478759765625,0.08218691495434467,1.87733738663439
H. glutinosa,4,200,50,100,-0.15849886054287768,64.00680287235181,67.8287353515625,0.0979550312685099,1.9213286487288423
H. glutinosa,4,200,51,100,-0.34064609900742293,57.77258497229899,58.396881103515625,0.12102418773333436,1.9801073794857948
H. glutinosa,4,200,52,100,-0.5542728620669666,51.10441462049962,49.157318115234375,0.15243699974924466,2.0596325418248016
H. glutinosa,4,200,53,100,4.580436589762528,315.3837839503726,381.2081604003906,0.16896399111755753,2.101393503197003
F. angustifolia,1,200,1,1500,26.206551260632512,267.5461951666361,399.9999084472656,0.4558718841595707,2.5466128449584793
F. angustifolia,1,200,2,1500,19.54207136049431,207.5938663951536,300.0558776855469,0.49972963645523855,2.56151358032634
F. angustifolia,1,200,3,1500,12.93095885624593,139.56686927403567,199.91116333007813,0.5179166091062649,2.6176470795922215
F. angustifolia,1,200,4,1500,5.104514117249225,66.72637340049324,90.07627868652344,0.5617986539340293,2.636682966985798
F. angustifolia,1,200,5,1500,4.2822429624453555,60.942175248094614,80.04371643066406,0.6013949662191157,2.7000474612910765
F. angustifolia,1,200,6,1500,3.7956444579937125,53.93058322297847,70.10582733154297,0.6475962649953689,2.723569576484384
F. angustifolia,1,200,7,1500,2.7851912407198856,47.93852054845459,59.83919525146485,0.6901288418210765,2.773207664572168
F. angustifolia,1,200,8,1500,1.9700575622255778,41.43887205162098,50.03739547729492,0.7298762816332787,2.8103279188818706
F. angustifolia,1,200,9,1500,25.975574572639115,305.6298250935616,400.0769653320313,0.7545965134965836,2.8315707332697055
F. angustifolia,1,200,10,1500,27.535115802628155,301.58501361502977,400.1580810546875,0.7647576985627,2.8474875742606236
F. angustifolia,1,200,11,1500,27.50210546262093,301.51561178695,400.0164794921875,0.7640433791460364,2.859661362470768
F. angustifolia,1,200,12,1500,32.28375022259988,379.5910138597706,500.231201171875,0.7205478321163378,2.8598965016070577
F. angustifolia,1,200,13,1500,35.68864452778657,469.16835391496153,600.08270263671875,0.7452137212246386,2.8422818585840286
F. angustifolia,1,200,14,1500,39.78761861489765,647.2689711776499,799.95245361328125,0.7182647395375413,2.846176692581677
F. angustifolia,1,200,15,1500,41.865154795558034,968.2506280057383,1150.1580810546875,0.639769625982147,2.8461458194893785
F. angustifolia,1,200,16,1500,41.946571835681965,1312.3288019067195,1499.94189453125,0.6519218253443377,2.829336188133457
F. angustifolia,1,200,17,1500,24.84904632976762,300.3436933276491,399.9207763671875,0.6405615756788088,2.8349696377048383
F. angustifolia,1,200,18,400,14.232453724113297,320.80796457243144,394.9162902832031,0.4758337027086734,2.768857416551094
F. angustifolia,1,200,19,400,3.1620983062929944,89.63242352155105,107.33904266357422,0.47976778130665776,2.78149296962269
F. angustifolia,1,200,20,400,2.9850669747458496,81.63152470240952,97.6461639404297,0.5105842234362863,2.807103584933211
F. angustifolia,1,200,21,400,2.5391989842125433,74.07077447470168,87.44239807128906,0.5422057402354047,2.8328299627552043
F. angustifolia,1,200,22,400,2.098456117593376,66.67003347419833,77.6341323852539,0.5736433027116677,2.8579595468772454
F. angustifolia,1,200,23,400,1.5235872899172669,59.42618384504205,67.66827392578125,0.604761563881288,2.8826053675979058
F. angustifolia,1,200,24,400,0.773884577977263,52.44346162534825,57.50871658325195,0.6368250841129355,2.9036658707107708
F. angustifolia,1,200,25,400,0.2323365914640303,44.708855211125,47.53767776489258,0.6646275728083847,2.9252667530529144
F. angustifolia,1,200,26,400,15.578804806517436,330.5991727053615,394.3443908691406,0.6786748614832503,2.935531177365454
F. angustifolia,1,200,27,250,10.82136506572785,344.0284017321183,394.4868469238282,0.6088925700581304,2.919760595081243
F. angustifolia,1,200,28,250,2.5447135284032356,94.09865439792921,107.24813842773438,0.5863531722328027,2.9113825706741774
F. angustifolia,1,200,29,250,2.306279994624524,85.46436654981251,97.61054229736328,0.5743324300581217,2.912014563173696
F. angustifolia,1,200,30,250,1.7960476761739383,77.69100603707608,87.47354888916016,0.5894668393947796,2.9270506930123372
F. angustifolia,1,200,31,250,1.3481268773343182,69.98027187089967,77.68180847167967,0.6109158767187594,2.9450389773028873
F. angustifolia,1,200,32,250,0.850520578096461,62.13945341197217,67.708160400390625,0.623574185117331,2.9579455375741235
F. angustifolia,1,200,33,250,0.34383167477981025,54.094063093424445,57.605609893798835,0.614872901244761,2.961082840790856
F. angustifolia,1,200,34,250,-0.20124204489201736,46.39494642383302,47.65890121459961,0.6549721408723704,2.9846208340175946
F. angustifolia,1,200,35,250,11.471740597866743,343.6716014065032,394.3748168945313,0.6448072800668472,2.9853931857208953
F. angustifolia,1,200,36,150,6.990183475297134,353.7624471502511,394.57229614257807,0.48638644938307546,2.92178966708314
F. angustifolia,1,200,37,150,1.3481175410529458,97.27522478275468,107.35055541992188,0.43631300133297074,2.898691890513175
F. angustifolia,1,200,38,150,1.1664301381784623,88.77043383652997,97.69844055175781,0.43962858909046343,2.904704703098687
F. angustifolia,1,200,39,150,0.8663670940767043,80.42602760492852,87.562896728515625,0.454454619908954,2.9172525079693004
F. angustifolia,1,200,40,150,0.529949563375884,72.4991867675707,77.75542449951172,0.4729300190319165,2.933379528967256
F. angustifolia,1,200,41,150,0.21167707216364676,64.27632212959493,67.81482696533203,0.4935940066759289,2.9473355390831277
F. angustifolia,1,200,42,150,-0.2285775080574824,56.31486673714173,57.71689224243164,0.5204320325697473,2.9665230024873743
F. angustifolia,1,200,43,150,-0.6227199158041741,48.14454088757056,47.74064254760742,0.5470583231099547,2.9844609823292996
F. angustifolia,1,200,44,150,7.435702870601317,354.1510122618085,394.37786865234375,0.5326305705754955,2.9791854211911266
F. angustifolia,1,200,45,100,4.75052075715963,358.2676000270627,394.4996643066406,0.36358307730102846,2.8894945809090276
F. angustifolia,1,200,46,100,0.69775600613624,99.34205470196596,107.42529296875,0.32191971190128776,2.865045792615434
F. angustifolia,1,200,47,100,0.5953676310582374,90.75195253525469,97.75118255615236,0.3370439478506036,2.8715287484992293
F. angustifolia,1,200,48,100,0.4582458676968325,81.89958377782948,87.61759185791016,0.36868990845137034,2.900220547784527
F. angustifolia,1,200,49,100,0.13754140614247415,74.22275480170306,77.87210845947266,0.4020999048347126,2.926496894580894
F. angustifolia,1,200,50,100,-0.1769816182398176,66.09053973100957,67.90290832519531,0.4287838855924187,2.9411766112470215
F. angustifolia,1,200,51,100,-0.5356608809521453,57.86811902784744,57.822288513183594,0.4572868861429508,2.9632610988493253
F. angustifolia,1,200,52,100,-0.881741145480781,49.517477454507826,47.832271575927734,0.49201909473516686,2.9883451710162334
F. angustifolia,1,200,53,100,4.8359361483208465,363.244085770115,394.57904052734375,0.4744062844750589,2.9633971938890755
F. angustifolia,2,800,1,1500,24.883086145089404,255.9875770167477,399.90087890625,0.38022382279184513,1.9026368544336585
F. angustifolia,2,800,2,1500,18.823697768918446,194.98220263528648,300.08837890625,0.40026845177854753,1.9329870610867947
F. angustifolia,2,800,3,1500,11.848454212217451,136.95774532958035,199.86178588867188,0.4381197953339062,1.9715669405843073
F. angustifolia,2,800,4,1500,3.603692435505277,70.16910527256431,89.96263122558594,0.48469224614492035,2.0199681337825313
F. angustifolia,2,800,5,1500,3.1625363821906682,63.44894901808775,80.02196502685547,0.5315310849767866,2.0745111222882406
F. angustifolia,2,800,6,1500,2.2634533773518326,57.887969130334326,69.9534683227539,0.5762547773376119,2.1200614086864515
F. angustifolia,2,800,7,1500,1.5694100852656336,51.26683388927983,60.07552719116211,0.6129000841810921,2.1555664114526736
F. angustifolia,2,800,8,1500,0.7608925664080062,44.646095918929845,50.07588577270508,0.6459996693864573,2.187777252267522
F. angustifolia,2,800,9,1500,25.383361987434572,299.0357778558848,399.94827270507807,0.659129368563491,2.205947985723469
F. angustifolia,2,800,10,1500,25.88921807408412,297.5454382774016,399.8988037109375,0.6619960520586514,2.219775923625275
F. angustifolia,2,800,11,1500,26.100181522549953,296.63328342642745,399.81546020507807,0.6608018380262606,2.229623642468825
F. angustifolia,2,800,12,1500,30.63976202826965,376.9929156081725,499.8718566894531,0.6542172549503611,2.2346783206143592
F. angustifolia,2,800,13,1500,33.68176632816317,461.0834163842996,599.92242431640625,0.6383403414365766,2.2321119266155875
F. angustifolia,2,800,14,1500,37.70753609195718,634.4879914608272,799.8177490234375,0.6053954091032039,2.2214371665185317
F. angustifolia,2,800,15,1500,40.645969691018685,952.3359441093273,1150.126953125,0.557125691677089,2.1880749124099093
F. angustifolia,2,800,16,1500,42.164022122044976,1267.3983222232328,1499.9290771484375,0.49252284181914974,2.1480955090778733
F. angustifolia,2,800,17,1500,22.59003815153862,285.63213991499975,400.1024169921875,0.462838242240905,2.1285669626441086
F. angustifolia,2,800,18,400,10.739858554223478,316.89264158377324,387.8096923828125,0.3761852853425542,2.0830395701048694
F. angustifolia,2,800,19,400,1.1430284939085533,92.3468337302131,103.27283477783205,0.38925086387742625,2.105896677262499
F. angustifolia,2,800,20,400,1.0451474322428438,84.96703045068476,94.69640350341797,0.4176805071653492,2.1392516514430753
F. angustifolia,2,800,21,400,0.6722990079094815,78.24032670971536,85.61498260498047,0.4477948567514601,2.171817084841314
F. angustifolia,2,800,22,400,0.28088456605155365,71.66051851413805,76.82835388183594,0.476985726104658,2.202650456063886
F. angustifolia,2,800,23,400,-0.22398267469561087,65.17532870614068,67.84834289550781,0.5015254724010022,2.2302119392493913
F. angustifolia,2,800,24,400,-0.6464129877407694,57.799547773511506,58.45217514038086,0.5259487787981514,2.2580046829024796
F. angustifolia,2,800,25,400,-1.1798650953976983,50.891388058213465,49.18952560424805,0.5446118277588252,2.2787877093515707
F. angustifolia,2,800,26,400,12.570306219227755,319.7615163603075,381.8575134277344,0.5564388500390979,2.284668392390013
F. angustifolia,2,800,27,250,7.228713825046833,337.57122664560086,380.48675537109375,0.5273287944876399,2.2768772239235697
F. angustifolia,2,800,28,250,0.6015172123313016,96.99945633773333,104.08899688720705,0.5244850408074885,2.2778005794657075
F. angustifolia,2,800,29,250,0.4162753067509764,89.17348890881047,95.22846221923828,0.5281289727857923,2.2924443692001515
F. angustifolia,2,800,30,250,0.1441049469744386,81.73483206938066,86.39704132080078,0.5337771486454835,2.304395732411882
F. angustifolia,2,800,31,250,-0.20421948109953153,74.55233833203576,77.54374694824219,0.538769627139488,2.3140427028881967
F. angustifolia,2,800,32,250,-0.5425645496426148,66.95897393678462,68.3209457397461,0.5433332862359768,2.3239030243759333
F. angustifolia,2,800,33,250,-1.1075431953744321,59.91218847475916,58.78521728515625,0.549888311577114,2.334169587171171
F. angustifolia,2,800,34,250,-1.517191791577113,52.261572526988246,49.284034729003906,0.5569347952148714,2.3459127106345843
F. angustifolia,2,800,35,250,8.768638857719356,333.84979276577417,381.59527587890625,0.5524520514794581,2.3479840755151673
F. angustifolia,2,800,36,150,3.9341378831430664,348.54420687681215,379.6020812988282,0.4760844760237815,2.293985023233108
F. angustifolia,2,800,37,150,-0.41388447100406855,99.90517523697255,102.86170196533205,0.4465523291363207,2.2760838077871592
F. angustifolia,2,800,38,150,-0.4783552607685262,92.21136942358119,94.574951171875,0.4401204592742404,2.2742258822224977
F. angustifolia,2,800,39,150,-0.6865111843787098,84.77844696015751,85.90520477294922,0.4430022850821551,2.2800052262416575
F. angustifolia,2,800,40,150,-0.9255223098643257,77.21198793784002,76.96721649169922,0.44566090496285565,2.287321993392776
F. angustifolia,2,800,41,150,-1.2183079168620572,69.67700724742161,67.8546142578125,0.4528442271577211,2.295877837958018
F. angustifolia,2,800,42,150,-1.5209593658064557,61.84105494106653,58.438228607177734,0.461844318523673,2.3066774376266403
F. angustifolia,2,800,43,150,-1.8444061436943417,54.13042386539664,49.142486572265625,0.4755162609700756,2.3194982729781186
F. angustifolia,2,800,44,150,4.886370140209598,346.33022847285446,381.38519287109375,0.4786990768779418,2.3247292039952008
F. angustifolia,2,800,45,100,1.678695547769339,357.71205155508585,379.6636962890625,0.43617273655100874,2.2938386278355027
F. angustifolia,2,800,46,100,-1.0583404060374477,103.57863335423951,103.46720886230467,0.42047900664964977,2.2846375399221146
F. angustifolia,2,800,47,100,-1.1458685453254314,95.58718738527762,94.7679214477539,0.42294605017930315,2.286340803725354
F. angustifolia,2,800,48,100,-1.2347714232952538,87.48576051257056,86.00365447998047,0.4300138591795846,2.2936340799045865
F. angustifolia,2,800,49,100,-1.399121044340887,79.76820115539935,77.30887603759767,0.43893624221446864,2.301823531859787
F. angustifolia,2,800,50,100,-1.6529482948279168,71.99052442340273,68.198150634765625,0.4492262811855387,2.3136606118336203
F. angustifolia,2,800,51,100,-1.878889439856567,63.74149280637557,58.764949798583984,0.4613126829746737,2.326402859636466
F. angustifolia,2,800,52,100,-2.057981832214396,55.210567626861106,49.273956298828125,0.47655566904185065,2.3242707614052343
F. angustifolia,2,800,53,100,2.4776370317669145,356.9604789793081,381.7545471191406,0.46577271315296653,2.3121977320182774
S. laxum,1,200,1,1500,15.103100206243859,262.20701039480167,400.0849609375,0.21563621973563984,2.284609592971974
S. laxum,1,200,2,1500,11.030783186225129,202.62339853992088,299.97686767578125,0.2284118575483372,2.3287796350408754
S. laxum,1,200,3,1500,6.839892709031957,144.03896883791697,199.8905792236328,0.26039675826819847,2.382433344575387
S. laxum,1,200,4,1500,1.3770738403935348,77.00751523758619,90.08116149902344,0.3108803582849468,2.443812997862362
S. laxum,1,200,5,1500,1.1012639651840386,69.42192913334408,79.9100341796875,0.3405689079391933,2.4867856406024367
S. laxum,1,200,6,1500,0.7466018170099173,62.99354953754093,70.08213806152344,0.42842098406781653,2.54887662302838
S. laxum,1,200,7,1500,-0.03273783596198615,56.67618355767207,59.93497848510742,0.4508777523152328,2.5990742753259837
S. laxum,1,200,8,1500,-0.48504544678039707,49.05597304500505,50.030067443847656,0.47880351204216226,2.623330684577697
S. laxum,1,200,9,1500,15.665367830204143,317.87924816769714,399.93161010742193,0.44829571769993937,2.6150570897802243
S. laxum,1,200,10,1500,16.177403842370836,294.7432214385843,399.9041442871094,0.3288378461710008,2.5383811432437504
S. laxum,1,200,11,1500,15.70805568201467,290.15741220045777,399.8896484375,0.30008339096858633,2.524218482128417
S. laxum,1,200,12,1500,18.794707271575223,362.5215724669197,499.9275817871094,0.28297855164406244,2.5196694387919853
S. laxum,1,200,13,1500,21.46741241944858,439.9134160787262,599.922607421875,0.276650450222609,2.5205773909542915
S. laxum,1,200,14,1500,25.0203230632738,605.6112953176521,799.98968505859375,0.26561253600059587,2.5155021173509886
S. laxum,1,200,15,1500,28.134272316138212,897.6791362116115,1149.97412109375,0.22885186075651973,2.4986915597030026
S. laxum,1,200,16,1500,28.334065724589106,1214.081838644153,1499.945068359375,0.20833640554913124,2.5592933789417147
S. laxum,1,200,17,1500,12.322111904848754,290.43094000894325,400.1627502441406,0.23585175933158503,2.6004078213651662
S. laxum,1,200,18,400,9.965956739112956,280.3433269829657,395.2619018554687,0.1740179987674441,2.5338827651334723
S. laxum,1,200,19,400,1.3157765283429672,89.41528992810403,107.70375061035156,0.19508076074322311,2.564393995494116
S. laxum,1,200,20,400,1.4607555260273812,81.9347390736411,98.01153564453124,0.2533953929331209,2.631009446022959
S. laxum,1,200,21,400,1.2437329687077998,75.23682502409645,87.74491882324219,0.30594977748283103,2.6832394514505578
S. laxum,1,200,22,400,0.8690126256628914,68.81297513202125,77.94454193115236,0.3474335989365292,2.7235152258859596
S. laxum,1,200,23,400,0.4338721093310555,61.79553367035301,67.94344329833984,0.37327041868638067,2.7499953813155007
S. laxum,1,200,24,400,-0.06664831056957599,54.63629219942894,57.81745529174805,0.37770631364702933,2.7597557504334547
S. laxum,1,200,25,400,-0.612773635332885,47.778371463290355,47.80025100708008,0.38820397451501776,2.7717606580719876
S. laxum,1,200,26,400,12.382531538725361,308.97715003190865,394.5702209472656,0.3343927950518033,2.726824373855197
S. laxum,1,200,27,250,8.693589603009276,289.59263180215777,394.60986328125,0.16747767188298332,2.5325499951154926
S. laxum,1,200,28,250,0.9490913435260251,90.57965515351786,107.42369079589844,0.16335480748344744,2.526508698702455
S. laxum,1,200,29,250,0.8905241217027126,83.1553417294117,97.796905517578125,0.18574287898222783,2.558347012553626
S. laxum,1,200,30,250,0.8415592886672678,75.22482055510508,87.61918640136719,0.21823303495565363,2.5891478239775463
S. laxum,1,200,31,250,0.5417158879367989,68.904063046067,77.81941986083984,0.24795750803048353,2.6278411073894823
S. laxum,1,200,32,250,0.17973982653390225,62.181362977948936,67.85425567626953,0.26921013713169173,2.65244904659412
S. laxum,1,200,33,250,-0.24200101717629896,55.35405652977111,57.7450065612793,0.2879465397072357,2.6705652646103264
S. laxum,1,200,34,250,-0.6975156084861001,48.58272273488574,47.73674392700195,0.2986828568017482,2.67800235612347
S. laxum,1,200,35,250,10.013765823219094,312.04736633839036,394.3778076171875,0.27162729067112146,2.6478617108340843
S. laxum,1,200,36,150,6.226164979854492,298.6068417629477,394.5054931640625,0.129800195293057,2.4769431612081245
S. laxum,1,200,37,150,0.45951144321031023,93.31559964237412,107.46599578857422,0.12122433295956266,2.469981744409102
S. laxum,1,200,38,150,0.4395890778073365,85.39410381201012,97.82616424560547,0.13866412991539936,2.492735720144061
S. laxum,1,200,39,150,0.31400443314024545,78.09058613713552,87.64598083496094,0.16332352369355427,2.5258810423563407
S. laxum,1,200,40,150,0.15952578789651262,70.85844974271711,77.87523651123047,0.18880649500447,2.556860694577408
S. laxum,1,200,41,150,-0.14864227567898705,64.24519831450768,67.91460418701172,0.21110152756195905,2.5828086538152566
S. laxum,1,200,42,150,-0.4647276066605691,56.97023925209076,57.71202850341797,0.22292776903825923,2.597359603120829
S. laxum,1,200,43,150,-0.7292299895299745,49.275999922814215,47.73193359375,0.23819237008442043,2.6065096666967293
S. laxum,1,200,44,150,7.073573419016549,319.6187653128035,394.28765869140625,0.20810531795818896,2.5768836296952213
S. laxum,1,200,45,100,4.283567424334045,297.0858680670933,394.4437561035156,0.0854929273212221,2.409914117677501
S. laxum,1,200,46,100,0.008116255642613146,97.73672703179916,107.40520477294922,0.08111175815764782,2.403621704873309
S. laxum,1,200,47,100,0.21653573378585833,86.33374595470407,97.887298583984375,0.10429231517425598,2.435514914605417
S. laxum,1,200,48,100,0.11344242274117139,78.69535599591373,87.58848571777344,0.11910150036747996,2.458984532059767
S. laxum,1,200,49,100,-0.05247845475194152,72.24621900065317,77.82598876953125,0.1493125645631392,2.498806094329397
S. laxum,1,200,50,100,-0.22677714714053532,64.72488964690541,67.90070343017578,0.17113369088784694,2.527133246485144
S. laxum,1,200,51,100,-0.5570309670879408,58.07626277435653,57.808292388916016,0.18757613460302025,2.5544038125331134
S. laxum,1,200,52,100,-0.808330900240658,50.459826002699515,47.73155975341797,0.1985605773682653,2.5636127984137858
S. laxum,1,200,53,100,5.195564012830612,332.8571792684582,394.300048828125,0.19177550712878697,2.5510312152328263
T. cristatus,1,200,1,1500,23.721028468211014,178.0831104621215,400.0591735839844,0.208229485176842,2.631252635052588
T. cristatus,1,200,2,1500,19.10032205685273,132.02648808911297,299.990234375,0.22486001016646673,2.6760624279004404
T. cristatus,1,200,3,1500,13.511783063015136,97.04602953494921,199.88577270507813,0.2706337803294393,2.7413023573614046
T. cristatus,1,200,4,1500,5.706089159395004,50.98700299134007,89.978271484375,0.3227585622277391,2.8038748406624507
T. cristatus,1,200,5,1500,5.1738651185661615,48.021527750460024,80.1025161743164,0.36989630170545634,2.8581549433921754
T. cristatus,1,200,6,1500,4.446958745465565,43.810339683115835,69.86710357666016,0.40466870428742474,2.895452094687964
T. cristatus,1,200,7,1500,3.800554550190503,38.472722219694006,59.934566497802734,0.4319159767044438,2.9273635056777714
T. cristatus,1,200,8,1500,3.089653798348031,33.043233024559605,50.2562141418457,0.4503829989467342,2.950679664994502
T. cristatus,1,200,9,1500,23.8964978666798,215.6627274360326,400.1449279785156,0.2652247660834661,2.8150153045768382
T. cristatus,1,200,10,1500,20.55493748567134,165.64858273336404,400.1431884765625,0.16523009159862198,2.7077543488670197
T. cristatus,1,200,11,1500,22.105160748679197,165.44546506476863,400.1063537597656,0.1790674651355154,2.7258290392679627
T. cristatus,1,200,12,1500,26.1501894504592,209.70227285003247,499.9517517089844,0.16975545670786552,2.7197840124254435
T. cristatus,1,200,13,1500,28.52079535169729,245.89485114670717,600.16339111328125,0.1490842357539792,2.7028206367367966
T. cristatus,1,200,14,1500,32.007338446797775,322.8413794242759,800.0555419921875,0.12132659953954485,2.675749905053584
T. cristatus,1,200,15,1500,36.94857559660599,457.7037296948433,1150.05029296875,0.09418915617844002,2.6474811082492526
T. cristatus,1,200,16,1500,41.21180029070839,620.1782417931091,1500.1036376953125,0.08170924083558397,2.6345388952197393
T. cristatus,1,200,17,1500,16.337507931965398,135.2430837454078,399.8610229492187,0.11122901271578926,2.683004094311327
T. cristatus,1,200,18,400,12.216729892718211,237.31565242153448,394.75778198242193,0.1477695746918388,2.7335441731947214
T. cristatus,1,200,19,400,3.3073761243486643,71.45041671578943,107.36172485351563,0.1936152586284517,2.785142932510644
T. cristatus,1,200,20,400,3.313382997372792,69.22026346715273,97.624725341796875,0.2596166962996574,2.8492633505265985
T. cristatus,1,200,21,400,3.090396224009362,64.79833427970873,87.41146087646484,0.3222327254148633,2.9064454613579147
T. cristatus,1,200,22,400,2.722513036559859,59.62874762204602,77.61951446533203,0.3775260159431786,2.9505268789989496
T. cristatus,1,200,23,400,2.227340734599083,53.81469294410174,67.67027282714844,0.42666369959635697,2.984701786067075
T. cristatus,1,200,24,400,1.56661173895377,47.849589719001585,57.50328826904297,0.4753191114949322,3.0221015200379044
T. cristatus,1,200,25,400,0.9747599070493949,41.149930791201584,47.51658630371094,0.5175758442342209,3.0473394080405707
T. cristatus,1,200,26,400,15.851832728366693,310.4124173136581,393.9923400878906,0.4706672355928967,3.0244464045599746
T. cristatus,1,200,27,250,9.192271898304304,287.7035561101458,394.1213073730469,0.17348257995038455,2.7742299196162783
T. cristatus,1,200,28,250,2.325993768110378,82.50216954098443,107.10506439208984,0.21426596418374652,2.815330718488869
T. cristatus,1,200,29,250,2.33436945292922,77.5914673777417,97.5195541381836,0.2816086932009934,2.8745063053332123
T. cristatus,1,200,30,250,2.0482973276694163,71.71200254381263,87.37824249267578,0.3370232583591274,2.9291028865340194
T. cristatus,1,200,31,250,1.7793033532411915,64.93346553097192,77.564208984375,0.3860979737256941,2.967502734802314
T. cristatus,1,200,32,250,1.2799388861996814,58.54906943848283,67.61029815673828,0.4314898635672583,2.998187387295373
T. cristatus,1,200,33,250,0.8495437161529477,51.103741395718515,57.4857177734375,0.4689442560850906,3.020919941813656
T. cristatus,1,200,34,250,0.2602658021353162,44.22552102839714,47.52299118041992,0.5086472718055213,3.0522116098963306
T. cristatus,1,200,35,250,10.960629637405516,330.1804130364118,393.937255859375,0.4376775757949938,3.0125898923416097
T. cristatus,1,200,36,150,5.787277297399617,313.3516632676012,394.00091552734375,0.14651167511855842,2.7428810300556945
T. cristatus,1,200,37,150,1.1689862383823157,92.0442347175096,107.18418121337892,0.20245608439988289,2.8018707486137866
T. cristatus,1,200,38,150,1.1436233920756236,85.44447233467977,97.54936218261719,0.268601622287393,2.867924559046471
T. cristatus,1,200,39,150,0.9964857848877561,77.707854796131,87.3896484375,0.31888368470454204,2.9102784748874546
T. cristatus,1,200,40,150,0.792626217718014,70.06611960902053,77.61628723144531,0.365516393239964,2.9479324435335292
T. cristatus,1,200,41,150,0.4842279013143167,62.383373096783174,67.63670349121094,0.4110926348463469,2.9815650385658956
T. cristatus,1,200,42,150,0.1468607761300154,54.32868008184696,57.50029754638672,0.44864442549939326,3.0073299998942966
T. cristatus,1,200,43,150,-0.18154865197886969,46.20450799942206,47.55304718017578,0.4899001691344302,3.0318479696492724
T. cristatus,1,200,44,150,6.888005730932429,348.53459799471875,393.9129943847656,0.4130784514233094,2.993180178561481
T. cristatus,1,200,45,100,3.833081505541904,336.77332465057054,394.12646484375,0.14550628605107188,2.7406080612931256
T. cristatus,1,200,46,100,0.5294759802078015,97.76731724767086,107.2021255493164,0.19875727347766045,2.798840577787225
T. cristatus,1,200,47,100,0.49382746923054466,90.1192240286617,97.544036865234375,0.2695667906369428,2.8683243250294472
T. cristatus,1,200,48,100,0.41340322256135653,81.33367113639153,87.38169860839844,0.31814587592363486,2.9082975257952057
T. cristatus,1,200,49,100,0.32382528756674817,72.68199839389698,77.60553741455078,0.36416118658038776,2.9435709320461028
T. cristatus,1,200,50,100,0.06290985709087749,64.54181954888887,67.66859436035156,0.40417474393497094,2.9779238060065545
T. cristatus,1,200,51,100,-0.2701774498166823,56.341563513265925,57.51813125610352,0.4397477320759218,3.001296356557228
T. cristatus,1,200,52,100,-0.5111666138305502,47.69833040795958,47.542850494384766,0.4730452116669645,3.022315966951064
T. cristatus,1,200,53,100,4.588348585334429,359.0430217665916,393.8485107421875,0.38850138373766774,2.9716571754015604
T. cristatus,2,800,1,1500,17.30589514717638,161.85617253485964,400.0326843261718,0.13417465885150143,1.8354354328766933
T. cristatus,2,800,2,1500,13.647598980372758,134.72592470714596,300.3477783203125,0.15579536682975223,1.870329489099502
T. cristatus,2,800,3,1500,9.502893260107195,99.05783713395753,199.93865966796875,0.18453159339499556,1.9234367317858416
T. cristatus,2,800,4,1500,3.8385731872207223,52.404151977694546,89.88616943359375,0.21779728181435565,1.9779366360905115
T. cristatus,2,800,5,1500,3.646801680898005,48.251780224797734,80.03086853027344,0.2511178741052869,2.0261136797149955
T. cristatus,2,800,6,1500,3.1299945646717093,44.34284056934085,69.848876953125,0.2790061351867063,2.0711858869826534
T. cristatus,2,800,7,1500,2.844654775314413,38.43245342461464,60.227340698242195,0.3041382747262536,2.107577761080989
T. cristatus,2,800,8,1500,2.0069676925976316,34.58298627545698,49.971065521240234,0.32645237316568415,2.1397413307864337
T. cristatus,2,800,9,1500,23.109098727794887,222.88391273551045,399.7175598144531,0.267444762817817,2.080696183110922
T. cristatus,2,800,10,1500,22.012247490282647,202.1353306942423,399.8486328125,0.21935575532661308,2.0250846178014763
T. cristatus,2,800,11,1500,21.962163307450624,203.3865249952536,399.780029296875,0.22045975925045555,2.0302184362205153
T. cristatus,2,800,12,1500,26.408516225502886,250.8712655913397,499.9573059082031,0.2064439761978067,2.017146371771989
T. cristatus,2,800,13,1500,28.95168742574769,297.6136737502041,599.67041015625,0.18356927063540876,1.9912874148276751
T. cristatus,2,800,14,1500,32.8950581025145,389.92996048450846,799.9368896484375,0.14969507936989215,1.946316697437287
T. cristatus,2,800,15,1500,37.091422964207716,572.1171897777233,1149.9510498046875,0.11679719818641617,1.8987631513999368
T. cristatus,2,800,16,1500,41.117160742237836,793.984085485722,1499.9486083984375,0.10528958128432432,1.881806411591577
T. cristatus,2,800,17,1500,15.629647024584843,186.8801390698922,400.03857421875,0.13629337551072382,1.9362421080118368
T. cristatus,2,800,18,400,10.605068287344645,264.7170016142917,408.7003479003906,0.14360732667386955,1.9640269548127545
T. cristatus,2,800,19,400,2.8254752382143087,88.94626673552946,125.18983459472656,0.17079229745544272,2.006501058341237
T. cristatus,2,800,20,400,2.97609642636814,84.23650722035146,116.43771362304688,0.207965057334715,2.060006861511545
T. cristatus,2,800,21,400,3.2476558869481247,76.83783113089272,107.4152603149414,0.2409853846395972,2.1033773331172414
T. cristatus,2,800,22,400,2.74699043692102,74.50317445053373,99.08211517333984,0.26672413627384134,2.1364510475100396
T. cristatus,2,800,23,400,2.5895754356212004,68.34880884820869,90.06828308105469,0.29238345512500274,2.1740800377701817
T. cristatus,2,800,24,400,1.9551218449232013,64.191971972483,80.55863189697266,0.3164100987869989,2.2021989220022804
T. cristatus,2,800,25,400,1.6682904669068028,58.03735053038222,71.73063659667969,0.3388197990036339,2.228657791953679
T. cristatus,2,800,26,400,13.079800685015856,302.22322079443745,402.2693481445313,0.29202627969514333,2.183640508430195
T. cristatus,2,800,27,250,7.061904444138342,303.4161471134702,402.0809631347656,0.14833378996117622,2.0031254230739433
T. cristatus,2,800,28,250,1.4310435844817124,102.77645115865126,124.83116912841795,0.16874907018458088,2.034933941148338
T. cristatus,2,800,29,250,1.6518846615991734,95.57564801952424,116.22752380371094,0.2087918625216534,2.088952637423994
T. cristatus,2,800,30,250,1.6794944480360001,89.1300133991673,107.70783233642578,0.24132181228249883,2.1263834521764946
T. cristatus,2,800,31,250,1.5398043640910717,82.99179586478996,99.15489196777344,0.26679701522461075,2.163766384117306
T. cristatus,2,800,32,250,1.2693238508519613,77.13450095745866,90.29888916015624,0.2923791691669677,2.1947049354901536
T. cristatus,2,800,33,250,0.8274970310796257,71.1179334701347,80.78057861328125,0.3108140197906679,2.2196292319649364
T. cristatus,2,800,34,250,0.6508723519394173,63.814704410119006,71.7565689086914,0.3330195766592119,2.24213747493588
T. cristatus,2,800,35,250,8.722997099331351,327.4446666563746,402.5148010253906,0.2738124299025744,2.182843747919687
T. cristatus,2,800,36,150,3.719747042555047,333.58692020750664,401.4162902832031,0.12206032428003812,1.97568030628156
T. cristatus,2,800,37,150,0.1294386614996319,114.87621794445448,123.74046325683594,0.14941314338100586,2.019819636515487
T. cristatus,2,800,38,150,0.7741325889357972,102.33308429069444,115.94863891601563,0.192929939347452,2.077477141749463
T. cristatus,2,800,39,150,0.3886646884076253,98.27214704825175,107.36988830566406,0.22517721433286683,2.126270936825895
T. cristatus,2,800,40,150,0.19575615045912462,91.25351606580003,98.18022918701172,0.251419897308984,2.1626958523810607
T. cristatus,2,800,41,150,0.2666406050928287,83.18544056417079,90.04399108886719,0.2729024573513257,2.18269193404328
T. cristatus,2,800,42,150,-0.12414689657570674,76.35302086900988,80.11320495605469,0.2932842453807561,2.2012488815302493
T. cristatus,2,800,43,150,-0.16164703831836225,67.95996529826616,71.18244934082031,0.31704275038484875,2.2352166352211498
T. cristatus,2,800,44,150,5.028586166786657,349.1625154693486,401.9708251953125,0.2480951593346506,2.1592068710485472
T. cristatus,2,800,45,100,2.2757274740679763,350.79839757907416,401.24411010742193,0.11107656745957792,1.9638403197996668
T. cristatus,2,800,46,100,-0.34639169318359064,120.06033518588282,123.35149383544922,0.14430358955742803,2.020103686766801
T. cristatus,2,800,47,100,0.05559283192736772,108.87375440221552,115.70201873779295,0.18939360502101965,2.067476344548224
T. cristatus,2,800,48,100,-0.45381508954977146,104.78618322825696,107.0276107788086,0.21734933089044553,2.1228308195399586
T. cristatus,2,800,49,100,-0.3700962321993611,96.29262020456532,99.017822265625,0.2367979120943254,2.1490397017351643
T. cristatus,2,800,50,100,-0.35988615205705676,87.19376229307495,89.68267059326172,0.26610091643002715,2.1749066522745415
T. cristatus,2,800,51,100,-0.5167126611245603,79.0069585724584,80.21044158935547,0.2830262500937687,2.1982891335044403
T. cristatus,2,800,52,100,-0.6209853384283458,70.32068216843197,70.62944030761719,0.3050339615101795,2.2164463625452044
T. cristatus,2,800,53,100,2.4027395424168443,367.2623132797108,401.57379150390625,0.23347101270747736,2.144776735801803
T. cristatus,2,800,1,1500,18.27845245619727,161.62805230940998,399.7765808105469,0.1426560613832175,1.758500162151904
T. cristatus,2,800,2,1500,14.259569547531111,129.12415866459827,300.1053771972656,0.15788144785334107,1.7971993166499305
T. cristatus,2,800,3,1500,9.860661391608058,94.48284974646192,200.10760498046875,0.18212785450500937,1.8419874175457516
T. cristatus,2,800,4,1500,3.4177952491507577,55.307073323033975,89.97766876220702,0.21301079001152007,1.8939780467117673
T. cristatus,2,800,5,1500,3.398456936992446,48.75575858760573,80.21031188964844,0.2366822283721087,1.9356596593016293
T. cristatus,2,800,6,1500,2.8682956751232656,44.19407464859843,70.1182861328125,0.24939494485288063,1.9599477344524348
T. cristatus,2,800,7,1500,2.2420716941442342,39.67824866845038,59.934837341308594,0.2606637932722988,1.984770559605313
T. cristatus,2,800,8,1500,1.946158861337721,32.738397763802624,50.125694274902344,0.2690678613117525,2.0056767967784253
T. cristatus,2,800,9,1500,18.96696717490415,188.61883361384255,399.900634765625,0.17135437469035886,1.8831742205220507
S. laxum,2,800,1,1500,18.451336021251088,234.10330362891716,399.8284301757813,0.2184327380168733,1.6380324264806403
S. laxum,2,800,2,1500,14.1732194460856,182.64693105162524,299.8550109863281,0.24354157260386633,1.6739729766792153
S. laxum,2,800,3,1500,9.277558866644354,130.57935173559977,199.9995880126953,0.2828145433845293,1.723832669529176
S. laxum,2,800,4,1500,2.1058960225065055,71.43647892911986,90.08065032958984,0.30644539399191223,1.7578761494906503
S. laxum,2,800,5,1500,1.5949582716255046,64.70718433447688,79.97630310058594,0.3049776927059168,1.7647809777840158
S. laxum,2,800,6,1500,0.9604561760328276,58.37592111498952,69.987335205078125,0.2840210095984578,1.7507824541447334
S. laxum,2,800,7,1500,0.23361426836219013,53.05953577188093,59.91365814208984,0.26795837336738065,1.7448264898729977
S. laxum,2,800,8,1500,-0.3795211007763621,47.551100979854496,49.95670318603515,0.25334401903002124,1.7391534531379875
S. laxum,2,800,9,1500,17.80701371040739,236.41268987924744,400.0940551757813,0.2126555008061823,1.7051379933737334
S. laxum,2,800,10,1500,14.72231527350159,223.72539399844393,399.7996520996094,0.15800451833716317,1.652250060159713
S. laxum,2,800,11,1500,17.975239767737207,236.00844974870992,399.746826171875,0.21396728555636063,1.7205539697704808
S. laxum,2,800,12,1500,25.03607983053302,308.6615236288778,499.97650146484375,0.26157340685288927,1.783517735201196
S. laxum,2,800,13,1500,28.830375382152916,373.91758604770513,600.05035400390625,0.25381870009553725,1.7895028656630312
S. laxum,2,800,14,1500,34.5687964466789,507.4331396573506,799.940185546875,0.23288927501643156,1.7791574203342606
S. laxum,2,800,15,1500,40.42580510194878,758.6692731628038,1149.943359375,0.2012315661107307,1.755184880443616
S. laxum,2,800,16,1500,43.70199755889485,1034.612273624482,1499.8504638671875,0.1875276050879209,1.8510702291418857
S. laxum,2,800,17,1500,15.984321052692348,264.2464595487851,399.9371032714844,0.24621943168574045,1.9414731487459211
S. laxum,2,800,18,400,12.676645420925023,289.71745685000843,405.2556762695313,0.23417775711285369,1.9643750000836735
S. laxum,2,800,19,400,2.413247434983026,96.17743368692183,121.44698333740234,0.248431640580065,1.992656561960612
S. laxum,2,800,20,400,2.1578870595387873,90.97608963129412,112.50322723388672,0.2746463013000821,2.034455360867796
S. laxum,2,800,21,400,2.0950383592173907,83.86709013908933,104.03105926513672,0.28754435732894745,2.059168663284392
S. laxum,2,800,22,400,1.7181838217535486,77.38699968593451,94.707183837890625,0.28920859608923377,2.070361769601266
S. laxum,2,800,23,400,1.2103118719508994,71.33340025112015,85.23265075683594,0.2831018736927856,2.072308017465694
S. laxum,2,800,24,400,0.7528870369212266,65.85661464057289,76.67858123779298,0.27259286350257017,2.0652632832566016
S. laxum,2,800,25,400,0.22012882870232586,60.09446608115898,67.07942199707031,0.2629555649027535,2.057560765610688
S. laxum,2,800,26,400,13.216492585457015,275.83438978178316,398.2347106933594,0.225990447334859,2.0172068930942624
S. laxum,2,800,27,250,9.003472838055636,280.14204108931915,396.940185546875,0.15593416931307902,1.9229885979676913
S. laxum,2,800,28,250,1.4278996556787908,98.03923710110178,120.64508056640624,0.17417059987365313,1.955295786681032
S. laxum,2,800,29,250,1.637535862819093,90.05616606359561,111.69429779052734,0.20590976867917632,2.003342659480404
S. laxum,2,800,30,250,1.4931916277007389,84.46996894313891,103.19559478759766,0.22812388308238493,2.0378651621443713
S. laxum,2,800,31,250,0.9944791459150748,80.28634270822523,94.23722076416016,0.24122255541521875,2.0587203557943576
S. laxum,2,800,32,250,0.8773782972217428,72.96118467943191,85.49871826171875,0.24862028412640289,2.0726719735466177
S. laxum,2,800,33,250,0.3710543416896574,67.4404543202631,75.92325592041016,0.24969630888433375,2.079737577991444
S. laxum,2,800,34,250,0.03720749744300017,60.87816316222189,66.615570068359375,0.24915943778624383,2.0834962704724167
S. laxum,2,800,35,250,10.65107406745245,296.9861426979283,397.3538818359375,0.22897060295646823,2.0648373660964134
S. laxum,2,800,36,150,5.882982637963544,301.2483498932015,396.2234802246094,0.12814568325202327,1.9317444972511149
S. laxum,2,800,37,150,0.6820577757864423,101.47654197197336,119.56360626220705,0.13100547517420916,1.9397514418816717
S. laxum,2,800,38,150,1.1151836377257927,90.39789649153927,111.48137664794922,0.15185364775659088,1.9743324410202332
S. laxum,2,800,39,150,0.6174767091880777,88.56752537765016,102.39910888671876,0.17383619337653064,2.0080675757217685
S. laxum,2,800,40,150,0.6365120709801495,81.23354906428922,94.127899169921875,0.1922269162822187,2.035893243759521
S. laxum,2,800,41,150,0.1959890691498638,76.52815760300862,84.79295349121094,0.2042172489904049,2.0550678325560874
S. laxum,2,800,42,150,0.15576040933440632,68.43187992262077,75.91278076171875,0.21243037080184865,2.0688503387519157
S. laxum,2,800,43,150,-0.19922616384556024,62.27511019404315,66.45008087158203,0.21469434031479775,2.074549043403094
S. laxum,2,800,44,150,7.301474558039752,317.63914716354714,397.935791015625,0.2024503252282572,2.0620678277481783
S. laxum,2,800,45,100,4.092916844705899,319.2369570887818,397.3645935058594,0.11249767417743298,1.9395713373573673
S. laxum,2,800,46,100,0.2155128544935072,106.36871501141498,119.73084259033205,0.10867305001665815,1.9376893136007127
S. laxum,2,800,47,100,0.5983650091964082,93.76565134307081,111.58408355712892,0.11966717075910129,1.958170988734084
S. laxum,2,800,48,100,0.308995018771416,90.40014689284853,102.90756225585938,0.13462283130560038,1.9849565185699176
S. laxum,2,800,49,100,0.14034409639026385,84.46942397696796,93.95989990234376,0.14999089963198184,2.0106650503750134
S. laxum,2,800,50,100,0.054286497043859405,77.09089667302572,85.00811004638672,0.16157057109948642,2.0307143611709764
S. laxum,2,800,51,100,-0.2421002618397333,71.48270415822817,75.8849868774414,0.16941210065677842,2.0452681766321765
S. laxum,2,800,52,100,-0.38951041147301513,63.76839803316829,66.36722564697266,0.17570634494176868,2.0563557822294825
S. laxum,2,800,53,100,4.9665301277535,331.45703559311096,397.8558044433594,0.1725997137222625,2.0529060457068846
T. forrestii,1,200,1,1500,23.401824267591195,211.23566445118735,399.990966796875,0.2413369380259381,1.7139972230577405
T. forrestii,1,200,2,1500,17.088098385924006,168.43728675845992,299.993408203125,0.2595709690471029,1.734901471307967
T. forrestii,1,200,3,1500,11.29092432962413,124.50513367199846,200.01402282714844,0.31799045397797937,1.791751790005219
T. forrestii,1,200,4,1500,2.1140987655813115,73.63405866495057,90.01004791259767,0.4001546331955906,1.8667357729458307
T. forrestii,1,200,5,1500,1.573488863406108,67.554679944778,80.003875732421875,0.4549738412037422,1.9152813297936808
T. forrestii,1,200,6,1500,0.7014180209889898,62.09459961483002,70.17761993408203,0.48399809568710406,1.9327964063107357
T. forrestii,1,200,7,1500,-0.08522692506586738,55.5865005821884,60.03667068481445,0.511175874747802,1.9555517370710147
T. forrestii,1,200,8,1500,-1.4807073926805745,51.22766155776131,50.11663055419922,0.5453281426765066,1.9912493656126025
T. forrestii,1,200,9,1500,28.846644231440152,265.6607298518526,400.2862243652344,0.4812693146925916,1.948612520968134
T. forrestii,1,200,10,1500,27.14562562675421,247.55439438280695,400.0419006347656,0.3755586856422542,1.843655995184148
T. forrestii,1,200,11,1500,27.18824453980064,239.50260131660636,399.9532470703125,0.3519468090967302,1.822850948430976
T. forrestii,1,200,12,1500,32.88907555546241,292.5616684059704,499.8890686035156,0.3226518124911585,1.7952859707686584
T. forrestii,1,200,13,1500,36.003875029766135,328.9078037112297,600.01898193359375,0.2589348530202651,1.724334624066323
T. forrestii,1,200,14,1500,41.12335954482292,427.87945125782613,800.0255126953125,0.2090706028348098,1.6747915113428025
T. forrestii,1,200,15,1500,47.67495800952651,626.1869049218129,1150.18408203125,0.16756523641578278,1.6217534552360011
T. forrestii,1,200,16,1500,51.58168091562764,865.9730281211524,1500.1322021484375,0.14830498514251098,1.5942498821574191
T. forrestii,1,200,17,1500,14.863759132123892,227.2031354617883,399.9876098632813,0.16350929024171135,1.6125812923394842
T. forrestii,1,200,18,400,13.543717236911027,267.59076606768565,397.67477416992193,0.2104057519137071,1.6598364888214128
T. forrestii,1,200,19,400,1.2362551562678705,92.64607938313614,110.5453643798828,0.2365128790064528,1.6843987144570565
T. forrestii,1,200,20,400,1.621107113658845,84.70042741933337,100.85163879394533,0.3352635671280388,1.7809753218236293
T. forrestii,1,200,21,400,1.3280032611231967,78.54232426680737,90.63441467285156,0.4371617239541342,1.87073930181982
T. forrestii,1,200,22,400,0.8072666312483298,72.18875798033855,80.81334686279298,0.5232428853674637,1.9408210335350304
T. forrestii,1,200,23,400,-0.02044330903402558,65.94753235967069,70.84510040283203,0.5988974324656918,1.9993587641365884
T. forrestii,1,200,24,400,-0.8590407470919508,58.9724678310891,60.68108749389648,0.6649256912156544,2.044814500862703
T. forrestii,1,200,25,400,-1.6612132750175288,51.693651478403986,50.65679168701172,0.7144473302897028,2.0762884699984423
T. forrestii,1,200,26,400,18.096308859558704,326.7960204470032,396.97854614257807,0.7330857124088538,2.088605596740148
T. forrestii,1,200,27,250,11.280573772677387,326.4272945733904,397.04104614257807,0.40408274297297175,1.8348577036326896
T. forrestii,1,200,28,250,1.1499401007990855,97.09957584450818,110.2213897705078,0.3766623653902256,1.80636171193466
T. forrestii,1,200,29,250,1.1935545228937303,88.7971980842786,100.58242034912108,0.45028623334348195,1.872200903697405
T. forrestii,1,200,30,250,0.7865651473859337,81.40118668746972,90.39183044433594,0.52271239643847,1.9309188937797443
T. forrestii,1,200,31,250,0.10507612140820055,74.77045751854445,80.50846099853516,0.5908286696927598,1.975212132750952
T. forrestii,1,200,32,250,-0.3759489665053296,67.04264598489377,70.66624450683594,0.6459093517329036,2.008153940991964
T. forrestii,1,200,33,250,-1.1292046387657182,59.63642310254054,60.551513671875,0.6921661563027531,2.044966177732262
T. forrestii,1,200,34,250,-1.9244086663944,52.249278674986755,50.527435302734375,0.7396943940090768,2.073787241924787
T. forrestii,1,200,35,250,12.73371811993598,342.4402452772292,396.7750549316406,0.7355546215467461,2.0677677863756254
T. forrestii,1,200,36,150,6.717082083959438,345.95250953817884,396.8770446777344,0.378890022127733,1.782134202899906
T. forrestii,1,200,37,150,0.07940445696051723,101.99964793161251,110.14347839355467,0.3357756940934638,1.7413308981783633
T. forrestii,1,200,38,150,0.22251098431277205,92.55295543537537,100.54018402099608,0.39799067353641177,1.7976779576673143
T. forrestii,1,200,39,150,-0.1426920277435107,84.74138227693297,90.36769104003906,0.46528273883708354,1.8562164488065755
T. forrestii,1,200,40,150,-0.4921676374799789,76.80471153409735,80.55030822753906,0.5301934103029198,1.907205610713572
T. forrestii,1,200,41,150,-0.8980646318132592,68.70599483890683,70.6034927368164,0.5805021187354004,1.9409705916167004
T. forrestii,1,200,42,150,-1.4225601332114675,60.629227217714565,60.44536590576172,0.6244585270351292,1.9691601551117492
T. forrestii,1,200,43,150,-1.9294202248031238,52.68973899983174,50.656490325927734,0.656060162126898,2.0028937510806717
T. forrestii,1,200,44,150,7.645623149023466,354.14380690404954,396.64117431640625,0.6273797065339917,1.9727176395438872
T. forrestii,1,200,45,100,4.017038057709755,344.7290773759176,396.6631774902344,0.20976867958052167,1.5883196261269914
T. forrestii,1,200,46,100,-0.7272282918530657,107.10935445236338,110.43301391601563,0.21145322801562963,1.5900072838225678
T. forrestii,1,200,47,100,-0.4680882069564431,95.61250799800702,100.4442138671875,0.29019449559197014,1.667327813597687
T. forrestii,1,200,48,100,-0.7960680812055421,87.52542576788228,90.32023620605469,0.3804342100799464,1.7626125628902665
T. forrestii,1,200,49,100,-1.0459959059240351,79.03493694644033,80.525390625,0.4576698215884781,1.828900045387243
T. forrestii,1,200,50,100,-1.1997646926935923,70.00772766193086,70.6710205078125,0.5159914476736805,1.8713400035919912
T. forrestii,1,200,51,100,-1.6933138071779876,61.77354539917741,60.47785949707031,0.5672181836498068,1.9168567249116313
T. forrestii,1,200,52,100,-2.0933726568753697,53.27096164336421,50.4210319519043,0.609675066715682,1.9415970845193808
T. forrestii,1,200,53,100,4.905852340317851,362.2307837965011,397.09417724609375,0.5785658388422049,1.928238456281353
T. forrestii,2,800,1,1500,28.8444900324454,230.17036104321787,399.73052978515625,0.3525035673525999,1.865893659993948
T. forrestii,2,800,2,1500,20.816314633665783,176.1363230094555,300.07464599609375,0.35088514133354287,1.877218972543924
T. forrestii,2,800,3,1500,12.584456865167612,127.07518396578772,200.00564575195313,0.3741790367059556,1.907763679727432
T. forrestii,2,800,4,1500,2.517902659824692,72.65168356424292,89.97637176513672,0.4041081995935875,1.945669083457018
T. forrestii,2,800,5,1500,1.9710259314757557,66.1081095661887,80.043548583984375,0.42354084857214847,1.9704856191005675
T. forrestii,2,800,6,1500,1.1174434361851966,60.5804132556737,70.06611633300781,0.4381063275789646,1.9898590155717104
T. forrestii,2,800,7,1500,0.0593784309795613,55.49199247314677,59.8439826965332,0.4554404627547683,2.0107370437146166
T. forrestii,2,800,8,1500,-0.884759559995907,50.109805647924055,50.05826568603515,0.4769481293258323,2.020118346667252
T. forrestii,2,800,9,1500,29.26195492652235,256.69091122057364,399.4642639160156,0.45122818370965995,2.0176787680361015
T. forrestii,2,800,10,1500,27.513203489692792,247.39546161152737,399.80615234375,0.38352666209129094,1.9720521231585737
T. forrestii,2,800,11,1500,27.354969878253712,246.0255807835142,399.5329895019531,0.376534981641632,1.9667825848356588
T. forrestii,2,800,12,1500,34.21901645280899,308.53620548652077,499.8374328613282,0.3765426453584465,1.9688762459886493
T. forrestii,2,800,13,1500,38.768524006459074,369.7842159422225,599.982666015625,0.34964539911557496,1.9517990724859993
T. forrestii,2,800,14,1500,44.62351429776488,496.64586312948126,800.0535888671875,0.297804064171603,1.9091862567653295
T. forrestii,2,800,15,1500,50.68666502496442,723.661354061128,1150.254150390625,0.23286375999020145,1.8467305885918903
T. forrestii,2,800,16,1500,52.88926647673074,974.2892353981867,1499.9522705078125,0.19405548077115364,1.808925589828432
T. forrestii,2,800,17,1500,17.414871449863373,228.97230791329216,400.04937744140625,0.1960955585246252,1.8154183053819288
T. forrestii,2,800,18,400,12.584992550976626,287.12916666124113,401.0675048828125,0.22884355351641805,1.8584199642689636
T. forrestii,2,800,19,400,2.0077473109263693,95.78139321862858,117.37581634521484,0.24784005184407357,1.878481022135791
T. forrestii,2,800,20,400,2.1079138240805135,88.31215019063733,108.08108520507813,0.28826718156108655,1.918297112933797
T. forrestii,2,800,21,400,1.8552726458313047,83.00488759918223,99.42020416259767,0.32722436978530933,1.9549537685244287
T. forrestii,2,800,22,400,1.677460300405265,76.71615707202764,90.82440948486328,0.3636751708129026,1.9867494920667088
T. forrestii,2,800,23,400,1.029443684318926,71.62783111264751,81.57051849365236,0.39527573966021434,2.014135423811269
T. forrestii,2,800,24,400,0.4024134361221565,65.87152358225622,72.2327880859375,0.4253931256283696,2.0384220946093556
T. forrestii,2,800,25,400,-0.22484813360697745,60.03091777123353,63.167022705078125,0.4601779307145231,2.064110540517955
T. forrestii,2,800,26,400,15.798026558948562,310.3689159697159,393.6744995117187,0.4573706614901824,2.0646200814371696
T. forrestii,2,800,27,250,9.396262478878299,324.1110256497265,392.79684448242193,0.33103938223588364,1.9598615804391448
T. forrestii,2,800,28,250,1.6692369521997286,101.11366102845578,116.7416534423828,0.3396633748549056,1.967789777055892
T. forrestii,2,800,29,250,1.4825730219214301,94.45345206213813,107.91562652587892,0.37363195037344193,1.9923574474532504
T. forrestii,2,800,30,250,1.4011917005063252,86.75857232250209,99.01445770263672,0.40050847983987525,2.0171808164589455
T. forrestii,2,800,31,250,1.0253936572190114,80.87977215811947,90.83746337890624,0.418575778936653,2.034267140196811
T. forrestii,2,800,32,250,0.3515391334796322,75.22852029768455,81.67594146728516,0.43300593952853966,2.0461224442449746
T. forrestii,2,800,33,250,0.03710730802896833,67.35888898664626,72.000823974609375,0.44601764443552094,2.054872449175367
T. forrestii,2,800,34,250,-0.48756803255361414,60.99832779570852,63.035892486572266,0.4630361840323307,2.066429778196849
T. forrestii,2,800,35,250,9.807762688711357,331.8021484863789,393.60345458984375,0.41132778516425533,2.028688393985503
T. forrestii,2,800,36,150,5.130340919785429,333.582303229906,392.28070068359375,0.21406303612578875,1.837352882907726
T. forrestii,2,800,37,150,0.33370243264577165,105.91990763154132,116.0465850830078,0.218716305681104,1.8417619927351916
T. forrestii,2,800,38,150,0.6623703137459948,96.4456078159784,107.9208755493164,0.25249244161704343,1.8743783182294136
T. forrestii,2,800,39,150,0.31774431306393924,90.8361704880568,99.0040054321289,0.28866771276750425,1.9065312378668169
T. forrestii,2,800,40,150,-0.19032344411770177,85.37753432871682,89.952606201171875,0.3196215377018429,1.9354664326430069
T. forrestii,2,800,41,150,-0.22838682066654942,77.14568037969632,81.13581848144531,0.34376289948602157,1.955965950482874
T. forrestii,2,800,42,150,-0.7012365016084079,70.91054745540006,72.11968994140625,0.36447135032657846,1.9746475515660131
T. forrestii,2,800,43,150,-0.88451307411275,62.95847693565028,63.00264358520508,0.3849934362140129,1.9890326194267256
T. forrestii,2,800,44,150,5.386895105664897,347.50022361903814,393.7644348144531,0.3341020672522561,1.94665404320549
T. forrestii,2,800,45,100,2.986581074848085,348.57380806146745,392.516357421875,0.191322639080497,1.7961742654723638
T. forrestii,2,800,46,100,-0.483387658071059,112.03936928099162,115.5205078125,0.2042684320299354,1.808318010980176
T. forrestii,2,800,47,100,-0.13112594738638286,101.43714698610717,107.38117218017578,0.23781376522979353,1.8418076674402255
T. forrestii,2,800,48,100,-0.19652506717753432,94.04742740296862,99.04345703125,0.2766320200200144,1.8782170319721043
T. forrestii,2,800,49,100,-0.5880102897283255,87.97886460226262,90.27213287353516,0.3072259361228178,1.9097340600126187
T. forrestii,2,800,50,100,-0.7747991405951908,80.14288919779588,81.14912414550781,0.32747820470566086,1.9307723168993831
T. forrestii,2,800,51,100,-1.0177469942800652,72.09931690529521,71.53972625732422,0.34749621833229666,1.9442785287469744
T. forrestii,2,800,52,100,-1.1127545452180023,63.70516300085072,62.529644012451165,0.3689433824158933,1.966502615414298
T. forrestii,2,800,53,100,4.011552392788162,355.1169207149228,394.786376953125,0.3216291543459382,1.9251823586450776
T. forrestii,1,800,1,1500,23.99947372198262,196.035397074627,400.0296325683594,0.22971146296873035,1.873199140532088
T. forrestii,1,800,2,1500,16.729245336710683,156.69106518828818,299.9896545410156,0.23098439814194535,1.8815162305128617
T. forrestii,1,800,3,1500,10.234450998253694,118.43940161521786,199.9909820556641,0.2609925390569071,1.9304061949129685
T. forrestii,1,800,4,1500,1.8991209220726624,72.82836894934896,90.14652252197266,0.3151886021539284,1.979585113061068
T. forrestii,1,800,5,1500,1.4383331492798312,65.71268777218556,79.83386993408203,0.32267648982814495,2.0104155256455707
T. forrestii,1,800,6,1500,0.29474813367527913,62.96400101128864,69.985260009765625,0.3381154089277309,2.0422909274166594
T. forrestii,1,800,7,1500,-0.527533161948096,57.85369335112681,59.96501159667969,0.34720886099849,2.0630709041396766
T. forrestii,1,800,8,1500,-1.0883811290531722,51.22844543223362,49.9387321472168,0.35646498249619396,2.0656280573940604
T. forrestii,1,800,9,1500,23.767975482123585,227.83537654744595,400.0783386230469,0.2807682841555383,2.0049240853586525
T. forrestii,1,800,10,1500,18.64677996723672,194.3515788251438,399.9411926269531,0.17151711465288252,1.873888979762793
T. forrestii,1,800,11,1500,19.2698782986485,183.27339168300136,400.2107849121094,0.16650923668297785,1.86650583134513
T. forrestii,1,800,12,1500,25.875966727377023,232.3917294264302,500.0270080566406,0.18189986490957513,1.8899715919237643
T. forrestii,1,800,13,1500,28.22633735841874,265.12272464225805,599.99481201171875,0.1551065133844391,1.8574251956648369
T. forrestii,1,800,14,1500,32.49183835906809,330.839001247929,800.00250244140625,0.12400664391440976,1.819259294495452
T. forrestii,1,800,15,1500,38.117280613467145,449.4307493537524,1150.044189453125,0.09473964520248165,1.7831497190553636
T. forrestii,1,800,16,1500,43.17869360431091,596.5623310442625,1499.97314453125,0.0820490536741316,1.7666444685959142
T. forrestii,1,800,17,1500,10.569797235773398,202.40170658630805,399.9898681640625,0.09762500903153112,1.7985651064664123
T. forrestii,1,800,18,400,11.724129794995232,219.91451775769107,398.3069763183594,0.12268888699214836,1.847437240122934
T. forrestii,1,800,19,400,1.2726516197856026,88.20294742839535,110.23451232910156,0.16570908446393534,1.909206304027699
T. forrestii,1,800,20,400,1.3580289769747218,81.95438397252407,100.43939971923828,0.21882108917166873,1.9760585845007157
T. forrestii,1,800,21,400,1.0141186377395985,76.49168504819488,90.25511932373047,0.25791711541565016,2.020428686280764
T. forrestii,1,800,22,400,0.4196982942347535,71.7098065443269,80.36112213134764,0.29025557108671474,2.053832348613796
T. forrestii,1,800,23,400,-0.03226062077922037,65.20189024312091,70.41596221923828,0.32316196232118627,2.0887980899299
T. forrestii,1,800,24,400,-0.8220443941140096,59.866349525044285,60.31550598144531,0.35207743380099715,2.121653017261604
T. forrestii,1,800,25,400,-1.5997797024748015,54.146503460870335,50.35626602172851,0.3747384338208247,2.1435154751626397
T. forrestii,1,800,26,400,16.496586716632443,274.710835215496,397.8606567382813,0.28373938455170333,2.0499353736343617
T. forrestii,1,800,27,250,8.897179710658843,248.9974665179247,397.9690551757813,0.1134028349046044,1.8412514705096836
T. forrestii,1,800,28,250,0.6484798801047491,94.4448742159247,110.0971450805664,0.1633476563869976,1.9122011627769095
T. forrestii,1,800,29,250,0.9257348636190135,86.36389912652582,100.4399642944336,0.2402816706325795,2.007745753850526
T. forrestii,1,800,30,250,0.3861079451470453,81.27092426293012,90.26631164550781,0.27851047675441903,2.056800975644466
T. forrestii,1,800,31,250,-0.07870092233058623,74.8695001746154,80.434844970703125,0.28901952237773776,2.074110686231812
T. forrestii,1,800,32,250,-0.5314576380427952,68.11092786326022,70.46247100830078,0.3171785553749134,2.103740964846249
T. forrestii,1,800,33,250,-1.1320679540355525,61.55339477313567,60.251914978027344,0.3438264339145202,2.1296526724491267
T. forrestii,1,800,34,250,-1.7127307602060047,54.82749540063978,50.28266143798828,0.3644579328700937,2.1452187187440432
T. forrestii,1,800,35,250,11.47052047009174,298.0764880674171,397.7331848144531,0.24896367861872823,2.0321627684810664
T. forrestii,1,800,36,150,5.19885486890883,266.4213753610422,397.8187255859375,0.07512464167576723,1.8015850412244327
T. forrestii,1,800,37,150,-0.31493179349247574,104.12916150435504,110.00064849853516,0.11808650637586468,1.8658775701609556
T. forrestii,1,800,38,150,-0.060415483485886934,93.08861772126909,100.41986083984376,0.19016783245280872,1.9585890269930823
T. forrestii,1,800,39,150,-0.41049286951139696,86.51815135443337,90.25064849853516,0.23908601123617723,2.0160739657410742
T. forrestii,1,800,40,150,-0.7193761486979073,79.24597094619887,80.41991424560547,0.24347216938906016,2.024770424032293
T. forrestii,1,800,41,150,-1.025517800618095,71.64628174786176,70.45258331298828,0.2580664613553454,2.0437848508562895
T. forrestii,1,800,42,150,-1.3914030205904817,63.87668695798117,60.26085662841797,0.28257163850477446,2.071811073175893
T. forrestii,1,800,43,150,-1.9668748755166523,57.37172304893916,50.25059509277344,0.30334363102921597,2.094481359503363
T. forrestii,1,800,44,150,6.92219283196339,312.66199375997996,397.4969177246094,0.17695341308308302,1.9489323161418144
T. forrestii,1,800,45,100,3.2402618783891297,276.1070470366494,398.0771484375,0.05074306093526305,1.767306949579186
T. forrestii,1,800,46,100,-0.6350915047706404,109.69620694038436,109.99570465087892,0.09070297734375542,1.8253425967029324
T. forrestii,1,800,47,100,-0.7601122570629544,99.90371120123893,100.36859893798828,0.16505793193906337,1.927882864494488
T. forrestii,1,800,48,100,-0.8799634689428657,90.37615516889119,90.210479736328125,0.2117373380250911,1.9843401170195427
T. forrestii,1,800,49,100,-0.9687316279586478,81.78635790243953,80.41609191894531,0.2046235540372201,1.9700687799671723
T. forrestii,1,800,50,100,-1.1836689905122588,73.87212555684847,70.432647705078125,0.20641630220796972,1.974364035276696
T. forrestii,1,800,51,100,-1.5511345740074292,66.0245810881076,60.28094100952149,0.23929877895415425,2.015256058618892
T. forrestii,1,800,52,100,-1.9151343561425995,58.30420822356368,50.29252243041992,0.26098701824446396,2.0391589501764975
T. forrestii,1,800,53,100,4.2449989519790545,322.3385012537082,397.39898681640625,0.12401880488476227,1.871910038924252
T. forrestii,2,200,1,1500,36.41273929823927,287.1664258322056,400.15618896484375,0.9647398900403985,2.3538090567364125
T. forrestii,2,200,2,1500,27.47315598892644,206.61290759039792,299.9478759765625,0.8237170204337073,2.288294132992887
T. forrestii,2,200,3,1500,16.653978669278516,139.23361356043725,199.9385528564453,0.7558888952182664,2.252704303633436
T. forrestii,2,200,4,1500,3.8802355284066405,72.72115995176067,89.95354461669922,0.7355661941924557,2.2608139354865853
T. forrestii,2,200,5,1500,2.819212738886711,66.74015791222895,79.96707916259767,0.7622148998534872,2.2954363634514157
T. forrestii,2,200,6,1500,1.67974995063619,60.838416466335744,70.03413391113281,0.7819312269137029,2.3194277899316513
T. forrestii,2,200,7,1500,0.5564221312870334,54.677558249487134,60.06378555297851,0.7913841637423836,2.3413867302352154
T. forrestii,2,200,8,1500,-0.7699168842462967,49.068355587452245,50.10216522216797,0.801819168330655,2.363220544071839
T. forrestii,2,200,9,1500,30.23371967343691,287.43341051638686,399.9173278808594,0.7262355876115566,2.327993254370187
T. forrestii,2,200,10,1500,30.009359130263096,264.53942837558765,399.90042114257807,0.534198005265816,2.180292292251106
T. forrestii,2,200,11,1500,29.85379111797093,252.41681498406425,399.9630737304687,0.46629875213588245,2.1229232327211647
T. forrestii,2,200,12,1500,35.54418762640081,313.88960121859276,499.9622192382813,0.4306930186771968,2.098264594395252
T. forrestii,2,200,13,1500,38.71054747259445,366.969240147105,599.95843505859375,0.35841182776841424,2.0306192218763752
T. forrestii,2,200,14,1500,42.221279398640654,471.6501060064019,799.92999267578125,0.26063177911664714,1.9208175421701452
T. forrestii,2,200,15,1500,46.454341666478484,669.8716307817552,1150.0672607421875,0.1863668101202765,1.8258036569155376
T. forrestii,2,200,16,1500,48.62655084690983,881.5625825164713,1499.84228515625,0.14728450155080658,1.7746123221838352
T. forrestii,2,200,17,1500,14.316188511994422,210.94034123995212,399.9256896972656,0.14334997817456227,1.7781838687465643
T. forrestii,2,200,18,400,12.944305629836373,277.2814997234321,400.5475769042969,0.21873760084768468,1.913363287249376
T. forrestii,2,200,19,400,2.1275151428891412,94.90397424112913,118.17581939697266,0.24691551280928817,1.958048482157028
T. forrestii,2,200,20,400,2.272723328932874,89.61255423958096,109.39202880859376,0.32802031030455187,2.058589672303788
T. forrestii,2,200,21,400,2.5843294953857776,82.7617698326849,100.85831451416016,0.4187817180800411,2.1511475518163934
T. forrestii,2,200,22,400,1.7387486071419458,79.01635468586676,91.66303253173828,0.484542825006566,2.220763797089341
T. forrestii,2,200,23,400,1.3071036657115105,73.18596407842051,82.87542724609375,0.5616283021816454,2.2870369071598105
T. forrestii,2,200,24,400,0.6043522747625303,67.56753794954197,73.97473907470702,0.6325974134088054,2.35978422617713
T. forrestii,2,200,25,400,-0.03157159215661515,60.867173997849875,64.55232238769531,0.7183681660053578,2.415562196846295
T. forrestii,2,200,26,400,16.836786422129535,329.5874861804688,396.8175659179687,0.7608317066982314,2.4616468080658813
T. forrestii,2,200,27,250,10.539332646524622,348.15094323791305,395.1420593261718,0.7798452730815082,2.4697308150813915
T. forrestii,2,200,28,250,2.7130180220657545,105.26949112933916,118.81752777099608,0.8119492033915696,2.497350619430988
T. forrestii,2,200,29,250,2.426040062608981,98.69462359530992,110.6702880859375,0.8805921990331234,2.5421761822163536
T. forrestii,2,200,30,250,1.9044119140897584,92.00819973233125,101.95569610595705,0.9354257474238631,2.573814376992901
T. forrestii,2,200,31,250,1.444618474401309,84.60356458159855,92.896697998046875,0.9673237510475685,2.5968593520296563
T. forrestii,2,200,32,250,1.0075510693277199,77.07010513971629,83.7781982421875,1.0051354517483162,2.613382336528841
T. forrestii,2,200,33,250,0.4532197430104428,69.74219294755952,74.59093475341797,1.0746308032042238,2.645133065972768
T. forrestii,2,200,34,250,-0.14054561824290168,62.168831698904995,65.17930603027344,1.1465747051977109,2.675926906499939
T. forrestii,2,200,35,250,11.765495541924253,353.85542237318924,395.81643676757807,1.179320625425566,2.6911060171865393
T. forrestii,2,200,36,150,6.345517683035619,364.1077993339099,394.8059387207031,1.0216015596699646,2.627135855334549
T. forrestii,2,200,37,150,1.0981841829869827,109.83294393903238,117.95858764648438,0.9844706162295572,2.6142732455131625
T. forrestii,2,200,38,150,1.1269857867178417,101.59634629195084,109.45086669921876,1.004619003477293,2.625418561793151
T. forrestii,2,200,39,150,0.8680569073516444,94.16062778988751,101.04088592529295,1.0214802844599724,2.639389158366539
T. forrestii,2,200,40,150,0.5382785968760683,86.56361467837775,92.23484802246094,1.0542600704411211,2.6534453561228
T. forrestii,2,200,41,150,0.2542305289230576,78.41139826294386,83.03783416748047,1.073633274760534,2.6650044243259328
T. forrestii,2,200,42,150,0.005173981373273906,70.40656972932315,74.112030029296875,1.0865477614354722,2.6751723703704484
T. forrestii,2,200,43,150,-0.628313665230302,62.68913447837369,64.50853729248047,1.103680624133174,2.6823418585588805
T. forrestii,2,200,44,150,7.2599232637765105,362.8121995379464,395.38031005859375,1.0647699736367688,2.6659452760576676
T. forrestii,2,200,45,100,3.5895674706705063,367.0598129777431,393.7331848144531,0.7001997487601508,2.462919368297182
T. forrestii,2,200,46,100,-0.01807402849807449,111.18266647108464,116.77233123779295,0.6449833587654036,2.423575208767623
T. forrestii,2,200,47,100,0.07785870838680825,102.97148788865056,108.5419921875,0.6779653972477783,2.447462620440172
T. forrestii,2,200,48,100,0.29122328848274703,94.38331800919462,100.2840576171875,0.7117791833697941,2.468768213161354
T. forrestii,2,200,49,100,0.3059257783495232,86.3978426441342,92.0069580078125,0.738669570921022,2.488564322855906
T. forrestii,2,200,50,100,-0.2368962340915336,79.30231679353187,82.8873748779297,0.758882528783127,2.5042620846885986
T. forrestii,2,200,51,100,-0.43741569808100117,71.15822947018434,73.81229400634764,0.7897671045672562,2.524145609046289
T. forrestii,2,200,52,100,-0.8983234998691842,63.46927563688762,64.44420623779297,0.8169314182583627,2.539800797303702
T. forrestii,2,200,53,100,4.74177672607915,367.0761904879242,395.9627380371094,0.8082157012853354,2.5357679909816944
S. laxum,1,800,1,1500,17.19262005443965,234.46247611144355,399.9557189941406,0.2112599127777736,1.9571816841176624
S. laxum,1,800,2,1500,12.782559482610818,181.81432217900675,299.92437744140625,0.22529055296922365,1.9866983277110557
S. laxum,1,800,3,1500,8.238540545436964,131.9750054625386,199.96136474609375,0.2680967062190871,2.052752227910387
S. laxum,1,800,4,1500,1.7477451681885663,71.89806902547788,89.9791030883789,0.2720563496848828,2.063623460589006
S. laxum,1,800,5,1500,1.0315486301588783,65.12545492054458,79.947662353515625,0.21504408821989549,1.9751031948414168
S. laxum,1,800,6,1500,0.4742273505335347,59.57315997608606,70.04468536376953,0.19239020594065964,1.9426650036983628
S. laxum,1,800,7,1500,0.09354549340442536,53.58356822509937,59.87351989746094,0.20253220919725393,1.9474080460786352
S. laxum,1,800,8,1500,-0.44961918092678055,48.76100339463019,49.915042877197266,0.21895682290527296,1.977736506830566
S. laxum,1,800,9,1500,16.32068857492866,231.28140690228344,399.849609375,0.19451051446193773,1.9427299345686917
S. laxum,1,800,10,1500,13.05295566466401,207.02056868222377,400.0223083496094,0.12823635232753683,1.8226974920158685
S. laxum,1,800,11,1500,13.92790256902871,220.22832615756,399.97845458984375,0.14962264659813165,1.850275056771119
S. laxum,1,800,12,1500,17.338408056744374,271.45627848431906,499.9504089355469,0.14526460446999834,1.849385399363775
S. laxum,1,800,13,1500,20.50421611980149,324.79314204219355,600.0037841796875,0.1420036243748496,1.8512897329193072
S. laxum,1,800,14,1500,22.108310649030887,402.2739768349808,799.92620849609375,0.101525898371015,1.773116148137371
S. laxum,1,800,15,1500,24.92245401761402,535.1968648211931,1150.050048828125,0.07117454151365149,1.7077314622615525
S. laxum,1,800,16,1500,26.67895724112363,673.7808083256806,1499.9014892578125,0.05535514059863682,1.671823363276664
S. laxum,1,800,17,1500,7.920516118315994,211.94351769335233,400.0461120605469,0.07725647031084751,1.7174079698191635
S. laxum,1,800,18,400,9.539863933317998,242.5960671637425,397.54299926757807,0.11875403627910744,1.803984787823938
S. laxum,1,800,19,400,1.4106189558422908,86.49264610052919,110.05168914794922,0.15757310398191704,1.8748532778083755
S. laxum,1,800,20,400,1.6922659767461494,80.36691994758327,100.40424346923828,0.23124259926909213,2.000364504651661
S. laxum,1,800,21,400,1.3561136899502664,73.88153968639975,90.16657257080078,0.24702355477836507,2.0271260291466024
S. laxum,1,800,22,400,0.8928131615266728,67.07937324195125,80.277435302734375,0.2260177837686716,1.9975148605526192
S. laxum,1,800,23,400,0.40311758791274516,60.85035378102755,70.284149169921875,0.20406008243232537,1.9619140132673785
S. laxum,1,800,24,400,-0.018660953336509967,54.64129382097348,60.09097671508789,0.19446365959912404,1.9418401099191396
S. laxum,1,800,25,400,-0.41303171302130737,48.6757020352784,50.11837387084961,0.19036536582003627,1.9323840988393055
S. laxum,1,800,26,400,7.735144955635116,218.1674920893024,396.8742370605469,0.08030983714197629,1.7213838620030002
S. laxum,1,800,27,250,5.003184445845793,206.24124366794356,396.9274597167969,0.04726618956608256,1.6380094420699751
S. laxum,1,800,28,250,0.6033682962255267,85.1384351911461,109.78600311279295,0.07442220403274089,1.6963115552849195
S. laxum,1,800,29,250,0.9762349702640687,78.89934965200794,100.1992645263672,0.12889165944264463,1.80577051342123
S. laxum,1,800,30,250,0.8756181733149444,73.26015050452462,90.01130676269531,0.1608320828853459,1.864693673354719
S. laxum,1,800,31,250,0.5155522153804422,67.60284897318861,80.20252990722656,0.15908903483957745,1.8643669971429917
S. laxum,1,800,32,250,0.16889230945124528,61.39810999980656,70.27921295166016,0.14655658742406222,1.8435144055556736
S. laxum,1,800,33,250,-0.24862341257815707,56.419236057733656,60.08551788330078,0.13717464589946737,1.827276151901344
S. laxum,1,800,34,250,-0.5453704334774285,50.61236087158631,50.11820983886719,0.13159804147829088,1.8154246510445955
S. laxum,1,800,35,250,3.83662189214346,219.6120725773654,396.8112182617187,0.039304572584761846,1.615400247080688
S. laxum,1,800,36,150,2.6133514774916993,216.6757799113996,396.7533264160156,0.026145847985572807,1.5755440208304208
S. laxum,1,800,37,150,-0.17352907864969275,99.8322990849364,109.70989990234376,0.03818494669440724,1.6038372492766648
S. laxum,1,800,38,150,0.21877190357211868,82.40929865544581,100.08643341064452,0.06416704503583234,1.6617546078554442
S. laxum,1,800,39,150,0.25115518100342243,75.75541003507178,89.87796783447266,0.09158146580879316,1.7178825998089453
S. laxum,1,800,40,150,0.10940430672950974,70.03331154688686,80.05647277832033,0.10988956422636756,1.7533097765013808
S. laxum,1,800,41,150,-0.12634808569608758,64.20771551624944,70.17134094238281,0.11536051050155462,1.765242587062385
S. laxum,1,800,42,150,-0.34475045219096956,57.857273176524686,60.30659866333008,0.11322834721820788,1.7625073111098608
S. laxum,1,800,43,150,-0.673682623746778,53.32161959199803,50.40472412109375,0.1101050503225922,1.7599752515167784
S. laxum,1,800,44,150,2.674835537236593,222.4571632529462,397.1414794921875,0.02777131316835192,1.581821263006248
S. laxum,1,800,45,100,1.5653912336211158,228.2242913073522,397.19427490234375,0.016872037959004313,1.5723647312524551
S. laxum,1,800,46,100,-0.3997904279609597,113.03027007231591,110.50745391845705,0.023318743778116924,1.595668587821623
S. laxum,1,800,47,100,-0.1524997163222616,89.9576676201092,100.72341918945313,0.03734355329272123,1.6334639795908588
S. laxum,1,800,48,100,-0.14938717339062133,81.77593465384447,90.52386474609376,0.053516465376660625,1.6723499511497355
S. laxum,1,800,49,100,-0.10061936584077683,72.21696846236848,80.6593017578125,0.07092529065137786,1.7094375591651767
S. laxum,1,800,50,100,-0.29389582678161946,67.0339833275017,70.68351745605469,0.08199325209470838,1.7330481546687662
S. laxum,1,800,51,100,-0.48264337625313497,60.737060970746995,60.453025817871094,0.08682469540466164,1.7388600569357222
S. laxum,1,800,52,100,-0.6731417205695704,54.56245546669587,50.398475646972656,0.08754219290177456,1.7347705417487305
S. laxum,1,800,53,100,1.8749180713613551,251.5703119528288,396.5660705566406,0.024048244452019328,1.5877294454156
T. cristatus,1,800,1,1500,23.90829874183875,202.2146701067811,400.2091369628906,0.2384943043249257,1.8203128695226916
T. cristatus,1,800,2,1500,18.398617189083097,164.64075094807356,300.0278625488281,0.2772568087404801,1.844457443891239
T. cristatus,1,800,3,1500,13.120076910184054,116.36653550062924,199.9546813964844,0.33783799339027215,1.9213360045849697
T. cristatus,1,800,4,1500,5.193945937866999,59.201386296383205,90.1067123413086,0.40563430289545394,1.992343467756291
T. cristatus,1,800,5,1500,4.787445121307278,54.467452385882275,80.11553192138672,0.47307942535754066,2.048231750152176
T. cristatus,1,800,6,1500,3.9345751594166147,49.52325798884585,69.88965606689453,0.5178625676570794,2.085697343350286
T. cristatus,1,800,7,1500,3.2123089262317865,43.83624491869021,60.020164489746094,0.562121078724816,2.1010656373097443
T. cristatus,1,800,8,1500,2.280385238856194,37.636304154712946,50.08387756347656,0.5568461955567925,2.1073596419342793
T. cristatus,1,800,9,1500,25.175486254580942,256.19984578251206,399.9486083984375,0.3860660491412886,1.9504481734791623
T. cristatus,1,800,10,1500,21.71584519970751,221.3524083956659,400.1101989746094,0.24335823965303816,1.7803491497563664
T. cristatus,1,800,11,1500,21.770824273558762,214.341562133772,400.0831909179687,0.23212735553792968,1.7536665464300314
T. cristatus,1,800,12,1500,25.199221244000803,264.38481698544615,500.0095520019531,0.2074067050924588,1.7087787479467806
T. cristatus,1,800,13,1500,26.987474089391256,307.841364390116,599.94775390625,0.17509467387276034,1.664041001639329
T. cristatus,1,800,14,1500,30.511358162006246,410.6632808511146,800.1715087890625,0.14502762596488347,1.612471051200293
T. cristatus,1,800,15,1500,35.56213238434659,609.8246448295871,1150.095947265625,0.11944598180524728,1.5664438046066207
T. cristatus,1,800,16,1500,40.66915499498198,833.9194433767985,1499.94384765625,0.11008530304657888,1.545288117893666
T. cristatus,1,800,17,1500,14.360715012268159,221.0829498587421,400.0680236816406,0.15318869184156125,1.6081375590154274
T. cristatus,1,800,18,400,12.463602744696777,257.7092799922506,396.9563598632813,0.17962130367403567,1.635687602338585
T. cristatus,1,800,19,400,2.5650657758028195,81.57445962986912,109.9430694580078,0.225558041367343,1.6944454794168853
T. cristatus,1,800,20,400,3.042493117103802,74.8394067856826,100.2397689819336,0.3058691108043877,1.7899796593362844
T. cristatus,1,800,21,400,2.9360852985145995,69.207564641466,90.0942611694336,0.38222972613644407,1.871031017164161
T. cristatus,1,800,22,400,2.439155120476546,63.97000102807887,80.232940673828125,0.4479134815197228,1.9369923670886635
T. cristatus,1,800,23,400,1.994179295518445,57.117101174359775,70.29498291015625,0.4903948714551485,1.979823139435379
T. cristatus,1,800,24,400,1.3629420538150014,50.33699680834774,60.09800720214844,0.5259348464966975,2.0071433825399727
T. cristatus,1,800,25,400,0.7707808451881693,43.25286781609885,50.130157470703125,0.5509168531891739,2.0254083228250965
T. cristatus,1,800,26,400,15.140015744899973,296.23200757273617,396.113525390625,0.35336721369909724,1.8323694012125344
T. cristatus,1,800,27,250,8.652745543378279,265.7355978250985,396.2004089355469,0.1313732801153596,1.50248696380022
T. cristatus,1,800,28,250,1.5992575015783266,84.01617267958791,109.77316284179688,0.16604604013149502,1.5499382934990862
T. cristatus,1,800,29,250,1.8296747470467316,78.93112368757512,100.16884613037108,0.24205409933088587,1.6650418810968404
T. cristatus,1,800,30,250,1.6899273402427974,72.69612472836022,89.93635559082033,0.2965952012197044,1.730323597458206
T. cristatus,1,800,31,250,1.4633228604558435,65.9551963003162,80.1383285522461,0.3386916881867458,1.7779774855836876
T. cristatus,1,800,32,250,1.1689380122755963,58.80638480525867,70.18238067626953,0.3762333912975849,1.8142475103804463
T. cristatus,1,800,33,250,0.6619106148329202,52.120606907851865,60.11041641235352,0.41133990061578746,1.85087921605882
T. cristatus,1,800,34,250,0.20996876932977626,44.79627161651781,50.099117279052734,0.4365348191465674,1.876981030816285
T. cristatus,1,800,35,250,10.901793055491076,300.18766504405596,395.8837890625,0.25645333937590586,1.6700130433676823
T. cristatus,1,800,36,150,5.703611088649599,289.7550573553862,396.1727600097656,0.10943728157155912,1.4366541961903567
T. cristatus,1,800,37,150,0.5351650119233589,93.51394472116375,109.7503662109375,0.1424253599591973,1.4875890458682988
T. cristatus,1,800,38,150,0.7162836189750248,86.15766468233791,100.13382720947266,0.2126902597910627,1.5945059856113948
T. cristatus,1,800,39,150,0.589292982664082,78.62986956218366,89.96332550048828,0.2549313651133516,1.6562483240720176
T. cristatus,1,800,40,150,0.36967516794312455,71.36820389674276,80.13594055175781,0.2888748883153676,1.6948725569473757
T. cristatus,1,800,41,150,0.23650588913812326,63.193499824547175,70.26628112792969,0.32678159831460873,1.7365083703648998
T. cristatus,1,800,42,150,-0.22107287129108294,56.11819653147291,60.08928298950195,0.36016702067129286,1.7822559996648342
T. cristatus,1,800,43,150,-0.5346172646475669,48.17183682330914,50.0977668762207,0.3885077239527094,1.8127673939682136
T. cristatus,1,800,44,150,7.251686599415804,311.40247533484455,396.2486267089844,0.19436300764551093,1.5739406922491908
T. cristatus,1,800,45,100,3.7994269804412046,306.1108234403733,395.9561462402344,0.08950340964158261,1.3889772412841412
T. cristatus,1,800,46,100,-0.1812340161196647,101.49934844372552,109.67877960205078,0.12176493101036764,1.4427261417308836
T. cristatus,1,800,47,100,-0.04132060942675403,91.993992570573,100.02761840820313,0.1898407563482602,1.5485381132430047
T. cristatus,1,800,48,100,-0.06861178844242838,82.99471450379646,89.88805389404298,0.22835746771218043,1.6031547995111175
T. cristatus,1,800,49,100,-0.16032238713683433,74.5230192510962,80.14118957519531,0.2555224540041602,1.6417751987949305
T. cristatus,1,800,50,100,-0.3569412327132342,66.41248604490195,70.20025634765625,0.28694707354412824,1.6848147149838042
T. cristatus,1,800,51,100,-0.7084976207577315,58.77475785196381,60.04034805297851,0.31872529522338683,1.724789686984601
T. cristatus,1,800,52,100,-0.9023530598144199,50.17217867773785,50.05387496948242,0.34224181805485393,1.7533684803105571
T. cristatus,1,800,53,100,4.957185390397354,320.1334465991723,396.1956787109375,0.15062397185676318,1.4961781754294206
T. cristatus,2,200,1,1500,21.406313369570768,172.3775103128332,399.8297119140625,0.17556916245925652,2.131008197512245
T. cristatus,2,200,2,1500,16.79312564706041,135.39614127238937,300.2227478027344,0.1942661260016835,2.161835831836797
T. cristatus,2,200,3,1500,11.21326563167624,101.86701437299983,199.74139404296875,0.22779021530668797,2.2021164131104305
T. cristatus,2,200,4,1500,4.294538007242822,54.588328005009615,90.04973602294922,0.2681815836859855,2.2475826149156783
T. cristatus,2,200,5,1500,4.223864262369864,48.76433721087816,80.12517547607422,0.30535865393389977,2.2859774422434276
T. cristatus,2,200,6,1500,3.536054739749823,44.98899985780338,70.17192077636719,0.3324213484409152,2.313424555354708
T. cristatus,2,200,7,1500,3.0096353897151866,39.465703102905096,60.2954216003418,0.3553631188285657,2.3356673740962868
T. cristatus,2,200,8,1500,2.2134605251561874,34.47411812767468,50.12434005737305,0.37344184812128167,2.3514052812046575
T. cristatus,2,200,9,1500,25.507149544774578,218.5788222239655,399.8529968261718,0.28337510483059103,2.265737895173952
T. cristatus,2,200,10,1500,20.742461353631416,183.84330294719555,399.7701416015625,0.1809160308085449,2.155593711603069
T. cristatus,2,200,11,1500,20.614645079140704,178.2252651159475,400.0741271972656,0.17382011744901008,2.1408377038128092
T. cristatus,2,200,12,1500,23.97162216828568,213.7317229572249,499.8835144042969,0.15382298042137155,2.113447560988425
T. cristatus,2,200,13,1500,26.536067119462558,239.99841789180152,600.10748291015625,0.13273053291997433,2.084772941009156
T. cristatus,2,200,14,1500,29.075849696782942,304.86967210827623,800.08380126953125,0.1030182246712412,2.044201530133083
T. cristatus,2,200,15,1500,31.834152401541992,460.62100865063854,1149.873291015625,0.07917971242097599,2.0088563415950484
T. cristatus,2,200,16,1500,38.49634339768243,581.916861541263,1499.9339599609375,0.0710085241190894,1.9961814023299669
T. cristatus,2,200,17,1500,12.049394607440506,181.862299894251,400.0323791503906,0.09937851464266342,2.0361522015857627
T. cristatus,2,200,18,400,10.608721545208084,218.554486317485,401.4641723632813,0.10650266864584718,2.0390944439479064
T. cristatus,2,200,19,400,2.0681418424064515,84.4609668145589,118.10802459716795,0.14354760531764207,2.090331553212076
T. cristatus,2,200,20,400,3.003995479335183,76.65848502212796,110.22614288330078,0.20376819849852904,2.1659142008992496
T. cristatus,2,200,21,400,2.7875908312960163,74.40332700908196,101.0270538330078,0.25292677990522855,2.222631617367384
T. cristatus,2,200,22,400,2.592717655874426,70.48198282811268,92.92626190185547,0.2921058032791178,2.263430483571719
T. cristatus,2,200,23,400,2.5948109316751893,63.64779492875208,84.17858123779298,0.3253009703177229,2.298390739177732
T. cristatus,2,200,24,400,1.8618511119042958,59.946243957047194,75.0898208618164,0.35198271670074416,2.3243415759989148
T. cristatus,2,200,25,400,1.432225261386416,53.86189430507338,65.86016082763672,0.3754868360508398,2.3486414085176075
T. cristatus,2,200,26,400,15.896694389412694,287.4407371177965,395.0444030761718,0.3226660799875177,2.309284879058934
T. cristatus,2,200,27,250,8.404203646223708,252.398182179088,394.1456604003906,0.11197931483894988,2.0734272317224387
T. cristatus,2,200,28,250,1.6359149387714744,89.99609181312218,118.77215576171876,0.14117164928080694,2.113715708614094
T. cristatus,2,200,29,250,2.6037276992878464,80.50429934330249,110.49146270751952,0.2037896537026224,2.189451462630968
T. cristatus,2,200,30,250,2.0179752594928466,80.63660468864883,101.90186309814452,0.2489743436973013,2.242386569858703
T. cristatus,2,200,31,250,1.8440809473331168,74.94122205834114,92.97344970703124,0.28252671394998785,2.2780710632635164
T. cristatus,2,200,32,250,1.3340764582705036,70.32817906634446,83.896636962890625,0.31056262445715854,2.310927605007979
T. cristatus,2,200,33,250,0.6472637505125096,65.87730106839417,74.63763427734375,0.33371988395545715,2.335813110470597
T. cristatus,2,200,34,250,0.7027147413102752,57.16994248170785,65.63641357421875,0.35618027629365856,2.357560752591526
T. cristatus,2,200,35,250,11.283549767524667,310.66671532133836,394.5416870117187,0.3038333300271712,2.3134080744574894
T. cristatus,2,200,36,150,5.151536181560054,293.5551908046598,392.2506103515625,0.11001473659937185,1.2990164365614327
T. cristatus,2,200,37,150,0.41869747550903325,100.77818352298657,116.56078338623048,0.13520733009461317,1.3440047394089345
T. cristatus,2,200,38,150,0.8589116100734007,92.32653458190121,108.2626953125,0.2057082618843156,1.4591889459086815
T. cristatus,2,200,39,150,0.7152112703188827,86.67304928621405,99.54778289794922,0.24789879973597423,1.5217727644664043
T. cristatus,2,200,40,150,0.6875390072074747,79.02989302597527,90.57376861572266,0.27838573355117335,1.5657054016702605
T. cristatus,2,200,41,150,0.3144451272933496,72.98756917449883,81.34663391113281,0.3037281323540873,1.6015645476474747
T. cristatus,2,200,42,150,0.2911299044251493,64.74687002571794,72.32084655761719,0.32676117893677137,1.6322481837556115
T. cristatus,2,200,43,150,-0.17560289951940294,58.30717246698326,62.709434509277344,0.3486107499092808,1.6604996414979103
T. cristatus,2,200,44,150,7.120707219462461,324.8130509098295,392.0875549316406,0.27108213641947637,1.566267984694059
T. cristatus,2,200,45,100,3.287755353994263,303.83065440687386,390.9322509765625,0.08149954428509881,1.253326398220088
T. cristatus,2,200,46,100,-0.18596759875277688,106.80305386953384,115.29759979248048,0.1191941643706826,1.323901380291667
T. cristatus,2,200,47,100,0.13747141202385948,97.23749150430413,107.28852081298828,0.18953471121269985,1.4402192801460916
T. cristatus,2,200,48,100,0.26737100560851795,88.75685549994951,98.63447570800781,0.2319678836495372,1.5067881529345175
T. cristatus,2,200,49,100,0.08304121600794512,81.76992197033103,89.4727783203125,0.26119846956814324,1.5497299300125014
T. cristatus,2,200,50,100,0.21705120895643915,72.89509359524511,80.80999755859375,0.2875661746057386,1.5856168677832827
T. cristatus,2,200,51,100,-0.22078123629269847,66.93936984607478,71.59944152832031,0.30864955053612375,1.6147301883077452
T. cristatus,2,200,52,100,-0.5199364216842645,59.96113706521768,62.46148681640625,0.33142000133260596,1.6430548008423649
T. cristatus,2,200,53,100,4.747703401354697,337.198422121893,391.4996643066406,0.24557734532634715,1.534140064751482
F. angustifolia,1,800,1,1500,30.157231798170624,267.11550220731016,400.053466796875,0.5377869698652764,2.042911310480849
F. angustifolia,1,800,2,1500,23.356360574525784,203.73781374125167,299.97650146484375,0.5937992655485166,2.089261831441254
F. angustifolia,1,800,3,1500,15.120048931999824,141.72316856840223,199.8665771484375,0.6712341800795845,2.1520443863038383
F. angustifolia,1,800,4,1500,5.0560166205334935,70.62444744382601,89.84807586669922,0.769641666792471,2.213704642758239
F. angustifolia,1,800,5,1500,4.30464869989617,64.38778806931198,79.9365463256836,0.8645236189467168,2.2646105706651
F. angustifolia,1,800,6,1500,3.3891764317605233,57.81538565089307,69.986083984375,0.9342406191823264,2.3130323086294085
F. angustifolia,1,800,7,1500,2.388563830120874,51.013540744504965,59.91093826293945,0.9912538971188708,2.343225786854324
F. angustifolia,1,800,8,1500,1.405455466417715,44.13571375678335,50.04368209838867,1.0390760763808669,2.3658596879708496
F. angustifolia,1,800,9,1500,31.176506882933378,308.5468205450601,400.061767578125,1.0531432437931707,2.3700474054734806
F. angustifolia,1,800,10,1500,31.965460812921837,307.17787227161847,399.9026184082031,1.0683416709784106,2.377272625860758
F. angustifolia,1,800,11,1500,31.981816139713583,307.9301026621902,399.9611206054687,1.0849216866229885,2.3857030019553496
F. angustifolia,1,800,12,1500,37.579551924826525,391.00196415996703,499.860107421875,1.0902750621959667,2.3881405798572812
F. angustifolia,1,800,13,1500,40.999125739722885,478.70456485633866,599.88909912109375,1.0827440202929943,2.3870998999415023
F. angustifolia,1,800,14,1500,45.30129086101667,659.14893557082,800.0263671875,1.053443763515044,2.376726050181751
F. angustifolia,1,800,15,1500,47.776840689483926,986.0439621126426,1149.9056396484375,1.003380924973622,2.358836580290925
F. angustifolia,1,800,16,1500,48.79933889595054,1314.7586496901145,1499.8876953125,0.9422421653877554,2.3354976522117794
F. angustifolia,1,800,17,1500,29.771349394621556,304.43395185703145,400.0866088867187,0.9063863080119917,2.3212238793689757
F. angustifolia,1,800,18,400,15.604416484345478,325.41626857183564,396.5364379882813,0.6099048619228986,2.133766177721787
F. angustifolia,1,800,19,400,3.291850053542359,92.86913443177248,109.7819366455078,0.5950829746623216,2.1257018486678136
F. angustifolia,1,800,20,400,2.829511086735556,85.63293244454609,100.08639526367188,0.6259040910459485,2.1453300518682226
F. angustifolia,1,800,21,400,2.3636564613377153,77.83372302466114,89.854949951171875,0.6661628674874015,2.169323990159901
F. angustifolia,1,800,22,400,1.666303362668051,71.02054807594537,80.0179672241211,0.7158576281438163,2.197887813317939
F. angustifolia,1,800,23,400,1.02496143494735,63.661091720884805,70.06886291503906,0.7683303229723752,2.2312257171644307
F. angustifolia,1,800,24,400,0.25030626329804134,56.30214256179071,59.943111419677734,0.818643029252726,2.260680206062374
F. angustifolia,1,800,25,400,-0.45134359487170245,48.669287584899685,49.94038009643555,0.8667925604820466,2.2864492101613725
F. angustifolia,1,800,26,400,16.67742250740978,334.27741606939117,395.9796142578125,0.8660815688294852,2.295553385834137
F. angustifolia,1,800,27,250,10.951186835587007,343.97788148913105,396.07952880859375,0.6695557537721233,2.1748220145554953
F. angustifolia,1,800,28,250,2.1475984854180945,96.85297108717928,109.5296630859375,0.6081068694637068,2.1367824819270465
F. angustifolia,1,800,29,250,1.7699378630856835,88.92527481049477,99.88185119628906,0.607477436345288,2.1349030231586656
F. angustifolia,1,800,30,250,1.3383469012520235,80.77193646401453,89.72232818603516,0.6197925230343861,2.1447267791909397
F. angustifolia,1,800,31,250,0.9108936933198493,72.9492509422729,79.9519271850586,0.6369879673376324,2.158402003298339
F. angustifolia,1,800,32,250,0.34564020920759253,65.38324162982715,70.01618957519531,0.659525429664147,2.174596180885099
F. angustifolia,1,800,33,250,-0.16284623152347988,57.334928237932026,59.87100601196289,0.686882077913936,2.1939683919675006
F. angustifolia,1,800,34,250,-0.8854559566488011,50.03170657075178,49.905372619628906,0.7147432499520147,2.214731548802607
F. angustifolia,1,800,35,250,11.469626909683315,342.23220252350137,395.8387451171875,0.6690395111280836,2.1768176062004057
F. angustifolia,1,800,36,150,6.3668314944049165,331.27269985678373,396.0428771972656,0.23977400619550063,1.8020565195210072
F. angustifolia,1,800,37,150,0.6881698669408135,95.18540810013192,109.46006011962892,0.15564157740839474,1.6965285236111376
F. angustifolia,1,800,38,150,0.5321157686143325,88.2724163998334,99.85846710205078,0.16833353972168486,1.7097752212956547
F. angustifolia,1,800,39,150,0.30874391995301775,81.68268628898741,89.7327880859375,0.20646060320011272,1.7586962591781048
F. angustifolia,1,800,40,150,0.08626096813069525,74.74289735771816,79.98365020751953,0.26992778478163154,1.8336261627596253
F. angustifolia,1,800,41,150,-0.3797078614191046,68.1564037813603,70.08111572265625,0.351109205467686,1.9209248483312256
F. angustifolia,1,800,42,150,-0.7514232518667142,60.014777981243405,59.960079193115234,0.43419723143711153,1.9977955066495925
F. angustifolia,1,800,43,150,-1.2384117914014592,52.092137088691224,49.9798583984375,0.5120490123732838,2.065230379462257
F. angustifolia,1,800,44,150,7.06381854487003,351.54695742289533,395.957763671875,0.5124853861580235,2.0671159812951374
F. angustifolia,1,800,45,100,3.9273730986879083,347.9895493504991,396.0173950195313,0.22654469166789967,1.795228914035135
F. angustifolia,1,800,46,100,0.1797424150428651,101.28717294779082,109.49086761474608,0.1773488161639599,1.7347971266687383
F. angustifolia,1,800,47,100,0.13363241781465757,92.99934394421724,99.90553283691406,0.20706343300529817,1.768530076316558
F. angustifolia,1,800,48,100,-0.09475492754869823,85.4113861164894,89.816619873046875,0.262929190657943,1.8342897957129607
F. angustifolia,1,800,49,100,-0.35346952916176444,77.71202237843583,80.09496307373047,0.3248051179030149,1.8999465220746496
F. angustifolia,1,800,50,100,-0.463086562169097,68.70886035238176,70.20228576660156,0.3789706308117826,1.949928604970395
F. angustifolia,1,800,51,100,-0.8589893295730324,60.841274410609294,60.15126419067382,0.4079252885566412,1.9816605202365607
F. angustifolia,1,800,52,100,-1.2850356244698828,53.17995091679008,50.324317932128906,0.43449029813371515,2.0035515120101626
F. angustifolia,1,800,53,100,4.5406018637747305,355.50063635907424,396.35452270507807,0.3567965999872517,1.9307362989349204
S. laxum,2,200,1,1500,17.938429568066883,216.66274825554763,399.9425048828125,0.19119450891743425,1.77362648748036
S. laxum,2,200,2,1500,12.791737801074625,171.2853783810573,299.70001220703125,0.19863282649565003,1.7883603208653511
S. laxum,2,200,3,1500,8.284953005775552,126.06245712145672,200.1585693359375,0.2360777849069724,1.845632020137273
S. laxum,2,200,4,1500,1.932283160454328,70.99534090179995,90.305419921875,0.27597520450739055,1.9041002175232864
S. laxum,2,200,5,1500,1.5095569403305555,64.39767153517128,80.0998306274414,0.28771356994550196,1.9277959624339416
S. laxum,2,200,6,1500,0.8584463370119477,57.744236125826625,69.94178771972656,0.2502577465580572,1.887244617185788
S. laxum,2,200,7,1500,0.061752917620712444,53.55033838821901,59.82136535644531,0.2294478339854666,1.8563991451518087
S. laxum,2,200,8,1500,-0.6742104972988725,49.67728094750867,49.79611587524414,0.22936547562377504,1.8572387273213973
S. laxum,2,200,9,1500,18.369282243823072,220.61325316875275,399.9832458496094,0.20173845415915972,1.8238358031138775
S. laxum,2,200,10,1500,16.2911421923826,212.53171532892537,400.0866394042969,0.16706166575052744,1.775167901709734
S. laxum,2,200,11,1500,17.057456886710128,218.31092582287224,399.9597473144531,0.1826645206849044,1.7992627327848458
S. laxum,2,200,12,1500,23.144566506053494,286.1066183884778,500.166259765625,0.21411026787234047,1.8446413636351937
S. laxum,2,200,13,1500,27.790833598678862,362.3082155408621,600.01702880859375,0.2354233054155322,1.8752516807519133
S. laxum,2,200,14,1500,34.08093595233349,513.5244206199526,799.8877563476564,0.24254475399262904,1.8898575741943204
S. laxum,2,200,15,1500,39.881386154705154,809.5106480248435,1150.1180419921875,0.24361812886887552,1.8934909164425335
S. laxum,2,200,16,1500,42.183350301864245,1124.939502796544,1500.1446533203125,0.23839181424023553,1.8863183314216876
S. laxum,2,200,17,1500,16.406689034886874,256.88471387068654,400.00494384765625,0.23606622306050243,1.8872746974222976
S. laxum,2,200,18,400,10.90667730900756,248.5120580456223,397.24169921875,0.14286295745737504,1.756752742112614
S. laxum,2,200,19,400,1.5446361880216206,90.7172529432825,116.28001403808594,0.15952888284623587,1.783571716041406
S. laxum,2,200,20,400,1.7168133660446128,84.20230348116327,107.21253967285156,0.1989881783588683,1.8408525447067805
S. laxum,2,200,21,400,1.5955108361246801,79.14453640544056,98.630096435546875,0.23099283058088815,1.888414324329729
S. laxum,2,200,22,400,1.5192151125664695,71.94266797603258,89.83617401123047,0.24433123423230785,1.9096202046422404
S. laxum,2,200,23,400,0.8309512291880601,68.22911558686125,80.744964599609375,0.24303709875378307,1.9120772735914504
S. laxum,2,200,24,400,0.49208879627401403,62.099125685506685,71.90825653076172,0.2382193908081497,1.9087231736652903
S. laxum,2,200,25,400,0.1347838866443017,56.05131160784524,62.889278411865234,0.23513860461881295,1.9065106481002585
S. laxum,2,200,26,400,13.073315082897807,260.6248625411435,390.4744873046875,0.20670898225522183,1.8681893254822353
S. laxum,2,200,27,250,8.748821439922978,256.888535993474,389.5699768066406,0.12929311630273205,1.7468183164640505
S. laxum,2,200,28,250,1.2007732474723012,90.70172491573844,115.48602294921876,0.1337273470033441,1.754640906288114
S. laxum,2,200,29,250,1.3954748247295594,83.36791112649045,107.59120178222656,0.1543661558501228,1.7858120971069729
S. laxum,2,200,30,250,1.0707269222661604,80.44282259381917,98.69810485839844,0.17891745398873046,1.8211325056783971
S. laxum,2,200,31,250,0.921529091424385,74.69641503680636,90.08707427978516,0.1983177534496057,1.849757482920628
S. laxum,2,200,32,250,0.5942085440754035,69.24865985704693,81.05855560302734,0.20806032739602331,1.864696122716734
S. laxum,2,200,33,250,0.07339053664457318,64.65387007620748,71.65270233154297,0.21038375300536227,1.8684989094647029
S. laxum,2,200,34,250,-0.1875263715341197,58.426611864622274,62.94599151611328,0.20864426164913108,1.8670827427421173
S. laxum,2,200,35,250,10.355345865602345,272.28607114811734,390.8025512695313,0.17889765816813932,1.8235459003712025
S. laxum,2,200,36,150,5.8615474031884185,271.2841415211547,388.77642822265625,0.0981024237053102,1.693811971321033
S. laxum,2,200,37,150,0.7741994430378718,90.48576071493349,114.01216888427734,0.10139262552406142,1.6994449891272816
S. laxum,2,200,38,150,0.7221720907853459,86.68723229382779,106.00402069091795,0.12427081968459194,1.7355903224530629
S. laxum,2,200,39,150,0.6146847346171633,82.73008641378485,97.99174499511719,0.15287209264094728,1.7798523388018657
S. laxum,2,200,40,150,0.601917258771614,75.90092180144119,89.3984146118164,0.17697668845087977,1.8182669974571908
S. laxum,2,200,41,150,0.20462922629165564,71.6844254448778,80.5729751586914,0.18993538259481263,1.8339364109252347
S. laxum,2,200,42,150,-0.0259772619678032,65.27978206685479,71.67164611816406,0.19423676443398427,1.8390314312140836
S. laxum,2,200,43,150,-0.1554580669092745,57.751688664176,62.7568359375,0.19014843048009908,1.8359385479165795
S. laxum,2,200,44,150,6.8449620313690716,297.31884622820405,390.0484619140625,0.1569571818118232,1.7844101295095751
S. laxum,2,200,45,100,3.930258329239872,284.81614666927265,389.0300903320313,0.07518100525885939,1.6435775105082284
S. laxum,2,200,46,100,0.19379200664252472,97.3558083064231,114.647705078125,0.07330191640030366,1.6410082058462283
S. laxum,2,200,47,100,0.4189853579684066,87.46238113500726,107.0390853881836,0.08666485612958455,1.6640413250096608
S. laxum,2,200,48,100,0.30017026133064784,83.86503218045571,98.54730224609376,0.10769644278576256,1.6987050388515927
S. laxum,2,200,49,100,0.11654775941867906,79.23096946231263,89.6990966796875,0.12700274121487085,1.7302115845391526
S. laxum,2,200,50,100,-0.09856790090080991,74.48336932605706,81.41668701171875,0.14385278174495483,1.757935260502214
S. laxum,2,200,51,100,-0.15117990467657724,66.52503427037615,72.361602783203125,0.1541710515558486,1.773404026509801
S. laxum,2,200,52,100,-0.49064938806094005,61.30408165101339,63.07009506225586,0.15884846611994835,1.7789813379507686
S. laxum,2,200,53,100,5.059663914615399,308.4924019678818,390.07229614257807,0.1348930122975358,1.7435884155219827
T. cristatus,1,800,1,1500,27.71266924862002,219.75477689219625,399.8824768066406,0.3227888088775776,2.0224508774008862
T. cristatus,1,800,2,1500,21.302418733522913,169.57980981598163,299.8724365234375,0.34959406463722825,2.0282574461641487
T. cristatus,1,800,3,1500,14.386423954671539,119.5485682303086,199.9951934814453,0.39996466232990074,2.0828414127213186
T. cristatus,1,800,4,1500,5.785896284215425,58.858450757744805,90.03459167480469,0.455119508408137,2.13874435098088
T. cristatus,1,800,5,1500,5.21224245116408,54.861528319760346,80.14790344238281,0.5354524090462266,2.2006153061872173
T. cristatus,1,800,6,1500,4.537456422493165,48.507631188058326,69.93563079833984,0.5680393311802011,2.229724837614194
T. cristatus,1,800,7,1500,3.843689496581344,42.19335775401534,59.9755744934082,0.6000338255620771,2.2405874438702886
T. cristatus,1,800,8,1500,2.5145101526527314,36.85031517867328,49.86299514770508,0.5786628431020404,2.2717515465157048
T. cristatus,1,800,9,1500,29.48145433001216,265.2540438191217,400.1103515625,0.5178601196736257,2.170219982747847
T. cristatus,1,800,10,1500,26.893426690193106,234.8779147945384,400.1172790527344,0.3478599635552166,2.026974585473654
T. cristatus,1,800,11,1500,26.01858529491193,229.4722627756064,400.15524291992193,0.31946188976770096,1.9839245169511268
T. cristatus,1,800,12,1500,29.350780883901795,288.18620733428787,500.1282653808594,0.2830712859934429,1.925531265512065
T. cristatus,1,800,13,1500,31.473626912352305,324.4202051435297,600.0946044921875,0.22381330163531643,1.858309101722436
T. cristatus,1,800,14,1500,33.689070987422774,389.12523242277086,800.102294921875,0.15239430380294214,1.7707818274724996
T. cristatus,1,800,15,1500,36.211690303835965,594.202008114302,1149.8189697265625,0.11748356991854632,1.6940934801773837
T. cristatus,1,800,16,1500,41.377171645385445,719.641283902507,1500.0899658203125,0.0936202175357452,1.673169794524205
T. cristatus,1,800,17,1500,16.788312873306438,206.9444602200811,400.113037109375,0.16605562777813918,1.7890269502939191
T. cristatus,1,800,18,400,13.049853771831595,245.533794228108,396.6868286132813,0.1700456407414606,1.7958187948062547
T. cristatus,1,800,19,400,2.7990466809904344,81.13465495833474,109.9721908569336,0.23654799283631456,1.886725304758671
T. cristatus,1,800,20,400,3.050295605437712,75.45032679859195,100.27471160888672,0.312539684171889,1.9806504632254656
T. cristatus,1,800,21,400,2.9773358111959993,68.94089783944682,90.1400375366211,0.3727810854812087,2.0376519913984668
T. cristatus,1,800,22,400,2.4312671476986196,63.27248085193807,80.29640197753906,0.40834228952769225,2.0878949064934713
T. cristatus,1,800,23,400,1.8543298396745334,57.03239511046292,70.31532287597656,0.4382748373803213,2.122252890855743
T. cristatus,1,800,24,400,1.2484428011859765,50.44751564836555,60.1593017578125,0.4689411012458932,2.145098144017902
T. cristatus,1,800,25,400,0.7920809213235316,43.06744376887184,50.18669128417969,0.4955371756448382,2.1611356353795417
T. cristatus,1,800,26,400,16.05228977191902,290.2787689811275,395.7887268066406,0.34729747843884745,2.024117884791922
T. cristatus,1,800,27,250,8.918964444033215,261.56190307512253,395.7462463378906,0.13026010036349955,1.7262940688366073
T. cristatus,1,800,28,250,1.6731772339688487,84.45813672201649,109.7064971923828,0.17288896216834904,1.7896799200301756
T. cristatus,1,800,29,250,1.9740012260501643,79.33578858796001,100.1564712524414,0.258305817906055,1.905323735609636
T. cristatus,1,800,30,250,1.7399051892190842,73.6053825888906,90.0094223022461,0.31814526665929566,1.9871182761387172
T. cristatus,1,800,31,250,1.532918443514852,66.49479560253621,80.19745635986328,0.3587764543834408,2.029866208414489
T. cristatus,1,800,32,250,1.1589426951960529,59.486275970402005,70.26972961425781,0.3893014058904242,2.062643583696059
T. cristatus,1,800,33,250,0.706841898722749,52.31486192969002,60.15899658203125,0.41675027133279013,2.092844877095922
T. cristatus,1,800,34,250,0.14587406019303284,45.52169366525682,50.200775146484375,0.44200689465438814,2.117775671689582
T. cristatus,1,800,35,250,11.760576807160854,307.1373468576603,395.6448364257813,0.3074661075647872,1.96760546635231
T. cristatus,1,800,36,150,5.549522429990622,285.82792023201335,395.74026489257807,0.10068780673074194,1.6736404682861177
T. cristatus,1,800,37,150,0.6057478304820874,92.78841448198264,109.71424865722656,0.13577486730461596,1.729217195094534
T. cristatus,1,800,38,150,0.8947755252769634,85.50457588938205,100.15792846679688,0.21815973043690037,1.8496714644847672
T. cristatus,1,800,39,150,0.8586797001646443,77.92131487689629,90.1022186279297,0.2747707727900311,1.9290403861766827
T. cristatus,1,800,40,150,0.4799860944820998,71.553356486161,80.240753173828125,0.3104881244500607,1.9717237868851516
T. cristatus,1,800,41,150,0.27656964678423235,63.55959952902205,70.30023193359375,0.3401888603256353,1.9976924724210257
T. cristatus,1,800,42,150,-0.10375597631731853,56.01700528320294,60.18033981323242,0.36316297573503725,2.026952170441975
T. cristatus,1,800,43,150,-0.5465258300940906,48.760302113754925,50.23640441894531,0.38820509742798653,2.054954107237863
T. cristatus,1,800,44,150,7.515922217991942,319.84521821181056,395.6871643066406,0.23109263240255248,1.8743983116130405
T. cristatus,1,800,45,100,3.653709826289536,294.0144404547672,396.1800537109375,0.07179067918174237,1.6239117566024652
T. cristatus,1,800,46,100,-0.16115263501591717,101.90071598101774,109.84367370605467,0.1105706862419524,1.6895332333035766
T. cristatus,1,800,47,100,0.2795015324937312,89.94969997776987,100.45273590087892,0.18536465238819655,1.8050823121479336
T. cristatus,1,800,48,100,0.12284091944460979,82.51363272911402,90.04883575439453,0.2479130305129112,1.8907897624742616
T. cristatus,1,800,49,100,-0.07882968895962644,74.75006500504249,80.27165222167967,0.2760754678583468,1.9295263314803015
T. cristatus,1,800,50,100,-0.31805377328690476,66.82474827158643,70.37454986572266,0.29883942166304134,1.9610836597896704
T. cristatus,1,800,51,100,-0.573074821145577,58.600794272135225,60.25393295288086,0.32596696784758417,1.9938779827531543
T. cristatus,1,800,52,100,-0.8593183588516095,50.58581320251505,50.33924865722656,0.35155064784907475,2.017234181043459
T. cristatus,1,800,53,100,4.962403257226658,328.4701928508486,395.9964294433594,0.17402210594835008,1.7924281723211752
F. angustifolia,2,200,1,1500,35.00798400450827,281.5636904385545,400.1243591308594,0.739552851688938,2.1706494306674284
F. angustifolia,2,200,2,1500,26.859100151232006,209.85509674062325,300.1824645996094,0.7468608384662494,2.175528251399286
F. angustifolia,2,200,3,1500,17.045878815655737,143.91970206156094,200.16297912597656,0.7837463392019325,2.1955087697828275
F. angustifolia,2,200,4,1500,5.512516783160418,71.35482396058178,89.88452911376953,0.8656952360060916,2.234254659977553
F. angustifolia,2,200,5,1500,4.70215804681433,64.88587193299766,79.9722900390625,0.9676007510707603,2.288334740706196
F. angustifolia,2,200,6,1500,3.8547690482877996,58.11330233223584,70.1470947265625,1.063340320275565,2.3284167454606215
F. angustifolia,2,200,7,1500,2.7682704020976083,51.27434594024581,60.07379150390625,1.1569887075725889,2.3665384812653065
F. angustifolia,2,200,8,1500,1.8140179973329826,43.940702519913536,50.15401077270508,1.2238944288018183,2.396805258897424
F. angustifolia,2,200,9,1500,34.92562534037988,312.8523307150216,400.3958129882813,1.2449329363875026,2.4069154320601376
F. angustifolia,2,200,10,1500,35.203145378890184,309.8182184762245,399.7644348144531,1.199095871437303,2.3990007018246686
F. angustifolia,2,200,11,1500,34.971958711377766,305.7108786743587,399.8750915527344,1.0927043449144795,2.367128622219112
F. angustifolia,2,200,12,1500,40.78293311740205,377.79608843724935,500.02484130859375,0.9192356006542538,2.2929167492646956
F. angustifolia,2,200,13,1500,43.82310794330758,446.3184777377488,599.99212646484375,0.7276424899580567,2.1958781137336048
F. angustifolia,2,200,14,1500,48.76325257351893,591.4944843742805,799.95538330078125,0.5563854245595489,2.0888975481125525
F. angustifolia,2,200,15,1500,53.1987224396504,867.8083072363024,1149.94091796875,0.4299506134732733,1.9988655365882004
F. angustifolia,2,200,16,1500,56.40278708500793,1139.4344384969124,1500.0650634765625,0.3441783429884903,1.9285445395429417
F. angustifolia,2,200,17,1500,25.69030336470228,236.38886833927975,399.8538208007813,0.31980899849366295,1.9098577193519304
F. angustifolia,2,200,18,400,13.780227238867306,302.4569787040021,394.4966125488282,0.3345007109263102,1.9237902761997248
F. angustifolia,2,200,19,400,3.114070054657531,92.59127734504064,113.33684539794922,0.38718419871783294,1.9653380612596811
F. angustifolia,2,200,20,400,3.1264937915480804,86.90472606243917,104.65885925292967,0.4817463112359189,2.0346408550667547
F. angustifolia,2,200,21,400,2.383017463312419,82.74738044464634,95.762054443359375,0.5731331429036493,2.09852322455011
F. angustifolia,2,200,22,400,2.0604102170306926,76.4727721037175,87.192779541015625,0.6560847536503025,2.14704092430335
F. angustifolia,2,200,23,400,1.565862016758727,70.22258898723479,78.671295166015625,0.7144639644539521,2.1798445487526767
F. angustifolia,2,200,24,400,1.3359676126856712,62.31529386436448,69.454986572265625,0.7749756999863244,2.2133386938498587
F. angustifolia,2,200,25,400,0.6229322944862157,55.360917890082035,60.04200744628906,0.8173001084957127,2.2381382736042577
F. angustifolia,2,200,26,400,16.081149359379225,328.99556045849596,388.5632019042969,0.802360181761693,2.230659970153836
F. angustifolia,2,200,27,250,9.277948412810542,332.1865771552031,387.5293884277344,0.455568164446194,2.0236010687947856
F. angustifolia,2,200,28,250,2.4677925480273415,94.63429137842303,113.06623077392578,0.362473005037084,1.9501305511346143
F. angustifolia,2,200,29,250,1.5045453007280953,91.97860779597951,104.951416015625,0.3709994648840883,1.9535231531701576
F. angustifolia,2,200,30,250,1.520237850818171,84.12201069405319,96.35975646972656,0.39631695651179893,1.9724550768111513
F. angustifolia,2,200,31,250,1.1862203866362115,77.61831500027296,87.533599853515625,0.4247773436860274,1.9924808953675677
F. angustifolia,2,200,32,250,0.6292354751239319,72.07822601106963,78.9114761352539,0.4573362831707681,2.0145676283391367
F. angustifolia,2,200,33,250,0.22860476145434605,65.12114237541634,69.788238525390625,0.49058149284899055,2.0358461218692536
F. angustifolia,2,200,34,250,-0.38648420243653314,58.72317855808177,60.586631774902344,0.5318985035698323,2.059684810583043
F. angustifolia,2,200,35,250,10.591008082070156,331.60996239783805,388.3109436035156,0.5112561646765578,2.048529275780893
F. angustifolia,2,200,36,150,4.63347504873471,316.29806726617846,387.5470886230469,0.14354125194015935,1.7289136876549749
F. angustifolia,2,200,37,150,0.5825577230754407,94.02398233144659,111.88978576660156,0.1009261969717112,1.6800276812043302
F. angustifolia,2,200,38,150,0.3187922311501636,92.74429896752096,104.16539001464844,0.12923310804757748,1.7114599061033804
F. angustifolia,2,200,39,150,0.12458101147121392,88.51723182683223,95.7146224975586,0.1894728212489928,1.7758781221701063
F. angustifolia,2,200,40,150,0.19347489986383637,80.9238437501014,87.22532653808594,0.28029779730532794,1.8615808105790783
F. angustifolia,2,200,41,150,-0.4237402066572606,76.5536257282244,78.78099060058594,0.3686334986361858,1.93546859388554
F. angustifolia,2,200,42,150,-0.635004912324194,68.72595579312902,69.78204345703125,0.43735288165147573,1.9885430492099985
F. angustifolia,2,200,43,150,-1.019372119730893,61.25697593065775,60.578311920166016,0.4916511666181408,2.0299800041493583
F. angustifolia,2,200,44,150,5.640497498476469,349.2716361758744,387.7794189453125,0.4852454225083018,2.0282952957061062
F. angustifolia,2,200,45,100,2.7556268656166125,351.7086969289828,387.2640380859375,0.2556467947120914,1.8379717678452872
F. angustifolia,2,200,46,100,-0.19040132990827296,108.73027490101856,113.7050323486328,0.20361368952644385,1.7841055965210544
F. angustifolia,2,200,47,100,-0.07369014984467653,100.10751440147811,105.6588134765625,0.22377521458335228,1.8020427814909343
F. angustifolia,2,200,48,100,-0.38119060905951985,93.92699777822841,96.8895492553711,0.2658639992669617,1.8408125375618984
F. angustifolia,2,200,49,100,-0.5836730974687908,86.78476655486271,88.38237762451172,0.32173609032288064,1.8881244196367917
F. angustifolia,2,200,50,100,-0.7420515677630428,78.79437771295486,79.45892333984375,0.37182947072331246,1.9289382604787824
F. angustifolia,2,200,51,100,-0.9767777807010779,70.89866452990707,70.3433609008789,0.41007767562438546,1.962453699337144
F. angustifolia,2,200,52,100,-1.234044208565887,62.97593480030759,61.120338439941406,0.43846597031819,1.9843618609195113
F. angustifolia,2,200,53,100,3.3803627757025443,355.5346897055931,388.3650512695313,0.37792048048975047,1.9374402100819716
F. angustifolia,4,800,1,1500,23.775528673612794,236.94505132014817,399.9296875,0.31460648682652825,2.063523750368535
F. angustifolia,4,800,2,1500,17.141522332721877,182.41786249594625,299.9822998046875,0.3176707262390666,2.078131249438331
F. angustifolia,4,800,3,1500,10.46163910052267,128.58517682134817,200.10580444335935,0.32758823476251725,2.108855225770472
F. angustifolia,4,800,4,1500,3.0658061434157347,67.77053928134117,89.91981506347656,0.3512616852619711,2.139839992059453
F. angustifolia,4,800,5,1500,2.686447012621136,61.4180017813453,79.90455627441406,0.3845300622796928,2.1807281684437765
F. angustifolia,4,800,6,1500,2.1555805627353424,55.44611428343889,69.91573333740234,0.42105414746392184,2.2252962952175586
F. angustifolia,4,800,7,1500,1.5964913756908332,49.306773890027074,60.05668640136719,0.4608486435169646,2.265716618812265
F. angustifolia,4,800,8,1500,0.758462782412983,43.66466378939988,49.944541931152344,0.49682606284610575,2.304152025343821
F. angustifolia,4,800,9,1500,26.730969460043013,272.5577908798678,399.9229431152344,0.5248358006846753,2.3280328973155706
F. angustifolia,4,800,10,1500,28.00401866606183,270.14035518119107,400.0914611816406,0.5427745240565979,2.3463866393255595
F. angustifolia,4,800,11,1500,28.17628256236952,271.5222527896578,400.0017700195313,0.5572865687496634,2.356285889065577
F. angustifolia,4,800,12,1500,34.17143197910773,344.9704097695663,500.0350341796875,0.5631934256699032,2.357512119191524
F. angustifolia,4,800,13,1500,38.54214210097683,423.2510589804294,599.9425048828125,0.5598933000474401,2.3521653409430874
F. angustifolia,4,800,14,1500,44.179296681945814,591.5601015000983,799.93359375,0.5512146685604459,2.341710484864656
F. angustifolia,4,800,15,1500,47.6929742994945,911.8211260641098,1150.1080322265625,0.5389620713605486,2.3285112595905084
F. angustifolia,4,800,16,1500,48.97360277227845,1239.9265482507922,1500.267333984375,0.5241283935925894,2.3136430905410816
F. angustifolia,4,800,17,1500,26.222270958536598,273.2911039094165,400.0533447265625,0.5160536384155663,2.309173684014328
F. angustifolia,4,800,18,400,12.961905852039102,308.3772978781635,387.2724609375,0.42629013089216333,2.2164317309517063
F. angustifolia,4,800,19,400,1.343939903997276,91.23068219065264,102.93058776855467,0.42568273777685767,2.212020804267726
F. angustifolia,4,800,20,400,1.170720517892033,84.08239959615311,94.3974609375,0.4422392115353432,2.222998961563222
F. angustifolia,4,800,21,400,0.7513085239792952,78.10204512794816,85.95513916015625,0.46119284751509915,2.238440170496644
F. angustifolia,4,800,22,400,0.290872590442909,71.71099023530452,77.01981353759767,0.4822709296909663,2.2547673713383265
F. angustifolia,4,800,23,400,-0.31315688931211494,65.84929349765241,68.15023040771484,0.5039968824331406,2.2747309125416213
F. angustifolia,4,800,24,400,-0.8939576103526037,59.084622515656214,58.60773849487305,0.523438123152045,2.293196855038157
F. angustifolia,4,800,25,400,-1.4560336648975416,52.20774825143701,49.17247009277344,0.5466258210910284,2.3116103913944097
F. angustifolia,4,800,26,400,13.776505349453082,312.0611128808082,382.02789306640625,0.5601474574942572,2.3220999789795314
F. angustifolia,4,800,27,250,8.368337248909429,330.92208795573094,381.0271301269531,0.5280700403875321,2.3087254647154625
F. angustifolia,4,800,28,250,0.5158726351415599,97.12616658081187,104.30779266357422,0.5199838820146004,2.300978492669994
F. angustifolia,4,800,29,250,0.2629780296999552,90.06129781933176,95.83191680908203,0.521194206482314,2.2964915626357105
F. angustifolia,4,800,30,250,-0.06318399610939132,82.85515112895168,86.91138458251953,0.5254770021885204,2.2985687620665556
F. angustifolia,4,800,31,250,-0.4625180413515171,76.04509946479112,78.10008239746094,0.5279800800515914,2.298205839699003
F. angustifolia,4,800,32,250,-0.9368226348771963,69.03668721517043,68.8009262084961,0.5384527232251246,2.305652511403401
F. angustifolia,4,800,33,250,-1.4151844754834533,61.554104259983056,59.03156661987305,0.5462881544357722,2.308238380732087
F. angustifolia,4,800,34,250,-1.929292613445691,54.42319458919464,49.53017807006836,0.5515838493780351,2.320421992974705
F. angustifolia,4,800,35,250,8.72347756682348,331.8393708957612,382.53811645507807,0.5506563488119576,2.3435403769683036
F. angustifolia,4,800,36,150,3.924664814020136,349.62242988964834,382.1557312011718,0.4911432689374059,2.2820501811305296
F. angustifolia,4,800,37,150,-0.9651658884661782,103.8072558561649,104.34117126464844,0.4403065415522244,2.227123223101807
F. angustifolia,4,800,38,150,-0.8557304491875223,95.41807561011814,96.08393859863281,0.4201723692057221,2.212511651878158
F. angustifolia,4,800,39,150,-0.8459553325787696,87.9650286681041,88.33148193359375,0.42011915786118015,2.2126232162471866
F. angustifolia,4,800,40,150,-1.4411213697774554,81.00157961915342,78.11737823486328,0.4236690934272364,2.2234223251724323
F. angustifolia,4,800,41,150,-1.8494416540799574,74.03973996801336,68.9627456665039,0.4352879379238486,2.241023298517801
F. angustifolia,4,800,42,150,-2.0998328158785586,65.93827521806668,59.41065216064453,0.441619059549985,2.2593198756319186
F. angustifolia,4,800,43,150,-2.3898664580321256,58.03839216515125,49.95272445678711,0.4503232452845274,2.2841402922766285
F. angustifolia,4,800,44,150,4.134258819507751,346.8812501571608,381.44232177734375,0.444372160648287,2.2782745619457274
F. angustifolia,4,800,45,100,1.4889410116699209,355.66284204231386,380.0953369140625,0.3219927129891672,2.162767963080769
F. angustifolia,4,800,46,100,-1.5368827517933479,109.42536575836564,104.35135650634766,0.2723686174223024,2.1027331891743817
F. angustifolia,4,800,47,100,-1.5414208157967444,101.44163010592256,96.07152557373047,0.2740884219100776,2.112659306349582
F. angustifolia,4,800,48,100,-1.5928970997942542,92.98714591277037,87.30535888671875,0.2882973793837271,2.1380961733963777
F. angustifolia,4,800,49,100,-1.8610801197488074,85.77262089348834,78.3966064453125,0.30245735713298716,2.1642822372881927
F. angustifolia,4,800,50,100,-2.12008349992828,77.97391512497279,69.02754974365234,0.31625448094052383,2.1897868212356406
F. angustifolia,4,800,51,100,-2.2683749744408193,69.2060586746451,59.45987701416016,0.33186080522387246,2.214127051106858
F. angustifolia,4,800,52,100,-2.3502016838772564,60.41895618483484,49.79264831542969,0.33353049402662804,2.195243813064677
F. angustifolia,4,800,53,100,2.373930702134959,351.2977758608917,380.9595031738282,0.31016756737597134,2.187963663577306
T. cristatus,3,200,1,1500,27.58991483134906,188.09929598105396,400.0236206054687,0.25953249818554763,1.2933281083578403
T. cristatus,3,200,2,1500,22.981523883043664,149.0078976124301,299.94720458984375,0.3145206284574596,1.360756072225864
T. cristatus,3,200,3,1500,17.317336953878485,108.47845444871292,200.00196838378903,0.4169573151243052,1.4773260913107589
T. cristatus,3,200,4,1500,7.457136031930979,55.94172650903554,89.97757720947266,0.5377315997557217,1.6058154605364323
T. cristatus,3,200,5,1500,6.950334299206012,51.288272640058835,79.9030532836914,0.6268628867489079,1.6907891976153768
T. cristatus,3,200,6,1500,5.74228637370136,46.15227517568693,69.94532775878906,0.6380015110692628,1.701981331706047
T. cristatus,3,200,7,1500,4.467459827042036,40.38476198144376,59.90251541137695,0.6147889604188815,1.6840641667023302
T. cristatus,3,200,8,1500,3.352128036414208,34.307258900718665,50.03929901123047,0.5839992064901379,1.6588050049772718
T. cristatus,3,200,9,1500,27.45700179123769,216.79790633409692,399.8914489746094,0.3119554591571562,1.3485808853210766
T. cristatus,3,200,10,1500,21.645202330082103,178.241093248919,400.07470703125,0.18676538775026655,1.1638798064237272
T. cristatus,3,200,11,1500,24.07836286144466,182.64118708078553,399.91989135742193,0.21567336998824616,1.2074776069522994
T. cristatus,3,200,12,1500,29.80834901345108,235.10665475993773,499.93548583984375,0.21936488935508255,1.2113510184874612
T. cristatus,3,200,13,1500,33.30929611159892,282.26776342501415,599.96075439453125,0.202203280682949,1.1851991323211988
T. cristatus,3,200,14,1500,38.009290757500686,380.2541874384476,799.93145751953125,0.17143795156583772,1.1333958069840229
T. cristatus,3,200,15,1500,43.932301329986174,593.6830538654204,1149.9571533203125,0.14835056662301144,1.0932462140031567
T. cristatus,3,200,16,1500,48.38880821035508,838.6652929423825,1499.91064453125,0.13777033391420737,1.073809417767159
T. cristatus,3,200,17,1500,19.34367493895635,182.90687284247576,400.0037536621094,0.16979730770319074,1.1293306970621488
T. cristatus,3,200,18,400,12.985996367714623,239.7582479639676,399.09371948242193,0.1607199314451086,1.1001243794524636
T. cristatus,3,200,19,400,3.627790641620217,75.8517205017585,113.14121246337892,0.21980202608075805,1.192854708697996
T. cristatus,3,200,20,400,4.149764118909552,73.24282714981429,103.45426177978516,0.33268495849433094,1.349488291039597
T. cristatus,3,200,21,400,3.966756662537565,69.34898672764831,93.2095947265625,0.4370751446885748,1.4761971872431896
T. cristatus,3,200,22,400,3.506716758865673,64.22938038464743,83.35260009765625,0.5195310456054237,1.563096291370064
T. cristatus,3,200,23,400,2.81730512939181,58.45212513291403,73.76603698730469,0.5579468427789563,1.6010580242136785
T. cristatus,3,200,24,400,2.0171982761265195,51.83789896702197,63.37488555908203,0.5817025333730046,1.6079722215309813
T. cristatus,3,200,25,400,1.3806109230253263,44.4942154604151,53.25758361816406,0.5892055837213144,1.625885203609243
T. cristatus,3,200,26,400,15.61691579738349,277.4577574305104,398.40179443359375,0.2842498263761495,1.2815637378842804
T. cristatus,3,200,27,250,8.65610426747875,255.3614495296655,397.9749755859375,0.11940288839557,1.0140200491238869
T. cristatus,3,200,28,250,2.0628151062880242,80.01231782383478,112.51034545898438,0.1503740147378291,1.067087590733594
T. cristatus,3,200,29,250,2.4617901154188213,75.52001319699372,102.88906860351563,0.22079144008455817,1.1785478247482388
T. cristatus,3,200,30,250,2.3930164739098387,71.69010874769702,92.65979766845702,0.30604851210848655,1.2994430034251492
T. cristatus,3,200,31,250,2.261772675253238,65.54951002759631,82.84004211425781,0.3740760259246068,1.3856250459025614
T. cristatus,3,200,32,250,1.8920428013923085,59.2379759098848,73.2492446899414,0.41686842065943425,1.4388639279947677
T. cristatus,3,200,33,250,1.1869382643301958,53.04949119588457,62.961727142333984,0.44219492320150666,1.4657135321968964
T. cristatus,3,200,34,250,0.6638085328184344,46.147406880478535,53.16832733154297,0.4565315680186652,1.4801127686102264
T. cristatus,3,200,35,250,10.487849946266378,280.50982206891615,398.06695556640625,0.188808999389473,1.1269194579873874
T. cristatus,3,200,36,150,5.643422622945221,289.5044281522497,398.4735107421875,0.10765651225569296,0.9846129727874359
T. cristatus,3,200,37,150,0.8895327110951385,90.66469894685522,112.7143325805664,0.12338776737109504,1.0100097009273594
T. cristatus,3,200,38,150,1.1946969066232147,82.24860611311702,103.16949462890624,0.16567491674476076,1.0806482071261272
T. cristatus,3,200,39,150,1.1963019154244996,76.17995758855254,92.9547119140625,0.2231553238838629,1.1692259113554613
T. cristatus,3,200,40,150,0.9364326431131492,70.65414684877587,83.2812271118164,0.2740130216052552,1.24310978014837
T. cristatus,3,200,41,150,0.6135670997171181,64.07373432594294,73.24205780029298,0.3243331565712439,1.3104235179163806
T. cristatus,3,200,42,150,0.2516554983050949,56.8289118663107,63.15672302246094,0.3605569927177132,1.3565736054451407
T. cristatus,3,200,43,150,-0.15392800150659358,49.533328809341846,53.1967887878418,0.38693067781113866,1.386854817780113
T. cristatus,3,200,44,150,6.62762026314489,299.9062749522391,398.2518615722656,0.14677911978997632,1.0405821977543674
T. cristatus,3,200,45,100,3.9256309286509246,307.4729020133758,396.8609619140625,0.09617082423345273,0.9506019670980677
T. cristatus,3,200,46,100,0.12803238776911868,98.67219735848445,111.1750259399414,0.10761264285279264,0.9821975270736584
T. cristatus,3,200,47,100,0.41108655737322075,87.82216226313875,101.5708236694336,0.14481769302983755,1.0659535647595475
T. cristatus,3,200,48,100,0.3468109737191948,80.56996937806869,91.36476135253906,0.1904523025296498,1.1672259601850818
T. cristatus,3,200,49,100,0.18164535750790678,73.54870535461485,81.5783920288086,0.23318143306497857,1.2564903254071396
T. cristatus,3,200,50,100,0.0023632743357144825,65.86162591106097,71.63761901855469,0.2821403196042435,1.3443191438890063
T. cristatus,3,200,51,100,-0.37723974072050187,58.603990972753216,61.47412109375,0.3208121146164393,1.4080096419324837
T. cristatus,3,200,52,100,-0.6602717211084136,50.6290322903645,51.51588821411133,0.34925725352167286,1.4472897754261358
T. cristatus,3,200,53,100,4.391107863230953,317.1924296988047,396.4383850097656,0.12750815986792133,1.1252360730623403
T. cristatus,4,800,1,1500,23.022924340336925,185.7778395897915,400.004638671875,0.20224840701479352,1.6505176674453688
T. cristatus,4,800,2,1500,18.24824161162963,145.92377969704333,300.0043640136719,0.22799115268206455,1.6759517870003038
T. cristatus,4,800,3,1500,12.856275932061507,103.8360603558658,200.0419006347656,0.2662214536007039,1.707469128227327
T. cristatus,4,800,4,1500,4.941484669454086,55.238152248948346,90.0582275390625,0.3120509488447967,1.7482961870204887
T. cristatus,4,800,5,1500,4.101683199693124,50.45149650015469,80.0691146850586,0.31165040266819194,1.7452575437378255
T. cristatus,4,800,6,1500,2.4381869798978406,46.25310550321933,70.12606048583984,0.2398951355409783,1.668897933642802
T. cristatus,4,800,7,1500,1.6313227165392614,41.92837770125065,59.991268157958984,0.23222643014117533,1.6582309991529764
T. cristatus,4,800,8,1500,1.2247028074892152,35.881771403066246,50.0894775390625,0.2414515489753597,1.6626726567528676
T. cristatus,4,800,9,1500,18.088452991565973,195.674667732906,399.8594970703125,0.16498884147028,1.5767312430167657
T. cristatus,4,800,10,1500,18.69243113627946,182.22240355819767,399.8756713867187,0.15859179482514316,1.5666105914137587
T. cristatus,4,800,11,1500,20.381554563639053,185.21869627101643,400.1849365234375,0.17674126771249582,1.5850726204502137
T. cristatus,4,800,12,1500,24.850747908501777,225.93639711707016,499.9783325195313,0.16705655986070944,1.5679942530474436
T. cristatus,4,800,13,1500,28.86829360974285,268.31076836503155,600.123779296875,0.1590926908068247,1.5562578402191647
T. cristatus,4,800,14,1500,32.27466323022692,353.7455662513987,800.125,0.12951999750190216,1.5173023374542387
T. cristatus,4,800,15,1500,36.31851875938677,513.5322807839317,1149.87109375,0.10006297363966404,1.4784483509941493
T. cristatus,4,800,16,1500,42.502421148922934,708.4076732675078,1499.889404296875,0.09377335962244343,1.4670523921397107
T. cristatus,4,800,17,1500,18.191124251288898,188.52991548125584,400.0004577636718,0.15950290875378237,1.5455515328784823
T. cristatus,4,800,18,400,13.192104660641151,247.17970930742928,385.2941284179687,0.1880604306446941,1.5580488014359288
T. cristatus,4,800,19,400,2.6710939595501437,76.02941282217807,102.53931427001952,0.24335770766246953,1.6117089011721255
T. cristatus,4,800,20,400,2.7988129115175493,71.24149560837091,93.63526153564453,0.31577332045776085,1.6811310252764962
T. cristatus,4,800,21,400,2.713704172436185,65.55490394420174,84.75311279296875,0.372722465175107,1.7303861151823805
T. cristatus,4,800,22,400,2.3089495621101657,60.472315400060594,76.1328125,0.41528440960065544,1.762524743021233
T. cristatus,4,800,23,400,1.7273513164029932,55.012914571647435,67.23682403564453,0.4395175228187549,1.7805310459111934
T. cristatus,4,800,24,400,1.042086570438958,49.21383289509653,57.97769927978515,0.4498043236308567,1.784482118101092
T. cristatus,4,800,25,400,0.4475152899437445,42.78377316703192,48.645381927490234,0.4498423486300284,1.7798148936907818
T. cristatus,4,800,26,400,13.727073227795836,264.2993523101074,378.3623962402344,0.25104198765635427,1.5929426620401792
T. cristatus,4,800,27,250,7.7643033688897996,247.77374689614945,376.4497375488282,0.11672205892021456,1.4255626166090225
T. cristatus,4,800,28,250,1.5712564043724744,78.23798833886846,102.89013671875,0.16529188514360138,1.4803624351189937
T. cristatus,4,800,29,250,1.8217237067708179,73.14018374253861,94.507568359375,0.22491141080174715,1.5439200594633584
T. cristatus,4,800,30,250,1.6402401839514278,67.67588475668832,85.724578857421875,0.25341316316400425,1.5713073424761532
T. cristatus,4,800,31,250,1.2759452300225473,62.2710390724046,76.9547348022461,0.26623387708142904,1.5808565052284176
T. cristatus,4,800,32,250,0.8060495789893694,56.89042744603038,67.8194580078125,0.2770704512607687,1.589109387838063
T. cristatus,4,800,33,250,0.4146248809797978,50.502832962048934,58.39940643310547,0.2849460396401602,1.5907837728286247
T. cristatus,4,800,34,250,-0.20454258928708802,45.396043072835155,49.0048942565918,0.2924403736504399,1.5937287340315234
T. cristatus,4,800,35,250,8.527732356123147,246.07667206479292,377.7546997070313,0.12573262388494208,1.4014449125256214
T. cristatus,4,800,36,150,4.5261293794586495,264.8619680131112,376.091064453125,0.08026352108984096,1.3309879667505735
T. cristatus,4,800,37,150,0.22777306157249683,89.4356885242491,102.35552215576172,0.1232026916011546,1.3841733114307864
T. cristatus,4,800,38,150,0.38071552143280507,82.02887632104489,93.88807678222656,0.17376548410285494,1.4439064645953477
T. cristatus,4,800,39,150,0.3097184067701141,74.3587886406757,84.5673599243164,0.19164439647485568,1.4599025260240306
T. cristatus,4,800,40,150,0.27134219572148904,67.06191001217734,75.91397857666016,0.21840789931132837,1.4857500118969038
T. cristatus,4,800,41,150,-0.10448153602822541,61.604284963118346,66.85411834716797,0.24644444066136265,1.510613736290921
T. cristatus,4,800,42,150,-0.5059239035280757,55.61311146148474,57.702938079833984,0.26580659640370435,1.5293299498269337
T. cristatus,4,800,43,150,-0.6384163209657954,47.68254795020872,48.60763168334961,0.2862459521057546,1.5440631308103694
T. cristatus,4,800,44,150,5.4608566400442164,275.8248935881406,377.48736572265625,0.10928501712797732,1.3341675221019105
T. cristatus,4,800,45,100,2.864882178523441,294.9834692407098,375.7496643066406,0.07610283839693788,1.2747452231896677
T. cristatus,4,800,46,100,-0.3995503137227741,97.55025051297228,102.04197692871094,0.12327449792866296,1.334514554668909
T. cristatus,4,800,47,100,-0.1276957740725364,86.7463425196781,93.543243408203125,0.18300363348836413,1.4056843065713764
T. cristatus,4,800,48,100,-0.28788721754230734,79.69221069119016,84.5777359008789,0.20073304804341305,1.423064881383747
T. cristatus,4,800,49,100,-0.4945070785136513,73.30035695266743,76.1490707397461,0.22864536778141953,1.4499466022427951
T. cristatus,4,800,50,100,-0.650076118734588,65.64772831921294,67.1302719116211,0.25516681763146537,1.4771640708207852
T. cristatus,4,800,51,100,-0.86515401687426,58.12819315371489,57.966548919677734,0.2769770780379175,1.4976981773701628
T. cristatus,4,800,52,100,-1.045672760842087,50.13083015275471,48.65741729736328,0.2947476690511087,1.5160722323530351
T. cristatus,4,800,53,100,3.818444723598187,297.5404502442188,378.6921997070313,0.10241178593580144,1.2877285150635216
S. laxum,4,800,1,1500,16.742399609442433,191.51112790824516,400.2241516113282,0.14643724534009184,2.0830182800600014
S. laxum,4,800,2,1500,11.978169425827653,170.74347316895842,300.0428466796875,0.17521374651993832,2.11415655462895
S. laxum,4,800,3,1500,8.343142143264727,131.9673760658339,200.12741088867188,0.24962433566055817,2.1882561339574313
S. laxum,4,800,4,1500,2.034763152747524,71.87963544221142,89.96822357177734,0.2912347385740676,2.2282358667149817
S. laxum,4,800,5,1500,1.6831243977651091,63.7675405682794,80.2659683227539,0.2708335959531864,2.2169178846767754
S. laxum,4,800,6,1500,0.736246399522535,59.58729481700364,69.99825286865234,0.25348369602994597,2.2073741900461026
S. laxum,4,800,7,1500,0.09983275058996988,54.17153081310382,59.91804885864258,0.24705563120145552,2.204736394018517
S. laxum,4,800,8,1500,-0.42738561920684703,48.352025113322995,50.04059219360352,0.242377882933805,2.203097541796742
S. laxum,4,800,9,1500,17.615590977732996,238.07028245087625,399.8463745117187,0.2087168430560108,2.1759902445227928
S. laxum,4,800,10,1500,9.842515537821487,186.7196197533277,399.8866271972656,0.0816099521710304,2.053101470187612
S. laxum,4,800,11,1500,9.990887322855421,185.5924409344507,400.22406005859375,0.08216432524867075,2.0530692481564183
S. laxum,4,800,12,1500,16.393922659858358,243.74454122008976,500.0569152832031,0.11402875955904464,2.0849654560484634
S. laxum,4,800,13,1500,22.178445773899096,313.11743765083924,599.96368408203125,0.13979849878752232,2.1109882107696323
S. laxum,4,800,14,1500,28.59002275685075,431.94302156756675,799.9327392578125,0.14023430905883552,2.112365846148139
S. laxum,4,800,15,1500,33.00603642175704,611.6473952090812,1150.1053466796875,0.10786943756874838,2.081162803506435
S. laxum,4,800,16,1500,35.43574744770669,763.8949700857132,1500.0859375,0.08256039347786052,2.053262763511084
S. laxum,4,800,17,1500,9.111314567797626,216.81143484529744,399.7688598632813,0.08944131827979372,2.0613642637321608
S. laxum,4,800,18,400,10.166031167963585,241.4150839999413,383.5980224609375,0.13392189118836503,2.096940208472195
S. laxum,4,800,19,400,1.008127464512295,84.98401528931787,102.50154876708984,0.16796660725747187,2.126485081089893
S. laxum,4,800,20,400,1.3669681500951805,77.81558102787966,94.10982513427734,0.2351439202740873,2.1847878753347905
S. laxum,4,800,21,400,1.036295370139697,72.51198966119601,84.81294250488281,0.2717538649040818,2.2158152643193314
S. laxum,4,800,22,400,0.5089103284042844,66.30152854532948,75.81989288330078,0.2326256603050538,2.187668172661506
S. laxum,4,800,23,400,0.1674460431827069,59.78480618655156,66.8763198852539,0.20940610188866113,2.1636515295460415
S. laxum,4,800,24,400,-0.2943078537467284,54.48279866956781,57.52351760864258,0.19517365160643715,2.14702494941614
S. laxum,4,800,25,400,-0.8305945973494231,50.222478162180835,48.1365966796875,0.1879362200048451,2.138881266837416
S. laxum,4,800,26,400,10.373445144397929,231.21523734526912,377.0612487792969,0.1328667811596193,2.087383252931817
S. laxum,4,800,27,250,4.562475293672547,188.3885665861747,375.33050537109375,0.04300916058551508,1.988493180946476
S. laxum,4,800,28,250,0.041971495765306066,88.14548354460591,102.78054809570313,0.05966740021298499,2.0055382678538294
S. laxum,4,800,29,250,0.3528026731436071,78.58363567944431,94.4822998046875,0.09519901664725633,2.041177093519218
S. laxum,4,800,30,250,0.37982621986308035,73.41800084133217,85.60045623779298,0.1398726096357203,2.0837367253303527
S. laxum,4,800,31,250,0.13973422679575515,68.99239184824597,76.8736801147461,0.1764702192475691,2.1196446507153452
S. laxum,4,800,32,250,-0.24329649820411414,63.486988409666225,67.48834991455078,0.1700191831994422,2.115539283059057
S. laxum,4,800,33,250,-0.436742945366762,56.086720547087744,57.88029861450195,0.1476250456187708,2.095377761296375
S. laxum,4,800,34,250,-0.9615180704751186,53.52092856963623,48.45024108886719,0.13361891022331007,2.07980687356228
S. laxum,4,800,35,250,7.509346410680246,218.437176747428,376.127685546875,0.0866123724069972,2.0306878209666466
S. laxum,4,800,36,150,3.078356822759941,207.3277959074537,375.4164733886718,0.03267440101589979,1.968393106132862
S. laxum,4,800,37,150,-0.289593794853685,95.82940638689378,102.29171752929688,0.04186613483083075,1.977819519340672
S. laxum,4,800,38,150,-0.04277417465758587,81.79706731110682,93.800933837890625,0.061701955789946014,1.9981079344515744
S. laxum,4,800,39,150,-0.015971080631253298,74.99518442666285,84.928558349609375,0.0870751609851218,2.023629773573193
S. laxum,4,800,40,150,-0.17991083472479333,70.6335717207303,76.50354766845702,0.11125649567349127,2.0465719348652636
S. laxum,4,800,41,150,-0.49596246308156383,66.19745430305939,67.343505859375,0.12722055170869698,2.0610245432257654
S. laxum,4,800,42,150,-0.6330377399636877,58.87695384169294,58.044532775878906,0.12852194474368864,2.0605997703998584
S. laxum,4,800,43,150,-0.9955549485245581,54.86049472012448,48.60370635986328,0.12022695819529244,2.050165403416337
S. laxum,4,800,44,150,4.953691679528093,248.8317225157111,376.4676208496094,0.07206254378063053,1.9967694885320817
S. laxum,4,800,45,100,2.157609426006663,215.19410041810417,375.7296752929687,0.02423683742888296,1.9380493157345915
S. laxum,4,800,46,100,-0.4637140020641156,105.00176021781454,103.15123748779295,0.029169248722775216,1.9418003783661988
S. laxum,4,800,47,100,-0.41896715230393006,93.20960335947377,94.76349639892578,0.041559467193636485,1.953241264425509
S. laxum,4,800,48,100,-0.19003568200576,77.44354504298842,85.7860107421875,0.0584519942061933,1.9693601569156165
S. laxum,4,800,49,100,-0.5028853156692409,76.46478360617736,76.8514633178711,0.0770259069831322,1.98815674152087
S. laxum,4,800,50,100,-0.5151378648032695,67.16473816057149,67.53376770019531,0.09222799574344824,2.0011686719188875
S. laxum,4,800,51,100,-0.7894446621898095,62.23511386139887,58.047119140625,0.10009489203584658,2.007384488292213
S. laxum,4,800,52,100,-1.0490990722718876,57.10990761220302,48.57417297363281,0.1013327794483565,2.0068430335719896
S. laxum,4,800,53,100,3.5043780321228044,273.4859230165373,377.02642822265625,0.06509082862678796,1.9665621592376263
T. forrestii,3,200,1,1500,27.757255002826568,264.8398591716902,399.8557434082031,0.4421887636957762,1.7473487114869055
T. forrestii,3,200,2,1500,20.718263452122525,200.38238628779257,299.8901672363281,0.4538468947450968,1.752921836392008
T. forrestii,3,200,3,1500,13.007586877119184,140.43233564884153,199.9685516357422,0.498733976441693,1.77477968535095
T. forrestii,3,200,4,1500,2.91805275406391,74.57522652944682,90.04705810546875,0.5752307459130421,1.8320876392864736
T. forrestii,3,200,5,1500,2.1107802104576834,68.54787069615297,79.99171447753906,0.6532664154509304,1.8752075755711848
T. forrestii,3,200,6,1500,1.1385280951163779,62.305364416979955,69.94831848144531,0.722194339905294,1.9075241839340888
T. forrestii,3,200,7,1500,-0.06637774940531188,56.047405912251726,59.82022857666016,0.7810882751919996,1.9469588508762536
T. forrestii,3,200,8,1500,-1.135044795309139,49.38341628630488,49.97929763793945,0.838915409207696,1.976824248236677
T. forrestii,3,200,9,1500,27.600698030362526,313.35968784917884,399.8563537597656,0.8538527582055889,1.9839860283527524
T. forrestii,3,200,10,1500,28.48444359330735,299.66818534463073,400.0208129882813,0.7012873244037712,1.9046945626339875
T. forrestii,3,200,11,1500,28.68958215846737,299.0127733869784,399.96722412109375,0.6978795496285708,1.8904661802100016
T. forrestii,3,200,12,1500,33.039522685450414,379.6755907719248,500.0071105957031,0.6733299942884338,1.878806932542706
T. forrestii,3,200,13,1500,35.80330180139313,457.2277821825768,600.028564453125,0.6004771663691532,1.8381356411455343
T. forrestii,3,200,14,1500,38.92111560831365,607.7568106316617,800.02294921875,0.4610539010027586,1.757115339399752
T. forrestii,3,200,15,1500,42.18873620880747,877.71781116856,1149.8388671875,0.33547193739409775,1.660933518342208
T. forrestii,3,200,16,1500,43.30383044141219,1165.460890351246,1500.08544921875,0.27297706582805525,1.600210192901388
T. forrestii,3,200,17,1500,19.20979774125237,252.1617288907973,399.9944763183594,0.2582826232941815,1.5933008955439436
T. forrestii,3,200,18,400,12.348230425730112,315.8396546504896,398.7785034179687,0.34202439417572583,1.6568973749309952
T. forrestii,3,200,19,400,2.0042945471899656,95.32278011897841,111.50064086914063,0.39684282993625,1.6883581590596586
T. forrestii,3,200,20,400,1.4623033675101045,89.77219284646709,101.74026489257813,0.4942997841572449,1.7763137414015218
T. forrestii,3,200,21,400,1.393451004583725,81.56763721994234,91.56208038330078,0.6099867607964936,1.8327502277869645
T. forrestii,3,200,22,400,0.6883832675405341,74.85524187862286,81.75745391845702,0.7127058114817848,1.8979598879611876
T. forrestii,3,200,23,400,0.09229277248256773,67.11697269847198,71.755157470703125,0.7922407929557862,1.9387353953704296
T. forrestii,3,200,24,400,-0.32624046563734416,58.63469969266364,61.63556671142578,0.8677901896628905,1.954715994912258
T. forrestii,3,200,25,400,-1.6718589757545135,52.20209923461922,51.754024505615234,0.9295416646385828,2.026083848562004
T. forrestii,3,200,26,400,14.889362045083018,345.80356132467415,398.0991516113282,0.9070056481073511,1.9776673098102764
T. forrestii,3,200,27,250,9.405680872111551,348.0033538726838,398.2366943359375,0.5583255246834965,1.8043851115320575
T. forrestii,3,200,28,250,1.256284541139347,100.25902923499812,111.28572082519533,0.5320004580703316,1.7874172546735208
T. forrestii,3,200,29,250,1.3080007214375375,91.44438009600724,101.6626205444336,0.5978368793536656,1.8276067663606952
T. forrestii,3,200,30,250,0.7983796776523313,83.75882749345405,91.50090026855469,0.6777124489294787,1.8798493180007936
T. forrestii,3,200,31,250,0.3059886297982336,76.08662225042727,81.7837905883789,0.7416423367433046,1.9147218950832612
T. forrestii,3,200,32,250,-0.18429373726973475,67.98904239337773,71.87541198730469,0.795176809284558,1.9440071521107456
T. forrestii,3,200,33,250,-0.7100568705447885,59.62246170928598,61.722854614257805,0.8530830691527219,1.9719165342714404
T. forrestii,3,200,34,250,-1.5134765874253446,51.88481451355917,51.69627380371094,0.9045903253448746,2.0078666697198058
T. forrestii,3,200,35,250,10.22685752909211,355.1659412322865,398.05953979492193,0.8412828597338541,1.9766888802509055
T. forrestii,3,200,36,150,6.120098823209319,345.4417363313181,398.2741088867187,0.31311225478841875,1.6455820050212788
T. forrestii,3,200,37,150,0.23303076646630239,102.27174584495243,111.24799346923828,0.30048689882565727,1.633602752723702
T. forrestii,3,200,38,150,0.27996305575023506,93.61036585500354,101.65298461914063,0.3816364694029026,1.6985579820255516
T. forrestii,3,200,39,150,-0.05159374102918257,85.80079154323435,91.494537353515625,0.47776494704183586,1.7686827456514584
T. forrestii,3,200,40,150,-0.3123761498719112,77.51965871441054,81.67095184326172,0.5587587139502632,1.820397170693264
T. forrestii,3,200,41,150,-0.4377410618515975,68.62859475577167,71.81014251708984,0.6423436011673674,1.8530256252038528
T. forrestii,3,200,42,150,-1.791143199679843,62.62215122715591,61.72396087646485,0.6957297708133912,1.943962127941835
T. forrestii,3,200,43,150,-1.2109064860270464,51.36234652080967,51.59104537963867,0.7545883654887052,1.9115799476003157
T. forrestii,3,200,44,150,7.378122409956604,359.22224968840374,398.0600280761718,0.6928105649985233,1.9039922391510335
T. forrestii,3,200,45,100,3.7893594579189855,354.3835273630309,398.290771484375,0.2573495667776451,1.6056931647879538
T. forrestii,3,200,46,100,-0.21027247398391746,104.71698448118346,111.22708892822266,0.2623640500356119,1.6067596688837658
T. forrestii,3,200,47,100,-0.19334756085000654,95.78861179855934,101.65869140625,0.348723030874797,1.67843798894067
T. forrestii,3,200,48,100,-0.3798233672243647,87.13477233698379,91.53339385986328,0.44082846914530394,1.7475435493537517
T. forrestii,3,200,49,100,-0.7455899332499354,79.21496166725076,81.84330749511719,0.530613484257915,1.8113267296296107
T. forrestii,3,200,50,100,-1.3754757526728438,71.58718314806158,71.717529296875,0.5530325828117443,1.8412179406192737
T. forrestii,3,200,51,100,-0.9958921233112956,60.69306619344286,61.71501159667969,0.6453216144247874,1.856569580197247
T. forrestii,3,200,52,100,-1.8493585697407604,53.432167551475395,51.76093673706055,0.6750414917774749,1.9200023386156393
T. forrestii,3,200,53,100,4.6838484680443555,364.77662781764315,398.2567138671875,0.567036360856369,1.8428026956868415
T. forrestii,4,800,1,1500,26.474697431428982,279.0318942166622,400.0045471191406,0.4821423701452154,1.9662722492941247
T. forrestii,4,800,2,1500,20.294329164621665,209.17273285421635,300.1205749511719,0.4979653768260013,1.980179228271052
T. forrestii,4,800,3,1500,12.752620206749302,143.66670449249656,200.00698852539065,0.5226610306130581,1.9926607089038009
T. forrestii,4,800,4,1500,2.92509529391377,74.70158159399372,90.21320343017578,0.556741808999093,2.0131030706125026
T. forrestii,4,800,5,1500,1.67313655676441,69.723996856970345,80.024169921875,0.5992687447706249,2.038003308904066
T. forrestii,4,800,6,1500,0.5661471288622835,63.91017342414311,70.00769805908203,0.639127128550643,2.061793972015992
T. forrestii,4,800,7,1500,-0.5365012080491677,57.728728310212254,60.00820541381836,0.6699203853821482,2.0821512379071794
T. forrestii,4,800,8,1500,-1.5960987958519501,51.11498710021825,49.984188079833984,0.7211227431898333,2.1082127761512384
T. forrestii,4,800,9,1500,23.807112825757688,317.58353263996116,399.7547302246094,0.7472755301455758,2.1193263963174105
T. forrestii,4,800,10,1500,23.632982782799562,314.67433427740934,399.9373168945313,0.698323957654222,2.095659063751664
T. forrestii,4,800,11,1500,24.666724502301467,307.4987249708221,400.0542907714844,0.6503290510960438,2.0737993735233613
T. forrestii,4,800,12,1500,28.561066319402798,387.3216535072143,500.00588989257807,0.611688806408622,2.0560362227117004
T. forrestii,4,800,13,1500,32.18889509316293,465.10821643494006,600.0924072265625,0.5650076147227354,2.0305569250421103
T. forrestii,4,800,14,1500,36.089146871774446,633.0090028051511,799.95538330078125,0.5076736372342731,1.9961907367940877
T. forrestii,4,800,15,1500,40.23528038713525,933.0840032071302,1150.1036376953125,0.4310740635788703,1.9471407714208473
T. forrestii,4,800,16,1500,43.63754355498009,1224.0830556138092,1500.294921875,0.35768845672596633,1.896621213643288
T. forrestii,4,800,17,1500,19.44279800364805,278.51412540578684,399.883544921875,0.33500379527537427,1.883094149784185
T. forrestii,4,800,18,400,10.451518360297515,313.59829118376126,383.929443359375,0.3479145813142387,1.884544784567959
T. forrestii,4,800,19,400,0.9887313849210599,90.27311733307677,101.77178955078124,0.3565840748594571,1.8928777868071192
T. forrestii,4,800,20,400,0.9512780512881549,81.98765165695177,92.59796905517578,0.38156630772009353,1.9140915384013353
T. forrestii,4,800,21,400,0.5624037075658339,75.5438872177913,83.744537353515625,0.40325122370357946,1.9299453585930169
T. forrestii,4,800,22,400,0.26081342129485313,68.50476032991881,74.89202117919922,0.4206586732964227,1.9425604590021688
T. forrestii,4,800,23,400,-0.3378823266937062,62.77753691040862,66.17725372314453,0.43898786028529513,1.9545249137562932
T. forrestii,4,800,24,400,-0.8767973915153142,56.05428855753253,56.8670768737793,0.4542035648012685,1.9647654187164296
T. forrestii,4,800,25,400,-1.4281678565047997,49.03031806733439,47.341655731201165,0.4749097238198962,1.976076817678404
T. forrestii,4,800,26,400,12.373844245291401,310.635585424004,375.9039611816406,0.4719051032379305,1.974451722400496
T. forrestii,4,800,27,250,7.398159883714094,313.48093161033023,374.54693603515625,0.29011776199964384,1.8426740257767524
T. forrestii,4,800,28,250,0.5609541328868078,91.19597351529336,101.2968978881836,0.30477123794327304,1.8535770605307773
T. forrestii,4,800,29,250,0.5879033249245142,83.48340583121973,92.8450469970703,0.3455037832655844,1.8871863482415936
T. forrestii,4,800,30,250,0.4382148837675175,75.87179783732233,83.87907409667967,0.3660216027219408,1.9006002712686167
T. forrestii,4,800,31,250,-0.10829105052478494,70.25351241624828,75.11747741699219,0.38762735452382746,1.9137714377735684
T. forrestii,4,800,32,250,-0.335142411963761,62.7630188342349,66.19463348388672,0.408912977317938,1.9266095724669867
T. forrestii,4,800,33,250,-0.8752384403461879,56.11704361409019,56.811676025390625,0.421923638953667,1.9344210261351693
T. forrestii,4,800,34,250,-1.2094049106480846,48.46839516170608,47.47483444213867,0.442547630656365,1.9463628539924105
T. forrestii,4,800,35,250,9.115601756616577,320.4395464964624,374.6537780761718,0.44039334394434193,1.946394537638116
T. forrestii,4,800,36,150,4.619744689712362,330.81661211591387,374.0892028808594,0.3000820744816889,1.8487187422837017
T. forrestii,4,800,37,150,-0.29469842220740633,96.25159532443412,101.33689880371094,0.3092222573638111,1.85553152554034
T. forrestii,4,800,38,150,-0.10412095380510866,87.32970954569612,93.0148696899414,0.34585840524632516,1.8832885792979797
T. forrestii,4,800,39,150,0.3702363581326226,76.37960462921728,83.9881362915039,0.37125600025205574,1.903667553028063
T. forrestii,4,800,40,150,-0.45911234764128933,72.2480524528405,75.4463882446289,0.3872632759569668,1.9127734556404177
T. forrestii,4,800,41,150,-1.0886685961002522,66.35229110845185,66.3635482788086,0.4062339895016808,1.9266566056963057
T. forrestii,4,800,42,150,-1.1036044826666545,57.374195138450474,57.0693244934082,0.41524573255998687,1.936521406716958
T. forrestii,4,800,43,150,-1.5820631398489762,50.31833785891198,47.64213562011719,0.4271020182518353,1.9425846963557267
T. forrestii,4,800,44,150,6.0530949062116735,333.6535318000665,375.8478393554687,0.4210131429821809,1.93391407692332
T. forrestii,4,800,45,100,2.8369328816204926,338.9631465005988,374.3175354003906,0.25529312944580146,1.8129831696410257
T. forrestii,4,800,46,100,-0.3879849926397148,96.87707630404381,101.46923065185548,0.275020545305873,1.8291858714839329
T. forrestii,4,800,47,100,-0.27955862845947466,88.46863529268181,93.28501892089844,0.32729600951928467,1.868547118357499
T. forrestii,4,800,48,100,-0.3617136708275878,80.3714922673485,84.39702606201172,0.34875325215329733,1.884029913014936
T. forrestii,4,800,49,100,-0.6656003289762437,73.51115242854488,75.69429779052734,0.3578350819150281,1.8919629413160144
T. forrestii,4,800,50,100,-0.8389150183450697,65.4552071450244,66.5357437133789,0.3759826130831194,1.9072404467166053
T. forrestii,4,800,51,100,-1.28382167373963,58.45683177267153,57.15235900878906,0.387427660895497,1.9167275767893153
T. forrestii,4,800,52,100,-1.41840538425888,50.06949335706488,47.82917404174805,0.39115587052176265,1.9182257113380912
T. forrestii,4,800,53,100,4.295709250338528,338.99277821666095,375.8100280761718,0.3738643127754592,1.9068292444848336
F. angustifolia,3,200,1,1500,31.533623799000004,240.30695336994123,399.8821411132813,0.4762906561587999,2.205605127414354
F. angustifolia,3,200,2,1500,25.030608983568367,182.05997912309644,300.0082092285156,0.5289243603641631,2.2603977494682477
F. angustifolia,3,200,3,1500,17.12990512369748,126.1772625900858,199.90606689453125,0.6126655492981001,2.332148370642215
F. angustifolia,3,200,4,1500,7.0386075650947575,62.053038623556176,90.06620788574219,0.734743759892634,2.4220436340696323
F. angustifolia,3,200,5,1500,6.281988756495933,56.8556212422684,80.00440979003906,0.8539578982182435,2.521821535088122
F. angustifolia,3,200,6,1500,5.35757000258423,51.08875038665921,69.85032653808594,0.9594554982133555,2.5832893370740933
F. angustifolia,3,200,7,1500,4.348974191510272,45.0652377218809,59.91716384887695,1.0446013186171563,2.623177931616374
F. angustifolia,3,200,8,1500,3.3127794658764262,38.74061035382709,50.02775573730469,1.115675742529751,2.6538383371531964
F. angustifolia,3,200,9,1500,34.75169738141617,293.5817196999893,400.0616760253906,1.1392063116980244,2.6750851762220265
F. angustifolia,3,200,10,1500,35.289743666426496,291.2929922086495,399.98193359375,1.1236898551839896,2.677141583087752
F. angustifolia,3,200,11,1500,35.28109930444184,289.96643440142844,399.9651489257813,1.0960482116297388,2.6680669960518717
F. angustifolia,3,200,12,1500,40.17570308309923,371.290992301283,499.98043823242193,1.0627293666976116,2.6526273822333466
F. angustifolia,3,200,13,1500,43.37948226235454,454.8477776213881,599.89276123046875,1.0038681246934142,2.6242179587168506
F. angustifolia,3,200,14,1500,47.06632869102352,632.5983197099795,799.84515380859375,0.9457052830606248,2.5778086300722354
F. angustifolia,3,200,15,1500,49.41914694216914,954.2599991608224,1150.0380859375,0.8605670015360173,2.5328617442501855
F. angustifolia,3,200,16,1500,49.53436845292599,1280.9862045381776,1499.8984375,0.780116861771374,2.4756596825221786
F. angustifolia,3,200,17,1500,31.148407369618017,278.217043538807,399.6771545410156,0.7337107638375087,2.439249641619041
F. angustifolia,3,200,18,400,16.638295595605715,305.23608206618064,396.3138122558594,0.48426153954742635,2.2135634325933644
F. angustifolia,3,200,19,400,4.360018724409853,84.38304942259589,109.23590850830078,0.4866310479290732,2.2186819302781076
F. angustifolia,3,200,20,400,4.167170021842364,77.8197689111068,99.56260681152344,0.5579532885086601,2.2844186362138132
F. angustifolia,3,200,21,400,3.8683930538649745,70.89318439926194,89.3251724243164,0.6496157868926606,2.353207389114861
F. angustifolia,3,200,22,400,3.210471537463956,64.85170812772792,79.52655029296875,0.7373217072372013,2.4343382317794604
F. angustifolia,3,200,23,400,2.474274100097836,58.265602664404085,69.4994888305664,0.8148162144231789,2.483927440347412
F. angustifolia,3,200,24,400,1.6707699744239535,51.45928834928068,59.415260314941406,0.8928793226665767,2.5250270332615763
F. angustifolia,3,200,25,400,0.7665320401920038,44.578493957509274,49.3828010559082,0.9458526487732652,2.582149848627785
F. angustifolia,3,200,26,400,18.368303444505816,326.04016740440255,395.5153503417969,0.9268861800940219,2.573774919185191
F. angustifolia,3,200,27,250,11.697538386693399,337.1213621735913,395.6507568359375,0.6558555614385574,2.3763431431045174
F. angustifolia,3,200,28,250,3.1557127018752165,91.19673310584261,108.88638305664063,0.5789988881278039,2.313895643982687
F. angustifolia,3,200,29,250,2.917967536080267,83.21323088318364,99.257965087890625,0.598688755663513,2.321194581662421
F. angustifolia,3,200,30,250,2.461348867109121,75.70896450561638,89.06585693359375,0.6434601080793199,2.3537849399433473
F. angustifolia,3,200,31,250,2.0090571877482977,68.51348991224367,79.34334564208984,0.7029486070126042,2.3986352812722327
F. angustifolia,3,200,32,250,1.335911876950255,61.45924131086109,69.376953125,0.7496278430640452,2.4485830066552445
F. angustifolia,3,200,33,250,0.7938259998387361,53.65819366362173,59.219181060791016,0.7959558917484851,2.4694531196971075
F. angustifolia,3,200,34,250,0.047505728690583615,46.497341945274776,49.25518035888672,0.8438520159033851,2.506503754364967
F. angustifolia,3,200,35,250,12.496097015348365,339.1120975826506,395.3221130371094,0.7820754786274566,2.4723873565673564
F. angustifolia,3,200,36,150,6.714227580161793,340.85127459440525,395.2085876464844,0.3630547063605177,2.0854417043403957
F. angustifolia,3,200,37,150,1.3960435787127836,93.1029668184512,108.61692810058594,0.27989357982817953,1.9560723767285817
F. angustifolia,3,200,38,150,1.3934324048484275,85.04292843202334,99.120941162109375,0.3138415759621148,1.996576767805964
F. angustifolia,3,200,39,150,1.148069629850709,78.12379108117739,88.98200225830078,0.38672563821020056,2.0954886125916965
F. angustifolia,3,200,40,150,0.8405124282597197,71.42856571074527,79.29512023925781,0.491685767973567,2.209649160049841
F. angustifolia,3,200,41,150,0.4300462166879257,64.11101319148666,69.37571716308594,0.593178763222305,2.3057728859189375
F. angustifolia,3,200,42,150,-0.05006819754135805,56.2500352900581,59.2237548828125,0.659978993535213,2.3744556983321963
F. angustifolia,3,200,43,150,-0.5268709186442533,48.330750318752294,49.22393798828125,0.7105793486506096,2.409743667092582
F. angustifolia,3,200,44,150,7.431824187127783,351.9154837921179,395.384765625,0.6364240469072794,2.3629674212629324
F. angustifolia,3,200,45,100,4.293732138441597,341.19023251482025,395.6231689453125,0.2157441276057363,1.8808777032570796
F. angustifolia,3,200,46,100,0.6845122708296064,94.52091075523326,108.64534759521484,0.16393584600264993,1.7654788772793837
F. angustifolia,3,200,47,100,0.5158485805310307,88.19902425395941,99.20235443115236,0.19324382186351385,1.8307257229958775
F. angustifolia,3,200,48,100,0.4312339782048822,80.59641990492162,89.03009796142578,0.2579690082770212,1.9340903181504692
F. angustifolia,3,200,49,100,0.17252418708433143,74.02501607748627,79.38047790527344,0.37052145066711306,2.0862674707960105
F. angustifolia,3,200,50,100,-0.13013952764610542,66.24397324119477,69.415679931640625,0.4918816708897518,2.2294953757494804
F. angustifolia,3,200,51,100,-0.4780949157376061,57.97212161726189,59.294132232666016,0.559517919082353,2.3016386560496613
F. angustifolia,3,200,52,100,-0.7636815781778996,49.42072048892609,49.29091262817382,0.5982612732258625,2.33737898792341
F. angustifolia,3,200,53,100,4.624400128040077,358.56646455359635,395.44241333007807,0.48717289528152896,2.2463588236299694
S. laxum,3,200,1,1500,18.036167171688625,239.31452610766735,399.994873046875,0.22903435465733463,2.012051763050258
S. laxum,3,200,2,1500,13.306740278248473,183.92130380056517,299.8377685546875,0.2384463694176897,2.0317582860760592
S. laxum,3,200,3,1500,9.146605381286594,135.6695155199975,200.2531280517578,0.31989029522148427,2.1396379205486444
S. laxum,3,200,4,1500,2.3913547560414963,73.54479953399752,90.11226654052734,0.4281455835487608,2.267013075977069
S. laxum,3,200,5,1500,2.0411033096313203,66.64666030629411,80.14794921875,0.4831607141989509,2.3209484028503065
S. laxum,3,200,6,1500,1.0560164967443149,60.70958054992676,70.057159423828125,0.43900513307127104,2.289871442516087
S. laxum,3,200,7,1500,0.30449024895643545,54.31330343623037,60.0526237487793,0.3993539387329708,2.2585869221552275
S. laxum,3,200,8,1500,-0.5030920302531542,48.57032565762467,49.832374572753906,0.38195414851957293,2.239218628645991
S. laxum,3,200,9,1500,18.969161927320123,261.1607711640437,399.9749145507813,0.2950809317122463,2.1357180108634637
S. laxum,3,200,10,1500,7.416327189086766,206.2530151152299,400.1208190917969,0.0693029476721996,1.7730968236975604
S. laxum,3,200,11,1500,7.875460694750641,188.7435879202005,400.0237426757813,0.06689860579116505,1.7706690233039843
S. laxum,3,200,12,1500,14.180370397303108,237.07616164275316,500.1858825683594,0.09790675393368493,1.8313633605490176
S. laxum,3,200,13,1500,20.09068498209817,303.82938382160586,599.87469482421875,0.12580321887725496,1.8831771303145504
S. laxum,3,200,14,1500,26.54257952776167,411.41966677097093,799.99249267578125,0.12618046616965162,1.886359054871937
S. laxum,3,200,15,1500,31.136149645209077,604.6128282378028,1150.1771240234375,0.10312725076331554,1.8456691891807713
S. laxum,3,200,16,1500,34.65312386163544,778.3228811948336,1499.848388671875,0.08507554126038708,1.8156777550003171
S. laxum,3,200,17,1500,10.25304923233734,220.10064788294105,399.8861389160156,0.10653665494234688,1.8579182490921085
S. laxum,3,200,18,400,10.017353790018412,224.5084019709032,385.4425354003906,0.11822820075818834,1.8860481605875976
S. laxum,3,200,19,400,1.1760655320473772,81.461950329402,102.34397888183594,0.15606745037570283,1.952640176812245
S. laxum,3,200,20,400,1.5334330726527843,76.06757706485301,93.75897979736328,0.2462081824988462,2.090600303797808
S. laxum,3,200,21,400,1.2626409009689952,71.72696458210791,84.98310089111328,0.30884478420302663,2.175958905375461
S. laxum,3,200,22,400,0.9348500929411308,65.71252980695434,76.45826721191406,0.3170254331350612,2.18712603434395
S. laxum,3,200,23,400,0.4072032262590242,59.50174322873373,67.11388397216797,0.28949029751391536,2.159159191414743
S. laxum,3,200,24,400,-0.18714989852718872,54.398135021315646,57.93871307373047,0.25908910506071864,2.1244617656453193
S. laxum,3,200,25,400,-0.6322709800892109,48.66023951085225,48.51746368408203,0.22893435810458607,2.090604163249023
S. laxum,3,200,26,400,10.806660242146922,237.01040923509865,378.1665344238282,0.15046824528788189,1.974514863546574
S. laxum,3,200,27,250,2.2898319493221995,194.55648567782924,377.0377197265625,0.022506508884508815,1.7406417506074503
S. laxum,3,200,28,250,-0.3454889183146087,100.0523577564068,103.16031646728516,0.031586278428706385,1.7632015897747624
S. laxum,3,200,29,250,0.0018933479832378142,81.35921998306775,94.8569107055664,0.05621547764417228,1.814422470768448
S. laxum,3,200,30,250,0.24562483774636173,72.50580436956331,86.27208709716797,0.0950797001599696,1.8897146240813307
S. laxum,3,200,31,250,0.23232612053869184,67.27255130542744,77.52567291259767,0.13930423065416886,1.9681982414877277
S. laxum,3,200,32,250,0.11215572995038647,61.049490105416496,68.278778076171875,0.18100184274694167,2.0329769288825337
S. laxum,3,200,33,250,-0.24358902611300956,55.35867562985506,58.7603645324707,0.19812731152587415,2.068549132506727
S. laxum,3,200,34,250,-0.5682746014064928,49.33363729446464,49.47674560546875,0.19824092019225423,2.0665770515000186
S. laxum,3,200,35,250,9.02689492525217,253.27898786369528,378.4249267578125,0.14301732736661732,1.985895838817873
S. laxum,3,200,36,150,2.292560915740518,198.967918176178,376.950927734375,0.02316193702774457,1.7724656625634962
S. laxum,3,200,37,150,-0.3167533361064868,98.40619966898102,102.94676208496094,0.030711310661040027,1.7912813801981975
S. laxum,3,200,38,150,0.17750220391297916,77.79111544668669,94.85862731933594,0.06270397309591881,1.8550009101628824
S. laxum,3,200,39,150,0.2911429233427494,72.85965265360763,86.00727844238281,0.10984617387775358,1.9452325299928344
S. laxum,3,200,40,150,0.20127704694284054,68.22926282041713,77.292877197265625,0.1581639633587773,2.0236211303314193
S. laxum,3,200,41,150,-0.12838846563075396,63.24354417591806,67.99018096923828,0.1912992795614853,2.077727542414185
S. laxum,3,200,42,150,-0.40914619243868533,56.66950307695206,58.50040817260742,0.1960108631001433,2.0852826237734554
S. laxum,3,200,43,150,-0.7472645025408176,50.76239816334153,49.065189361572266,0.18556285959903507,2.074296703954023
S. laxum,3,200,44,150,6.737399233557523,273.6315244284663,377.9839172363282,0.13072920284386,1.9911550187502
S. laxum,3,200,45,100,1.6370095302569112,223.93576944925175,376.5223083496094,0.019764355830467897,1.7905224078329047
S. laxum,3,200,46,100,-0.40515513267424424,102.815002353082,102.53173065185548,0.029495277679108433,1.8126586616210552
S. laxum,3,200,47,100,-0.05704129234936167,82.85059903624854,94.2190933227539,0.058829288701854186,1.872234879581447
S. laxum,3,200,48,100,0.093839952464643,74.81410338258299,85.634246826171875,0.097990643418706,1.9472783807210072
S. laxum,3,200,49,100,-0.15268042484113198,71.47867729956089,76.885101318359375,0.13941546386640988,2.0193236543481032
S. laxum,3,200,50,100,-0.2786410061194767,64.39544091655819,67.78998565673828,0.17150732323197793,2.0707524400978583
S. laxum,3,200,51,100,-0.46092319845557567,57.050198248903406,58.322509765625,0.1775116685220423,2.083421239206393
S. laxum,3,200,52,100,-0.7062824904254245,50.614657948960534,48.98677444458008,0.16695168739248867,2.0715345164044994
S. laxum,3,200,53,100,4.776255658389587,294.57032290066303,377.3739318847656,0.12157787532817375,2.0036946306007883
T. forrestii,3,800,1,1500,23.80709831063206,252.76572255426572,400.0494995117187,0.3143061772597181,2.1910143324930105
T. forrestii,3,800,2,1500,18.325053425400768,201.6882071124207,300.010498046875,0.3774315726241085,2.2085971574211145
T. forrestii,3,800,3,1500,11.790576880138353,145.81333763172307,199.9022979736328,0.4791528446121426,2.24799768017279
T. forrestii,3,800,4,1500,1.6810365789472739,79.14415484208341,90.00493621826172,0.6176386605371399,2.2987639935527113
T. forrestii,3,800,5,1500,0.5705788246041572,73.43363686927246,79.907501220703125,0.7450152398020112,2.3370028598132193
T. forrestii,3,800,6,1500,-1.2596460502947402,68.35373650669288,69.85234069824219,0.8738398951357949,2.376952942485383
T. forrestii,3,800,7,1500,-2.2313330238676143,60.78725836894652,59.90221405029297,0.9561123963275138,2.389500120247656
T. forrestii,3,800,8,1500,-2.9384928581657523,52.202801860254915,49.90983200073242,1.1017831827655775,2.4128125448702775
T. forrestii,3,800,9,1500,26.508993884310595,335.30313737513836,399.72659301757807,1.1114939140521405,2.416659404244492
T. forrestii,3,800,10,1500,28.901416433219975,312.01862794008497,400.0338439941406,0.7730677790507344,2.3415990591217852
T. forrestii,3,800,11,1500,27.469420941322497,299.76548641269244,399.92333984375,0.6040911976227017,2.2808603194821626
T. forrestii,3,800,12,1500,32.84985867717433,372.38711915851695,500.02932739257807,0.5552653681238217,2.2616420594946103
T. forrestii,3,800,13,1500,37.981499025736426,453.584954826744,600.06475830078125,0.5616220299745374,2.2558871105793368
T. forrestii,3,800,14,1500,43.076676837162424,633.0569164054348,799.998046875,0.5706442666828826,2.2493088477002456
T. forrestii,3,800,15,1500,46.41841351109504,960.2527116192679,1149.968017578125,0.5567485671359536,2.226441953316098
T. forrestii,3,800,16,1500,49.184754947602585,1281.8306762995269,1499.95556640625,0.5278855553398275,2.2156645750631574
T. forrestii,3,800,17,1500,23.146221010606425,304.23194721488215,400.0997619628906,0.5274827793178798,2.2097896542401867
T. forrestii,3,800,18,400,14.564071600561803,341.5374011805394,395.4448547363282,0.7078929290123221,2.2394870774236044
T. forrestii,3,800,19,400,1.4574528394160153,99.48314139075605,108.85847473144533,0.7897599608281363,2.258324317096122
T. forrestii,3,800,20,400,1.8226723386037573,89.77850871523647,99.19818115234376,0.8923275267894107,2.287590522842249
T. forrestii,3,800,21,400,1.4179604251011146,81.31972083822563,89.03480529785156,0.9993607057487184,2.315776206854105
T. forrestii,3,800,22,400,0.4563884958928336,73.97219656858906,79.21795654296875,1.1040235100749247,2.350937457677355
T. forrestii,3,800,23,400,-0.3856483502643282,66.04948400988984,69.25202941894531,1.251187496428128,2.3840269063093
T. forrestii,3,800,24,400,-1.5544164726844252,58.25378821739777,59.11815643310547,1.3037211522989582,2.396678465655059
T. forrestii,3,800,25,400,-2.7151767424748807,50.36479875796768,49.12550354003906,1.4454598424361629,2.4201014777226373
T. forrestii,3,800,26,400,17.764834589379998,352.2987053107962,394.7837219238282,1.3921150779403806,2.412136186628137
T. forrestii,3,800,27,250,10.19052510996552,354.574042559602,394.8108520507813,0.7760946774803805,2.2486265880811844
T. forrestii,3,800,28,250,0.7063024698218839,100.18936955710596,108.48358154296876,0.6504135514672683,2.1913291670634645
T. forrestii,3,800,29,250,0.633880544797768,91.46770291423356,98.87443542480469,0.7216884891954796,2.1931076587346614
T. forrestii,3,800,30,250,0.3869477370517437,82.7680251515156,88.78477478027344,0.84787935434904,2.212449920610408
T. forrestii,3,800,31,250,-0.09697534362732496,74.5441962980255,78.995361328125,0.9653120935492568,2.2369579602855376
T. forrestii,3,800,32,250,-0.7766569982762477,66.36779032101116,69.0630874633789,1.0152146304507257,2.2392994909768458
T. forrestii,3,800,33,250,-1.7936004615292118,58.49005495172508,58.86355972290039,1.088076588573652,2.246281781829719
T. forrestii,3,800,34,250,-2.5564274778548857,50.38708062309912,48.88949203491211,1.0575199580515315,2.2261385364062294
T. forrestii,3,800,35,250,12.563214933285652,350.641979371414,394.588623046875,0.8671902137576265,2.1708268975367684
T. forrestii,3,800,36,150,5.360175355306575,298.9747237904925,394.8737182617187,0.11051891921034152,1.8545474263961077
T. forrestii,3,800,37,150,-1.4008937725323352,113.37857786300684,108.32726287841795,0.10510395836074794,1.8460564130338752
T. forrestii,3,800,38,150,-0.7811273086266185,94.60677626967511,98.92835998535156,0.14541590234216392,1.8600293984644083
T. forrestii,3,800,39,150,-0.5798409346996563,83.05345558755383,88.692596435546875,0.20422511035367785,1.8830691234117547
T. forrestii,3,800,40,150,-0.833321231772485,75.6912957596688,78.94632720947266,0.29184702877172486,1.917674950712826
T. forrestii,3,800,41,150,-1.528902170281007,69.38257070293938,69.05690002441406,0.3773238903624034,1.9483836474796408
T. forrestii,3,800,42,150,-2.066632422312822,61.09285709492923,58.99312210083008,0.4797643537706748,1.985150198800562
T. forrestii,3,800,43,150,-2.424268847039683,51.954265243474275,48.99156188964844,0.5726406278649819,2.017392559870379
T. forrestii,3,800,44,150,7.850532030805875,352.49553687195095,394.7471923828125,0.5451014856164738,2.0058608356887415
T. forrestii,3,800,45,100,3.8267080883442923,298.2828206899146,394.91604614257807,0.07822780510355816,1.7893817608684477
T. forrestii,3,800,46,100,-1.9481318236714218,128.87818126043524,108.77572631835938,0.07536575968786219,1.7870278615695423
T. forrestii,3,800,47,100,-1.575433173506946,106.76821710394212,98.9095687866211,0.10310135684452948,1.7996356310795818
T. forrestii,3,800,48,100,-1.1249634760262774,88.38033207496943,88.78541564941406,0.14571152972084866,1.8194087826914185
T. forrestii,3,800,49,100,-1.5468086627433877,81.37477830197587,78.852996826171875,0.20016876534174963,1.8440154789765075
T. forrestii,3,800,50,100,-1.5581583029475459,70.39730584319774,69.03245544433594,0.27892489375448754,1.8785566589187368
T. forrestii,3,800,51,100,-1.9887266550031817,61.802332764487794,58.88203811645508,0.36052356626982657,1.912864171833382
T. forrestii,3,800,52,100,-2.5099926152657206,53.447972184001344,48.91779708862305,0.4410829015020334,1.9423102498370717
T. forrestii,3,800,53,100,5.0592007578678215,356.79812231590347,394.7100524902344,0.4084154246891371,1.9324094852339475
T. forrestii,4,200,1,1500,29.431719504372527,241.82062622877345,400.0060729980469,0.3580836140751714,2.3164280222797533
T. forrestii,4,200,2,1500,22.31968006820929,182.3109569672776,300.0450134277344,0.3700462790787989,2.3107005173796495
T. forrestii,4,200,3,1500,13.272678848100519,134.59277966739722,199.95057678222656,0.42209690015934054,2.3205538009548325
T. forrestii,4,200,4,1500,1.2947192934973923,78.04200993609227,89.97679138183594,0.45886437295518995,2.333374663882074
T. forrestii,4,200,5,1500,1.9089690454581223,67.22957451180059,79.9798126220703,0.5215282187762691,2.3387797615384915
T. forrestii,4,200,6,1500,0.05487929007812853,64.04728920650497,70.0714111328125,0.5267041362855676,2.339252727959538
T. forrestii,4,200,7,1500,-0.9636327339109416,57.725198463760854,59.98057556152344,0.5686797888436079,2.350203282238988
T. forrestii,4,200,8,1500,-2.266225314110283,51.95501054670354,50.03023910522461,0.622744832851364,2.3630957830157424
T. forrestii,4,200,9,1500,33.623274319039794,285.66007627568433,400.02047729492193,0.6271977306000207,2.3657860984185826
T. forrestii,4,200,10,1500,31.448059103991845,269.0332045238674,400.0622863769531,0.4859942322229049,2.3221604069044117
T. forrestii,4,200,11,1500,30.003641691313973,261.1193867396171,399.8784484863282,0.42815782786240175,2.298873150476153
T. forrestii,4,200,12,1500,37.64349650223989,322.91370472236775,499.90521240234375,0.41455586559129914,2.2868521416195
T. forrestii,4,200,13,1500,42.42846528229979,387.45637653613977,599.97882080078125,0.38552529612265274,2.2808153358155976
T. forrestii,4,200,14,1500,48.24238585026721,499.5680542906129,800.10888671875,0.29720088472738015,2.244202342335193
T. forrestii,4,200,15,1500,54.815900463433564,742.2860691446328,1150.119384765625,0.24269905206102813,2.2200961569318607
T. forrestii,4,200,16,1500,60.250737144687584,1019.8533037754518,1500.031494140625,0.226546563208253,2.214845187591607
T. forrestii,4,200,17,1500,16.44547693199989,261.19160193227594,400.0305480957031,0.22385667480140975,2.211697282441717
T. forrestii,4,200,18,400,14.828608361760676,297.32432165199816,395.3260803222656,0.3052012010237287,2.213337084494109
T. forrestii,4,200,19,400,0.3809984296431941,98.3524225094547,108.50817108154295,0.3487350861214171,2.222232771350682
T. forrestii,4,200,20,400,0.7368272939104368,88.20348020898551,98.81166076660156,0.4074603888585217,2.236500973774964
T. forrestii,4,200,21,400,0.25927270540326286,80.87892103702984,88.59227752685547,0.4579478731050151,2.2461676507216186
T. forrestii,4,200,22,400,0.009570621149419756,72.70278743231329,78.84125518798828,0.5192356416849713,2.264071481984138
T. forrestii,4,200,23,400,-0.9280148008537725,66.44566810654065,69.067657470703125,0.5546944799578748,2.275216137491836
T. forrestii,4,200,24,400,-2.262125112091697,60.34166465528892,58.67740249633789,0.625999261270103,2.2932934547801413
T. forrestii,4,200,25,400,-2.856307577060562,52.10314445656213,48.79438400268555,0.6873915105240531,2.305427628711448
T. forrestii,4,200,26,400,19.68435908299275,327.24292736851515,394.3876953125,0.7023608263191374,2.3117267081126047
T. forrestii,4,200,27,250,10.08923928484363,337.9836767127505,394.53460693359375,0.4199722068619738,2.224155548716837
T. forrestii,4,200,28,250,-0.14951884235563584,101.4963776810714,108.31086730957033,0.443036217866786,2.2324637060069943
T. forrestii,4,200,29,250,0.14827269676440114,91.49127273212376,98.687713623046875,0.5092063955268505,2.2477070665571373
T. forrestii,4,200,30,250,-0.2892562849250677,83.3124830447821,88.52821350097656,0.573145879355239,2.2696532426553313
T. forrestii,4,200,31,250,-0.5643217690757056,74.82340341403592,78.7647476196289,0.6299154288520493,2.283693797521366
T. forrestii,4,200,32,250,-1.3141778592645184,67.28496804562994,68.78063201904297,0.6952928108095637,2.2990426711868497
T. forrestii,4,200,33,250,-2.182028609868693,59.5902150263654,58.75122833251953,0.7838531961374425,2.3230818133387947
T. forrestii,4,200,34,250,-3.0954297611369084,51.86776405026987,48.7110710144043,0.8324730065868235,2.333350485989504
T. forrestii,4,200,35,250,14.56525686689493,346.9282149005578,394.23779296875,0.8514353036384716,2.3360213503047125
T. forrestii,4,200,36,150,6.558672953504049,354.2272357553114,394.5231018066406,0.4435512412383815,2.2189797931138164
T. forrestii,4,200,37,150,-1.4109374335521228,106.80432608186707,108.45631408691406,0.4339294893733257,2.215534876277845
T. forrestii,4,200,38,150,-0.47252473794426175,93.81118596352329,98.74662017822266,0.5111630174920666,2.2322944416355748
T. forrestii,4,200,39,150,-1.1068830965652185,85.93069110904518,88.50132751464844,0.5668259305448584,2.2536577108246276
T. forrestii,4,200,40,150,-1.1399423756351523,76.51155830047212,78.74980926513672,0.6399908045624807,2.271878140320594
T. forrestii,4,200,41,150,-1.9905251621194646,69.06214878807965,68.77525329589844,0.70394205924923825,2.290075626233593
T. forrestii,4,200,42,150,-2.2199630403628197,59.67325748696265,58.6732177734375,0.7619823278493333,2.3016106425957403
T. forrestii,4,200,43,150,-2.7072566518025667,51.02313517937149,48.752906799316406,0.8187513973917168,2.314541192171935
T. forrestii,4,200,44,150,8.484930300667326,360.29188629623786,394.2628173828125,0.8277568898153662,2.319254503995049
T. forrestii,4,200,45,100,3.988354209270572,363.3956969321176,394.4334716796875,0.4143511306503058,2.19474835440093
T. forrestii,4,200,46,100,-1.9287742852814835,108.882434609072,108.33943939208984,0.4239018332243369,2.1970754181621595
T. forrestii,4,200,47,100,-1.608950658971583,97.81991810101388,98.6866683959961,0.48602201789038146,2.2155998303657545
T. forrestii,4,200,48,100,-1.796881308878567,88.1987303227204,88.568389892578125,0.5586281146864505,2.2436660753215256
T. forrestii,4,200,49,100,-1.9513028392376104,78.81108071627082,78.58309173583984,0.6081198368064534,2.255023179910553
T. forrestii,4,200,50,100,-2.251861282306648,69.94943041878855,68.783447265625,0.6637241472094746,2.26825509173068
T. forrestii,4,200,51,100,-2.679664615659477,61.41494832461754,59.00276947021485,0.7006450282218029,2.2805955079961424
T. forrestii,4,200,52,100,-3.1389374229898737,52.322546901684554,48.78986740112305,0.7705368708652364,2.296655512249941
T. forrestii,4,200,53,100,5.124116766508053,367.0181386483374,394.69427490234375,0.7240508961034164,2.2891079675358195
T. cristatus,3,800,1,1500,20.90927226098076,229.10261510436283,399.3056640625,0.23720555450420092,2.4622146154129005
T. cristatus,3,800,2,1500,17.14072028412133,181.02412312970296,299.6692199707031,0.292977763996403,2.3030898109956905
T. cristatus,3,800,3,1500,11.884083607411936,127.1537636945118,199.88497924804688,0.34599369711065825,2.328259742369468
T. cristatus,3,800,4,1500,4.827874355891525,63.1965071149195,89.63800811767578,0.4312266444090134,2.3760119198230094
T. cristatus,3,800,5,1500,4.26448746991349,58.867247363032114,80.06890106201172,0.5026051037005661,2.4196119531214206
T. cristatus,3,800,6,1500,3.3411945632128774,53.525274543642944,69.83255767822266,0.5423641714231254,2.4334830334055297
T. cristatus,3,800,7,1500,2.787253361483309,46.2123668523208,59.90781784057618,0.5555553919795236,2.4370759235921433
T. cristatus,3,800,8,1500,1.946110090615577,39.40237114259206,50.030364990234375,0.5336124310207231,2.443244589894952
T. cristatus,3,800,9,1500,21.298665885071504,264.5103506416545,399.9870300292969,0.3268993411350449,2.273480874688365
T. cristatus,3,800,10,1500,16.327859802343447,213.65241541961396,399.9319458007813,0.1640038669807597,2.1267535376769957
T. cristatus,3,800,11,1500,15.844120110102262,208.00646839846655,399.8635559082031,0.1534184445400531,2.114517915975273
T. cristatus,3,800,12,1500,17.423099991044324,252.745685382298,499.9555969238282,0.12786777927216672,2.0761202595749637
T. cristatus,3,800,13,1500,18.704494621506253,299.7056294289838,600.154052734375,0.1113736220434198,2.056518074656473
T. cristatus,3,800,14,1500,18.948231832241817,380.0212641979027,799.941650390625,0.0786211060997118,2.0235712874352467
T. cristatus,3,800,15,1500,23.51123396053037,600.8031454239672,1150.3216552734375,0.0741734684682117,2.0128606759849355
T. cristatus,3,800,16,1500,27.390347593059097,777.9922003824665,1499.8001708984375,0.06481837466933023,1.9980518324403092
T. cristatus,3,800,17,1500,14.914187831781513,221.7102182039052,400.0105895996094,0.15616715649277726,2.098891730505231
T. cristatus,3,800,18,400,10.65793607232139,244.24026970151377,385.8295593261718,0.14251843100303918,2.071617299509162
T. cristatus,3,800,19,400,2.462242955248716,76.46027160488401,103.24930572509766,0.2123590661696758,2.1416971855200826
T. cristatus,3,800,20,400,2.9505239228745817,72.13066093992808,94.35919952392578,0.3219748463888409,2.233914928628976
T. cristatus,3,800,21,400,2.928805725156773,66.7487656868741,85.74181365966797,0.3915971530327335,2.2875881433021568
T. cristatus,3,800,22,400,2.6408610224264666,60.95245431697076,76.9486083984375,0.4384368097552475,2.315272392921601
T. cristatus,3,800,23,400,1.9716550476063872,55.73420022451924,68.02266693115234,0.4642296395421956,2.333839209879516
T. cristatus,3,800,24,400,1.4339086949401323,49.01708677011773,58.53416442871094,0.4790643262222942,2.3414678985637147
T. cristatus,3,800,25,400,0.9486152480776002,42.47206223356172,49.66560745239258,0.48228868966673955,2.3394501297581884
T. cristatus,3,800,26,400,12.733606321173847,276.9308427359407,378.53082275390625,0.2636346860461316,2.1739189104775725
T. cristatus,3,800,27,250,6.095404843616538,219.0370135683405,377.2624206542969,0.07008665729828069,1.9546029894755048
T. cristatus,3,800,28,250,1.1434308141759177,78.84810230594192,102.76634979248048,0.12258416987861916,2.0077877416898264
T. cristatus,3,800,29,250,1.822119690799739,73.46580749962821,94.4498062133789,0.21520552123205983,2.0958285194655475
T. cristatus,3,800,30,250,1.8811622375878483,68.70669617413637,85.76618194580078,0.288858581921678,2.1593446454056684
T. cristatus,3,800,31,250,1.7194208441177945,62.79515383673905,77.470550537109375,0.320958872626331,2.1856389673083614
T. cristatus,3,800,32,250,1.3260886886079577,57.00550764287581,68.55304718017578,0.3435243944952364,2.195385304651063
T. cristatus,3,800,33,250,0.8666902537949959,50.69362635777962,59.24679946899414,0.362141308866286,2.219718383725674
T. cristatus,3,800,34,250,0.42374863660516354,43.72406297089985,49.85422897338867,0.35197050768101035,2.224480187588779
T. cristatus,3,800,35,250,8.87356923366724,278.6331112288562,378.3326416015625,0.1806620815898883,2.046405821842927
T. cristatus,3,800,36,150,3.382416731398348,264.4169039278272,376.8356628417969,0.05698135215237202,1.8911051463532491
T. cristatus,3,800,37,150,0.27021018088163973,88.56193484239802,103.41543579101563,0.09031745946959185,1.929116570183134
T. cristatus,3,800,38,150,0.7336660087256981,80.34192396703953,94.586944580078125,0.17208445991382867,2.0154185558766766
T. cristatus,3,800,39,150,0.7757801845797114,74.66634030604966,86.14842987060547,0.2372479352165863,2.0696224845740945
T. cristatus,3,800,40,150,0.588606474836922,67.65884902747854,77.31853485107422,0.25037292870100974,2.094722107135225
T. cristatus,3,800,41,150,0.44876664455745674,60.68972661290593,68.35877990722656,0.2817005539840887,2.103613762607798
T. cristatus,3,800,42,150,0.037998170358906846,54.40785981232326,59.2254638671875,0.29006357797311966,2.1287852828313336
T. cristatus,3,800,43,150,-0.2634198901225683,47.40912648085267,49.87093734741211,0.31533792338148553,2.128456398869021
T. cristatus,3,800,44,150,5.321193961993986,289.8974167916405,377.3199157714844,0.12442572550299788,1.9393327640048228
T. cristatus,3,800,45,100,2.3197011672648653,270.78075315903635,375.736572265625,0.04257239933589972,1.8273377264535375
T. cristatus,3,800,46,100,-0.22116165511258373,96.47051052488156,102.69281005859376,0.07901642620140276,1.8711063424587773
T. cristatus,3,800,47,100,0.14322985213773676,84.79361222881025,94.0726318359375,0.1458073285593418,1.9514923681646617
T. cristatus,3,800,48,100,0.0016000189351941252,79.49495604545245,85.78498077392578,0.20209739174656113,2.0055027298490167
T. cristatus,3,800,49,100,-0.05639646433980777,72.01033190354669,77.08253479003906,0.2274186084097421,2.0094011865682115
T. cristatus,3,800,50,100,-0.17632684695851636,64.28367353201949,68.25090789794922,0.2426564691717795,2.0376190047981217
T. cristatus,3,800,51,100,-0.4213637130852564,57.2180512668196,58.97418975830078,0.26069438289370184,2.033177199391357
T. cristatus,3,800,52,100,-0.6435261083658006,49.55966864536267,49.68277359008789,0.27769025694867894,2.0573643375051325
T. cristatus,3,800,53,100,3.612950044588645,294.8348704043115,376.5405578613282,0.09177114840275213,1.8605293661734903
T. cristatus,4,200,1,1500,22.56400771062351,198.0206684410384,399.2718811035156,0.21114518743218896,1.814037605286139
T. cristatus,4,200,2,1500,18.929503598388987,155.20354772222717,299.6220397949219,0.25423433620596503,1.8637301039157756
T. cristatus,4,200,3,1500,13.597514467266562,114.71240516696597,199.7393493652344,0.3268823340998641,1.925311517689319
T. cristatus,4,200,4,1500,5.266345410623456,61.410537689169665,89.80574035644531,0.4338315391948081,1.998475803183348
T. cristatus,4,200,5,1500,5.301966044993069,55.71396900308855,79.833526611328125,0.5374719438988285,2.0685419782103565
T. cristatus,4,200,6,1500,4.442000347036459,51.012304975946655,69.953857421875,0.6067602696855366,2.1037368966302745
T. cristatus,4,200,7,1500,3.5598533191082358,44.95824810021347,59.92522430419922,0.6517747973348711,2.134866120709572
T. cristatus,4,200,8,1500,2.6380352253214605,38.37275572943602,49.85482406616211,0.6745711748010511,2.148536970929505
T. cristatus,4,200,9,1500,25.92062174167398,246.36650147216795,399.98541259765625,0.34251091769481334,1.9498716683583337
T. cristatus,4,200,10,1500,19.62930502152263,183.6591028498557,399.9586181640625,0.1673445119153733,1.824252422106743
T. cristatus,4,200,11,1500,19.164764562341713,180.40710787924627,400.0556640625,0.16023632381846786,1.8193936154450057
T. cristatus,4,200,12,1500,22.427097320222785,215.4676832195285,500.030517578125,0.14221000603336134,1.8011846028022118
T. cristatus,4,200,13,1500,26.521061204521267,258.09937133160867,599.9114990234375,0.13934745080675912,1.8018114016916953
T. cristatus,4,200,14,1500,29.82422623925926,342.78405255784753,800.0081787109375,0.11485241945789168,1.773377759349125
T. cristatus,4,200,15,1500,35.39654179913943,493.9553896183032,1150.00048828125,0.0934561484586433,1.7558798071066413
T. cristatus,4,200,16,1500,41.13012169393148,679.687243399904,1500.0255126953125,0.08630394937041316,1.748223478859596
T. cristatus,4,200,17,1500,15.673677479608873,195.4548814201796,399.9068298339844,0.14089293706994757,1.8083637955298473
T. cristatus,4,200,18,400,11.460264236374742,237.88020404861757,398.7114562988282,0.13242788522545776,1.780013089892047
T. cristatus,4,200,19,400,2.667758432817789,80.83210747993633,111.63451385498048,0.20153494619204265,1.8406215021367536
T. cristatus,4,200,20,400,3.097788944239176,78.50933606695372,102.05841827392578,0.32729740664943124,1.941218379118596
T. cristatus,4,200,21,400,2.9914974457482786,72.36897114714459,91.8501205444336,0.40359446206470495,1.996076527299592
T. cristatus,4,200,22,400,2.6761595764834265,66.02570591413327,82.04759216308594,0.4658917384650409,2.033566153500171
T. cristatus,4,200,23,400,2.1195346397547623,59.46147784805995,72.12512969970702,0.5085759840799073,2.058718793206848
T. cristatus,4,200,24,400,1.4687313928828245,52.47554530203319,61.9742546081543,0.5399720549580009,2.0786434629423014
T. cristatus,4,200,25,400,0.7945672323699736,45.3563038870496,51.965301513671875,0.5560155003370456,2.0882467590857994
T. cristatus,4,200,26,400,13.18437459908881,241.93988431634412,398.2372131347656,0.16026974357392065,1.8182410690930848
T. cristatus,4,200,27,250,6.907353446516732,237.7644290680258,398.47222900390625,0.07866666414844475,1.733341471745807
T. cristatus,4,200,28,250,1.236860379033828,85.52281967854783,111.73863220214844,0.12785661147052324,1.777463886210171
T. cristatus,4,200,29,250,1.7743772225847403,80.332056224103,101.92788696289063,0.21774693613961577,1.8523729321368736
T. cristatus,4,200,30,250,1.6393704962347384,74.76935309154693,91.72930908203124,0.2786979719113065,1.905029327009528
T. cristatus,4,200,31,250,1.4039589215836112,68.38000668674535,81.91705322265625,0.3278392733259416,1.940389674399412
T. cristatus,4,200,32,250,0.986833450873084,62.035494744853295,71.99468231201172,0.3794566644531974,1.9776986707338364
T. cristatus,4,200,33,250,0.3994437175303125,55.36800587722461,61.83732223510742,0.4127708365228075,1.999740650905267
T. cristatus,4,200,34,250,0.0051683320378719255,47.61251133133534,51.849388122558594,0.4376151803241253,2.014363277213095
T. cristatus,4,200,35,250,8.395746394156818,250.33552869272663,398.1615295410156,0.1065739765344448,1.7627678119486954
T. cristatus,4,200,36,150,3.958987296525183,278.5924977995777,398.371337890625,0.06304744644753063,1.7118701024619805
T. cristatus,4,200,37,150,-0.16550588918858528,102.3348380341766,111.77776336669922,0.09170197778152332,1.7392192903593533
T. cristatus,4,200,38,150,0.5391209704269543,87.45368714559521,102.20761108398438,0.15574141769762626,1.7957618064208365
T. cristatus,4,200,39,150,0.5452173960978874,80.21144159119268,91.85216522216797,0.21710115641087951,1.8471618345249443
T. cristatus,4,200,40,150,0.2635623253106456,73.70148760607799,82.05119323730469,0.25701024361982594,1.8844914721602108
T. cristatus,4,200,41,150,-0.08263674568044521,66.84116193111421,72.119049072265625,0.3024150202769151,1.9192678103235812
T. cristatus,4,200,42,150,-0.3767004535147428,58.87443074821099,61.9971809387207,0.3410141553492416,1.946977615126816
T. cristatus,4,200,43,150,-0.7413863378186353,51.09068260640301,52.03860855102539,0.37703222940698267,1.9718936667462696
T. cristatus,4,200,44,150,5.7113248129519905,263.09522957431403,398.3469848632813,0.0797508726830534,1.729912583833371
T. cristatus,4,200,45,100,2.7247377958031183,299.7310591277635,398.4907531738282,0.054804992541798665,1.697897965176686
T. cristatus,4,200,46,100,-0.6165547068256281,110.91245420013952,111.8640365600586,0.07757214417620334,1.7206323826513252
T. cristatus,4,200,47,100,-0.17841689387364457,94.7435837637676,102.19095611572266,0.13828447931810348,1.7753621661836514
T. cristatus,4,200,48,100,-0.2892398857892854,86.46628664718338,91.66499328613281,0.19708896656796504,1.8243809764371837
T. cristatus,4,200,49,100,-0.2974806767741437,77.30912385620539,81.88968658447266,0.23423046870465333,1.8527782220776716
T. cristatus,4,200,50,100,-0.3981093924875621,68.51159580865955,71.95918273925781,0.2758793405609545,1.8862993849340128
T. cristatus,4,200,51,100,-0.7446944816890367,60.83420037485722,61.89970779418945,0.3138281704954449,1.9145468253927536
T. cristatus,4,200,52,100,-1.2649646663179186,53.82294609228525,51.96590423583984,0.34765788439249357,1.940261084551588
T. cristatus,4,200,53,100,3.811879974759267,297.6613280661553,398.3255920410156,0.07580985883493363,1.715625759041577
S. laxum,3,800,1,1500,16.765520649470457,250.1963112402884,399.98785400390625,0.2262341922594731,2.357476776165466
S. laxum,3,800,2,1500,12.350238762898227,198.0074587707859,299.9206848144531,0.2534475305542695,2.393286730230757
S. laxum,3,800,3,1500,8.156456072050174,143.72212131465787,199.99462890625,0.3289267852971148,2.4762080764933487
S. laxum,3,800,4,1500,1.8652612232527126,75.82107532884577,90.14299011230469,0.3935309446881683,2.539623691714791
S. laxum,3,800,5,1500,1.2821872263057663,69.74096597376784,80.01702880859375,0.4429814418548846,2.5829044176335447
S. laxum,3,800,6,1500,0.5936488133436513,62.95681913706844,69.94056701660156,0.42173484174430387,2.5766036851624667
S. laxum,3,800,7,1500,-0.15787901623819528,56.81280163688295,59.95896911621094,0.39513069574085474,2.563864718356155
S. laxum,3,800,8,1500,-0.6014341567871142,49.4633653601458,50.05033493041992,0.3796304145226021,2.5578937264143025
S. laxum,3,800,9,1500,18.129783672596375,271.4370209066868,400.01263427734375,0.3013022635675581,2.492568198724708
S. laxum,3,800,10,1500,7.42505106361779,238.6091320690996,399.8673095703125,0.08508722810416679,2.2298366275181616
S. laxum,3,800,11,1500,13.222560128328743,236.3057262731571,399.8853759765625,0.1551209200461149,2.335784372375565
S. laxum,3,800,12,1500,20.168566065091994,316.4128303550338,499.8098754882813,0.22030707762988372,2.4221805258773093
S. laxum,3,800,13,1500,20.921987627397765,355.2024740539072,600.0107421875,0.16319797513752823,2.3566185575138223
S. laxum,3,800,14,1500,22.714474624368673,436.93163841809417,799.89044189453125,0.11398190535734842,2.2933434844010336
S. laxum,3,800,15,1500,22.24321926833392,614.7137550687979,1149.9376220703125,0.07244975287976808,2.2311768102713976
S. laxum,3,800,16,1500,26.3048699453716,774.3816283120992,1500.0799560546875,0.06203518818413662,2.2128993849023244
S. laxum,3,800,17,1500,7.131407836515299,248.31745415079135,399.955322265625,0.08787893740632816,2.258241976903548
S. laxum,3,800,18,400,8.281826827049288,248.48914260154,385.251953125,0.11469303916367406,2.273649144558105
S. laxum,3,800,19,400,0.6556996561693522,87.51883323152279,102.05555725097656,0.1574209953697608,2.332922886295928
S. laxum,3,800,20,400,1.0848049172335816,80.08829510161475,93.76307678222656,0.24960921055666271,2.4360338167962325
S. laxum,3,800,21,400,0.8727126458444654,74.22045185854576,85.15520477294922,0.28449528418319475,2.479671059806977
S. laxum,3,800,22,400,0.5761392070639404,67.83258471599285,76.53519439697266,0.28741245665121046,2.4873387403938687
S. laxum,3,800,23,400,0.09923834094714618,61.86026395717025,67.26416015625,0.27978499108715477,2.4804175929827035
S. laxum,3,800,24,400,-0.33181905028640496,55.67240281798426,57.961307525634766,0.2826514780786601,2.4919640273805124
S. laxum,3,800,25,400,-0.7369330915666702,49.438525053505245,48.822269439697266,0.2956034391002498,2.4965376683585347
S. laxum,3,800,26,400,10.41510270000666,266.5900813934288,379.2374877929687,0.18709732437540907,2.3889576234147536
S. laxum,3,800,27,250,3.0838521981809675,246.35922009731544,377.2770385742187,0.04342223617322068,2.1854695412432195
S. laxum,3,800,28,250,-0.6353730177325867,109.3080750820132,102.45968627929688,0.0452788104081486,2.191317508638327
S. laxum,3,800,29,250,-0.23053825909908732,87.21978004284688,93.9305419921875,0.05780126231817994,2.2126016981899737
S. laxum,3,800,30,250,-0.19116565087636125,78.57645151103452,85.16613006591797,0.07726719439062342,2.2440163008705714
S. laxum,3,800,31,250,-0.1798589785688211,70.75946106382153,76.35811614990233,0.10730678495898144,2.2869230312785365
S. laxum,3,800,32,250,-0.22800633835516534,63.230691259885695,67.37489318847656,0.139760945489715,2.3349385834409624
S. laxum,3,800,33,250,-0.5560294973486205,57.73967444746052,57.95775604248047,0.17247613321585345,2.3787460564541836
S. laxum,3,800,34,250,-0.9434577520603382,52.122880699393576,48.614013671875,0.19068647901406785,2.401964311504882
S. laxum,3,800,35,250,7.446531887114359,265.1324143685786,378.6697692871094,0.12787986843512422,2.3270995415811484
S. laxum,3,800,36,150,1.9054249743594918,257.02409786523265,377.0288391113282,0.029755251729550704,2.189843448408064
S. laxum,3,800,37,150,-0.7022445921244057,117.7234845658822,102.6391830444336,0.0307790460317972,2.1936999933467014
S. laxum,3,800,38,150,-0.5647201426837497,100.02147368055996,94.08685302734376,0.03703370287597105,2.2049476677256608
S. laxum,3,800,39,150,-0.22686897758638958,78.2266881734325,85.72618103027344,0.04829194991146359,2.225404171684233
S. laxum,3,800,40,150,-0.6474320843680232,81.11082812787105,76.65343475341797,0.06413113861310354,2.2520673978772683
S. laxum,3,800,41,150,-1.1467577646675704,80.03981819518644,67.41804504394531,0.08578438509520296,2.285202999102068
S. laxum,3,800,42,150,-0.7974526555578022,62.39131661119137,57.97354507446289,0.10874442208595445,2.320990304594394
S. laxum,3,800,43,150,-1.2719966262671865,58.72231343125086,48.71596908569336,0.12907546089994928,2.350620419745086
S. laxum,3,800,44,150,4.602709492576081,282.7522022165266,378.1828002929687,0.0949424023165001,2.307010306123542
S. laxum,3,800,45,100,1.370513551990813,274.40700831155067,376.8820495605469,0.025912533258789245,2.2111463587986364
S. laxum,3,800,46,100,-0.4271957393486494,104.21014229262808,102.79631805419922,0.026203727901307535,2.215832382049659
S. laxum,3,800,47,100,-0.47145769606243626,96.97606174388352,94.015228271484375,0.030152184162729564,2.2281682824862945
S. laxum,3,800,48,100,-0.45090230047884683,86.2638433426182,85.4281997680664,0.037431434625064264,2.2425023047010617
S. laxum,3,800,49,100,-0.35149708005555386,73.70687710047099,77.036651611328125,0.04747951923776469,2.2607041704548756
S. laxum,3,800,50,100,-0.6019836342644647,71.67675796669353,67.97088623046875,0.06028412038614056,2.282783005233505
S. laxum,3,800,51,100,-1.0429440714657714,70.57789513750653,58.35311126708984,0.07621047685123047,2.3077068952831907
S. laxum,3,800,52,100,-0.45462936991786596,48.519616819699955,49.15426254272461,0.09158043789184059,2.3350552521098873
S. laxum,3,800,53,100,3.220092293695451,288.63489507014606,378.5798645019531,0.07054194644544179,2.307317079078857
S. laxum,4,200,1,1500,13.764123901427265,249.98362523819924,400.0793151855469,0.1806587784629242,2.1163434871978826
S. laxum,4,200,2,1500,10.042196023155842,194.48723527287876,299.9655456542969,0.19193498359030672,2.137376282091369
S. laxum,4,200,3,1500,6.1703198982999155,138.69546726257232,199.95968627929688,0.21421161669787836,2.172992172502563
S. laxum,4,200,4,1500,1.0693637201189221,75.33204301531168,89.8561248779297,0.2371300759004954,2.2400234528068976
S. laxum,4,200,5,1500,1.0165366740041328,67.63990956546553,79.98921966552734,0.27250394076111323,2.2600555068246613
S. laxum,4,200,6,1500,0.49831655836205685,61.79270851108164,70.11458587646484,0.2832846794254379,2.2834689770706027
S. laxum,4,200,7,1500,-0.00774609819945693,55.285899242588776,59.972782135009766,0.28537284879926145,2.30127966356471
S. laxum,4,200,8,1500,-0.7722994015242879,50.44601118942082,49.9052848815918,0.2745855418344628,2.33780428935017
S. laxum,4,200,9,1500,14.951522029862048,261.4707556014446,400.0756530761718,0.21864595161345407,2.2568452754473545
S. laxum,4,200,10,1500,8.28659002569388,240.43980670459183,400.0906372070313,0.09690910383070954,2.1039311630305018
S. laxum,4,200,11,1500,8.50299331071125,228.79019845273783,399.984619140625,0.09178215801374842,2.107153045564468
S. laxum,4,200,12,1500,13.499793033612917,284.42368859613225,500.0406494140625,0.11617945159626498,2.155548493533759
S. laxum,4,200,13,1500,15.36770314892103,339.7238531551192,599.98358154296875,0.10834954585377314,2.1541618915481378
S. laxum,4,200,14,1500,16.69435509426552,422.65959393125,799.958740234375,0.0781550613565559,2.114958699957191
S. laxum,4,200,15,1500,23.409337611738508,628.1347657479089,1150.031982421875,0.07880895456620257,2.124457688103343
S. laxum,4,200,16,1500,25.632429482583625,819.8730767976275,1499.98095703125,0.0648507590443062,2.1066908703275256
S. laxum,4,200,17,1500,20.735422227034437,-114.98317851739974,399.9452209472656,0.06842135338729326,2.1208743307544062
S. laxum,4,200,18,400,5.230716549197834,239.37704395782808,396.8878784179687,0.06043647781761302,2.122267763804193
S. laxum,4,200,19,400,0.09521726034977623,96.93039324758224,110.33242797851563,0.07938043423077445,2.165830811142281
S. laxum,4,200,20,400,0.41045476715399776,86.64950478118678,100.27718353271484,0.12951257492260912,2.2347418702372814
S. laxum,4,200,21,400,0.3928737852014374,78.50293024649503,90.00849914550781,0.1581615906776711,2.282564296645549
S. laxum,4,200,22,400,0.20166750712564713,71.51498478037236,80.15345764160156,0.17361664676808186,2.3099304574551205
S. laxum,4,200,23,400,0.04929684608627011,63.61695460752331,70.61560821533203,0.17197232543110108,2.327693881334373
S. laxum,4,200,24,400,-0.39860882393703717,58.038323038844474,60.05244827270508,0.1785964398070672,2.3277158815291186
S. laxum,4,200,25,400,-0.6375016637251718,50.672734284807404,50.0738639831543,0.17502311163040124,2.3342383164941567
S. laxum,4,200,26,400,9.513888705622948,269.2502019064162,396.7313537597656,0.1449978896186067,2.3017697287485643
S. laxum,4,200,27,250,3.5202086480378396,225.3927754361364,396.8204650878906,0.03656181502702147,2.1640651151771597
S. laxum,4,200,28,250,-0.4133598979258376,108.5328732110161,109.92321014404295,0.04502533603654892,2.182404218230688
S. laxum,4,200,29,250,-0.04219674089089198,88.60819289524204,99.933807373046875,0.06601006837322856,2.221007349268839
S. laxum,4,200,30,250,0.08370344979664551,78.21413734090937,90.13092803955078,0.08498372707948462,2.2534676038748587
S. laxum,4,200,31,250,-0.1044475284838367,72.84731301497807,79.93318939208984,0.10512036072118158,2.2853817780176904
S. laxum,4,200,32,250,-0.35168712059774665,66.91239311492079,69.862396240234375,0.11156930940796687,2.301968927283422
S. laxum,4,200,33,250,-0.45609096193700904,58.79118341144826,59.99357604980469,0.1129358693163621,2.310210178919151
S. laxum,4,200,34,250,-0.8235624040146493,54.91694814884078,50.21512222290039,0.10915832483880795,2.310087611178795
S. laxum,4,200,35,250,6.56512522327137,254.24104998815983,396.0889892578125,0.08590630883886285,2.281890046131564
S. laxum,4,200,36,150,1.3619986624664047,248.01717465292833,396.6189575195313,0.01669358580467465,2.18923208348194
S. laxum,4,200,37,150,-0.8181782758073907,140.1812802013463,109.87826538085938,0.022028919962747463,2.203650148486078
S. laxum,4,200,38,150,-0.46995210407439414,102.18265253552936,100.21902465820313,0.033625693931846355,2.226448174513411
S. laxum,4,200,39,150,-0.32008776607178724,85.44964266652623,90.03916931152344,0.05008410243356696,2.255414872740308
S. laxum,4,200,40,150,-0.3334370207010457,76.4414108663226,80.27928161621094,0.06350367725318845,2.279723526269081
S. laxum,4,200,41,150,-0.48362395822434423,70.1639254258521,70.32471466064453,0.072474373175913,2.2968526214188896
S. laxum,4,200,42,150,-0.6819513343940082,64.17122207181943,60.20351791381836,0.07718812365798755,2.3142947387920576
S. laxum,4,200,43,150,-0.8607149672921717,57.68312715620178,50.17796325683594,0.0818177463461125,2.318547977113354
S. laxum,4,200,44,150,4.860780808769644,268.7331836838774,396.29486083984375,0.07091237995965433,2.3064792718764076
S. laxum,4,200,45,100,1.1637226553283473,270.0411603010491,396.5062561035156,0.01719056020583128,2.2357659757460353
S. laxum,4,200,46,100,-0.9592233398729453,154.84671629913288,109.77033996582033,0.019925754623847224,2.2450433977764335
S. laxum,4,200,47,100,-0.5548670527049036,107.95241929379723,100.13201141357422,0.027891641226742075,2.261386317125987
S. laxum,4,200,48,100,-0.5005221187098238,92.24504594762001,89.97856903076172,0.0395496929449579,2.2831390691032865
S. laxum,4,200,49,100,-0.4487001894241444,79.5815555423817,80.14362335205078,0.04800127317832502,2.3042682012772273
S. laxum,4,200,50,100,-0.6264481872382567,74.46133001044173,70.173797607421875,0.05803550161832908,2.318160178993581
S. laxum,4,200,51,100,-0.7248408366695919,66.15395390430939,60.01968765258789,0.06541434942249705,2.3316478407735413
S. laxum,4,200,52,100,-0.8858477520837016,59.17910200728824,50.050167083740234,0.07258315151457395,2.3450636216116982
S. laxum,4,200,53,100,3.7253586503017138,286.70139844832244,396.0406494140625,0.06494692729089775,2.337765375200106
F. angustifolia,3,800,1,1500,23.551170493835823,250.9320483176476,399.8714294433594,0.3410256914612551,2.0663994344644308
F. angustifolia,3,800,2,1500,17.715241193139843,190.23125283401984,300.0150451660156,0.35149263162764033,2.0938702385151555
F. angustifolia,3,800,3,1500,11.31526218907376,133.1422523870277,200.0013885498047,0.3807001728792204,2.1383602242730557
F. angustifolia,3,800,4,1500,3.672842216829142,68.3939291917045,90.03778076171875,0.42601682647069167,2.1953873230202587
F. angustifolia,3,800,5,1500,3.189305752959976,62.56591290126275,79.93269348144531,0.48712101889776693,2.254909359926314
F. angustifolia,3,800,6,1500,2.6492772050428037,56.167200708526025,69.92427825927734,0.54229383569028,2.3133668088375123
F. angustifolia,3,800,7,1500,1.9475066250245354,50.09559414754571,60.1594352722168,0.5948609985599869,2.360372111808887
F. angustifolia,3,800,8,1500,1.2113450664666114,43.25318597990304,49.948856353759766,0.6408012491778655,2.3956971842561035
F. angustifolia,3,800,9,1500,27.455317664509344,290.1548730038204,399.80950927734375,0.6479791016637976,2.4099079229710623
F. angustifolia,3,800,10,1500,27.830067251804277,285.8776455289967,399.96188354492193,0.6191379620903541,2.4014941655856092
F. angustifolia,3,800,11,1500,27.620914643287723,283.7069625646582,399.936767578125,0.5952772926860629,2.3999415594444726
F. angustifolia,3,800,12,1500,33.13531408431668,358.00934937870346,500.7278442382813,0.5758104229283281,2.3883369818504434
F. angustifolia,3,800,13,1500,36.75250830528283,434.2344491177776,600.00341796875,0.5428454373943734,2.37249097470571
F. angustifolia,3,800,14,1500,41.99236926716512,601.6038285026224,801.0488891601564,0.5161294583793259,2.3608320163081515
F. angustifolia,3,800,15,1500,46.06199467587414,912.6858283354336,1149.9609375,0.48439349414667376,2.349086596299763
F. angustifolia,3,800,16,1500,47.06205410884891,1236.6969315381937,1498.619873046875,0.4577640280782525,2.3341216090868984
F. angustifolia,3,800,17,1500,24.427208191659883,274.8315916297159,400.0973205566406,0.4493989385865077,2.3392543176887557
F. angustifolia,3,800,18,400,14.156596109290877,288.9661401384723,385.9820251464844,0.3257567199765823,2.256364326115727
F. angustifolia,3,800,19,400,2.144730961932455,85.4997149740976,102.63044738769533,0.3282242236780874,2.2710961060773696
F. angustifolia,3,800,20,400,1.311521485328341,81.94253034245098,93.30580139160156,0.3568564498274351,2.302533540548757
F. angustifolia,3,800,21,400,1.598918442907093,73.3847167190318,85.45403289794922,0.385710179031339,2.337601211827743
F. angustifolia,3,800,22,400,0.8164935229344802,68.25482992271274,75.610015869140625,0.4166729376539606,2.358374328422884
F. angustifolia,3,800,23,400,0.22905067424622505,62.222312750113026,66.36425018310547,0.4478692039620574,2.3969624975075714
F. angustifolia,3,800,24,400,-0.6460807189897353,57.18320915794016,57.162322998046875,0.4807808807783625,2.434618112975353
F. angustifolia,3,800,25,400,-0.966094704383337,49.326779060583966,47.78261184692382,0.511828799172103,2.470749318622198
F. angustifolia,3,800,26,400,15.366743134616296,303.50324859363815,379.5881042480469,0.5141361432178465,2.471577806428075
F. angustifolia,3,800,27,250,10.46311596599048,315.43631297819076,377.9378051757813,0.42668672724492535,2.416868386584101
F. angustifolia,3,800,28,250,1.3512091917377977,91.71447872448724,102.62008666992188,0.41231211332270823,2.4207248426087755
F. angustifolia,3,800,29,250,1.155014355441183,84.3490682959659,93.89200592041016,0.42103368694859983,2.43291552075847
F. angustifolia,3,800,30,250,0.7558385661091166,77.74142841341576,84.99321746826172,0.4310009813374058,2.4464372299725072
F. angustifolia,3,800,31,250,0.4159140547240622,70.97998900505334,76.28197479248047,0.446079072593121,2.4652461428157983
F. angustifolia,3,800,32,250,-0.08786710130565187,64.45545113557651,67.14612579345703,0.4602675669791595,2.481317213177943
F. angustifolia,3,800,33,250,-0.6858732344033442,57.98492410700348,57.76107025146485,0.47609553778345687,2.4991370025254582
F. angustifolia,3,800,34,250,-1.1324304759040544,50.762856634930706,48.37555313110352,0.49252117007242013,2.5109164156804327
F. angustifolia,3,800,35,250,11.314313975058651,316.7717094329273,378.7286376953125,0.4757417997133408,2.50190003040561
F. angustifolia,3,800,36,150,6.753081343124586,329.5177246333385,377.6232299804687,0.3752094511909718,2.433795554265613
F. angustifolia,3,800,37,150,0.4644549673653201,95.73607103592973,102.72506713867188,0.33816025063121485,2.407841002524801
F. angustifolia,3,800,38,150,0.2993724603666056,87.63872522895196,93.45148468017578,0.3344890723076114,2.413835610721435
F. angustifolia,3,800,39,150,0.0764336455250769,80.87670827525695,85.05912780761719,0.34714895313731925,2.4262284979256803
F. angustifolia,3,800,40,150,-0.4428131636648157,75.3427227244535,76.4073715209961,0.3543276109737857,2.442487825115808
F. angustifolia,3,800,41,150,-0.8801247521941626,68.89134492003315,67.3408432006836,0.36581505341741294,2.4547372493095465
F. angustifolia,3,800,42,150,-1.0155237904398244,60.494357491170206,58.04035568237305,0.3758329846721703,2.4724957629012643
F. angustifolia,3,800,43,150,-1.115007298833855,51.87034838710558,48.70811462402344,0.3835006581249676,2.4919349104256834
F. angustifolia,3,800,44,150,6.634704636620524,330.8005389301058,379.1988220214844,0.3618322379947411,2.4743755397340284
F. angustifolia,3,800,45,100,4.69924701477219,325.8240772057861,377.4480895996094,0.21790800524388612,2.350814662800185
F. angustifolia,3,800,46,100,-0.2704985050897849,99.49129495729515,101.82534790039063,0.18279718118726224,2.3192477821428183
F. angustifolia,3,800,47,100,0.06642120559563647,88.05451566632902,93.355987548828125,0.1890413119496989,2.3351645760449173
F. angustifolia,3,800,48,100,-0.49821003774051964,84.8228055934219,84.704559326171875,0.2021537381123032,2.3558914274610143
F. angustifolia,3,800,49,100,-1.2595570147350599,82.26658018276446,75.772796630859375,0.21786353788161825,2.379052626173536
F. angustifolia,3,800,50,100,-0.8844796424681809,70.55426801607788,67.13553619384766,0.22978823143067612,2.3960369141599367
F. angustifolia,3,800,51,100,-0.757896490542797,60.45375844300115,57.98062896728515,0.2399412458892936,2.419057693244526
F. angustifolia,3,800,52,100,-1.3694939862780002,55.488602156264456,48.466495513916016,0.25292861696775165,2.435988329368469
F. angustifolia,3,800,53,100,4.071202555956257,333.4606694580288,377.2936401367187,0.23643888240652192,2.425472141153237
F. angustifolia,4,200,1,1500,21.73994606791801,219.85594245225704,400.0088806152344,0.23381997576260505,2.2458649598369957
F. angustifolia,4,200,2,1500,16.36425323040719,165.55735656624432,300.00213623046875,0.23802539658856797,2.2789004982665646
F. angustifolia,4,200,3,1500,10.966648355109902,111.90450080033648,199.94667053222656,0.24685647619456336,2.304716376693643
F. angustifolia,4,200,4,1500,4.350540913977044,60.46731853134609,89.8982925415039,0.32015516277092126,2.352596730315941
F. angustifolia,4,200,5,1500,3.936790768554222,55.864411411792275,80.0757827758789,0.369686459164347,2.438291246516892
F. angustifolia,4,200,6,1500,3.584639410946356,50.830692993790635,70.03986358642578,0.4444221472892493,2.4834601754411123
F. angustifolia,4,200,7,1500,3.029800892885907,45.41268337923186,60.100154876708984,0.5223751847442216,2.542909955185736
F. angustifolia,4,200,8,1500,2.2416369498884494,40.134981215427345,50.15273666381836,0.6266081331957332,2.6083533259123213
F. angustifolia,4,200,9,1500,28.38941727868038,288.77775676973,400.0005187988282,0.6192943974314259,2.6285151419424073
F. angustifolia,4,200,10,1500,27.62990267588665,271.77150126540033,399.9341125488282,0.48528256371281137,2.561949365600216
F. angustifolia,4,200,11,1500,26.43206089559333,261.74343611446295,399.8713989257813,0.41352792189105336,2.524911908389768
F. angustifolia,4,200,12,1500,31.655009851099113,317.69735976145233,500.204345703125,0.36178667700286155,2.4838956196288056
F. angustifolia,4,200,13,1500,33.89756439230998,383.5827299237228,600.1226806640625,0.3208620059725647,2.4743871737777954
F. angustifolia,4,200,14,1500,39.30528118545533,513.5915377265172,799.9588623046875,0.2747765611826829,2.450285307926999
F. angustifolia,4,200,15,1500,44.85673986409147,758.4070119698232,1150.22509765625,0.22464014559507747,2.4273611778145425
F. angustifolia,4,200,16,1500,47.87721206928418,1043.4162738906457,1500.162109375,0.20378851028571163,2.401110887982213
F. angustifolia,4,200,17,1500,18.631924362747196,222.0675768488939,400.03717041015625,0.19848640948768873,2.4076201999793994
F. angustifolia,4,200,18,400,13.00088420759378,250.2614982758668,397.0363464355469,0.16806797519093783,2.4059271346299793
F. angustifolia,4,200,19,400,2.510352477544483,79.59532532484474,109.46347808837892,0.17779815230884485,2.422829207623843
F. angustifolia,4,200,20,400,2.6118432321173164,73.3511321158997,99.7571563720703,0.21346959049079897,2.4586212585950853
F. angustifolia,4,200,21,400,2.3029973403783206,69.0664590130648,89.49463653564453,0.2564442737237156,2.4975900414239733
F. angustifolia,4,200,22,400,1.9969904585576475,63.84512473309126,79.6718521118164,0.3041835042447909,2.5354446954338345
F. angustifolia,4,200,23,400,1.432497764105957,58.76648364931721,69.65928649902344,0.35559628230303564,2.582085664146871
F. angustifolia,4,200,24,400,0.9495162660889094,52.130028443788426,59.48186492919922,0.4064456075870703,2.6179528308281443
F. angustifolia,4,200,25,400,0.46465618736721964,45.148242556204494,49.562129974365234,0.46138550621300534,2.6536522102796294
F. angustifolia,4,200,26,400,16.68867245265427,308.6259775781535,396.3980407714844,0.4360103121818855,2.652140010858828
F. angustifolia,4,200,27,250,10.797613537726331,300.3826067768853,396.5415954589844,0.23095582295005335,2.5196560100020724
F. angustifolia,4,200,28,250,2.092202408408772,86.00501408703485,109.11924743652344,0.2037631252061576,2.502170849587535
F. angustifolia,4,200,29,250,1.9064273600790274,79.08790208916443,99.46581268310547,0.21472390037958183,2.512807268659104
F. angustifolia,4,200,30,250,1.6917288707679443,72.43660493083641,89.319427490234375,0.23892071088101097,2.5326042843193863
F. angustifolia,4,200,31,250,1.2666539413289395,67.10570920202922,79.492431640625,0.2683356239569255,2.56231987802824
F. angustifolia,4,200,32,250,0.9431921598075889,60.42878343182657,69.543121337890625,0.30248079254821947,2.585794128171983
F. angustifolia,4,200,33,250,0.43228112833797827,54.14490004998232,59.450660705566406,0.3421741559587072,2.6149593944719527
F. angustifolia,4,200,34,250,-0.03427187397626788,47.07781553679308,49.439022064208984,0.3795148383111316,2.641482472694828
F. angustifolia,4,200,35,250,12.07239741071292,318.9118734498977,396.2509765625,0.35003075352798885,2.6307065248963046
F. angustifolia,4,200,36,150,6.683453469961295,306.56011559238067,396.339599609375,0.14841206552565467,2.488756978942212
F. angustifolia,4,200,37,150,0.9109942725601182,91.33798558365639,109.06013488769533,0.12947742840548326,2.4747021367349955
F. angustifolia,4,200,38,150,0.907458797268764,82.75435928991784,99.39928436279298,0.13747067668673774,2.4849097999487566
F. angustifolia,4,200,39,150,0.7752067456945216,75.67166773933181,89.25775909423828,0.15342264846929385,2.502058817555677
F. angustifolia,4,200,40,150,0.5112491873490133,69.94391567199546,79.41651916503906,0.1746575520384068,2.523006268315512
F. angustifolia,4,200,41,150,0.29398375613176797,62.94294749917112,69.50951385498047,0.1957179188689834,2.543120445069246
F. angustifolia,4,200,42,150,-0.0034602602900756785,55.98566798081352,59.42237091064453,0.21913194315806597,2.5621093266700337
F. angustifolia,4,200,43,150,-0.4388047038004394,49.58717846628064,49.43296813964844,0.24366158597801824,2.5883145781166386
F. angustifolia,4,200,44,150,7.528776511928768,322.64858886622994,396.2121887207031,0.21805658781828904,2.571629434170929
F. angustifolia,4,200,45,100,4.093735840735417,315.20552646971237,396.3548889160156,0.099584614858425,2.47506080884469
F. angustifolia,4,200,46,100,0.30144826209871783,97.09767605404357,109.11986541748048,0.09319938184287979,2.475423914521816
F. angustifolia,4,200,47,100,0.17356919724219444,90.05244075449272,99.47940826416016,0.09479670727598773,2.484094755544094
F. angustifolia,4,200,48,100,0.1365909643930506,81.15020552487032,89.33789825439453,0.10165450205020216,2.4973963704213964
F. angustifolia,4,200,49,100,-0.0448056893413018,74.84234874122897,79.55174255371094,0.11388417708658168,2.5142481176731963
F. angustifolia,4,200,50,100,-0.3067187948983584,68.84560943361261,69.5851058959961,0.12511346240253188,2.5290560444108268
F. angustifolia,4,200,51,100,-0.4758168077607675,60.960819752070115,59.44697952270508,0.13632813076851605,2.5449803533859523
F. angustifolia,4,200,52,100,-0.6920697419230529,53.539418843809734,49.49171447753906,0.14719277579941856,2.5595016253533833
T. cristatus,6,800,1,1500,11.334517192827624,213.78548133542296,399.8695068359375,0.11227782828862236,2.3635672770968084
T. cristatus,6,800,2,1500,9.453348524312437,174.77884769411767,299.92333984375,0.1440901969366256,2.3958160287855716
T. cristatus,6,800,3,1500,6.648771108696997,128.33896617807977,199.76980590820313,0.18849829543330132,2.4503932213109363
T. cristatus,6,800,4,1500,2.5624251720552254,65.6998850565087,90.095916748046875,0.25116458815513204,2.541873826530893
T. cristatus,6,800,5,1500,2.4076194590219187,59.834225570592835,80.04314422607422,0.29956002407689925,2.606108837896332
T. cristatus,6,800,6,1500,1.9881225366761013,55.364769717594214,70.03852844238281,0.3709190761894998,2.6357372621787656
T. cristatus,6,800,7,1500,1.624808650749494,47.68909211234012,59.85653305053711,0.3888560627860108,2.679513948073145
T. cristatus,6,800,8,1500,0.9518934901446889,41.97244581874568,49.99778747558594,0.4169321171314917,2.69229174645331
T. cristatus,6,800,9,1500,16.394691657082394,287.9623807765382,400.0007934570313,0.3169239949016365,2.6101360952139947
T. cristatus,6,800,10,1500,14.342551437308769,260.3216071587333,400.13864135742193,0.20401734393004345,2.5107582033777724
T. cristatus,6,800,11,1500,12.011871562347363,230.49834870796604,400.2579345703125,0.13325177947993763,2.446878173101635
T. cristatus,6,800,12,1500,12.56954487967367,275.1810135935252,499.7903747558594,0.10193312978497028,2.4048533114230666
T. cristatus,6,800,13,1500,13.987705031691815,339.14815466479126,600.005126953125,0.09636788756770728,2.3837559388619702
T. cristatus,6,800,14,1500,16.991369288480293,433.9510880461101,799.7974853515625,0.08198605656664634,2.378493047710508
T. cristatus,6,800,15,1500,20.43958194945174,674.1120109680006,1150.0135498046875,0.07460923811935613,2.35806208810152
T. cristatus,6,800,16,1500,24.40280240981273,888.7102901299155,1499.73291015625,0.068581258808207,2.351259568088106
T. cristatus,6,800,17,1500,6.654646738572724,255.65765938767865,399.9123840332031,0.08502371332306446,2.3791441339074373
T. cristatus,6,800,18,400,7.456685745269399,241.62159399585715,383.38674926757807,0.09732388930737218,2.3998543897854687
T. cristatus,6,800,19,400,1.4323986552690633,76.6012757662942,101.04182434082033,0.14402295263040144,2.4656521274659897
T. cristatus,6,800,20,400,2.0198681687627738,70.33756901690633,92.4984359741211,0.2242630469035911,2.570054338327609
T. cristatus,6,800,21,400,1.8540724504244288,66.6621293087403,83.76795959472656,0.2859613890821503,2.617195294518766
T. cristatus,6,800,22,400,1.4115635940426436,61.566547147724705,74.7922134399414,0.3083436417593056,2.636799241687113
T. cristatus,6,800,23,400,1.239698987885857,54.832440038938046,66.21834564208984,0.3316837445601959,2.661725110206753
T. cristatus,6,800,24,400,0.8908762136780699,48.08185159706902,57.01567459106445,0.34577723413246325,2.692482766426663
T. cristatus,6,800,25,400,0.37629865229389103,41.917186250599215,47.68141555786133,0.3468285016592469,2.6947116104464803
T. cristatus,6,800,26,400,10.534744237769914,290.2753969549451,377.6466064453125,0.26100567112288364,2.6165112835633337
T. cristatus,6,800,27,250,5.4843001252541566,273.3793273063709,376.4057312011718,0.102736631293329,2.429375137208117
T. cristatus,6,800,28,250,0.5580632422680507,83.70104628643595,101.36391448974608,0.10580050045347689,2.444358726511593
T. cristatus,6,800,29,250,1.222032477836664,75.37324181531551,93.01094055175781,0.18743842835460023,2.522831577250734
T. cristatus,6,800,30,250,1.1164685971413777,70.05895257238545,84.27954864501953,0.22970618368139772,2.576427548116335
T. cristatus,6,800,31,250,0.7250759418164839,64.65343623782448,75.0238037109375,0.25045660826012656,2.6167314167268194
T. cristatus,6,800,32,250,0.7899484935189279,56.29103617863602,66.40260314941406,0.2673391333479119,2.6268769686882294
T. cristatus,6,800,33,250,0.5586867329437621,49.619965126475776,57.28055191040039,0.300262143045265,2.657235104953812
T. cristatus,6,800,34,250,0.17719244117247268,42.843305797786954,47.90221405029297,0.3028772801366554,2.6803133331688587
T. cristatus,6,800,35,250,7.692771837422059,306.6204586269728,378.6786193847656,0.23258933573582088,2.5799470990651754
T. cristatus,6,800,36,150,3.245985011347439,282.50168603388016,377.2278442382813,0.0661072938743687,2.398764994395664
T. cristatus,6,800,37,150,0.17353368036623695,86.92097590512371,100.94098663330078,0.07826449583156199,2.414476151371491
T. cristatus,6,800,38,150,0.5815287455492526,78.65360285916411,92.34839630126953,0.14821530272161135,2.501050209528592
T. cristatus,6,800,39,150,0.42057320454507197,74.17579512987388,83.72188568115236,0.1958232691824379,2.547268123407208
T. cristatus,6,800,40,150,0.15486583614683125,68.2694768252346,75.11090850830078,0.20609122364120244,2.5731417916475765
T. cristatus,6,800,41,150,0.043305895530726723,60.869974570762665,66.271881103515625,0.22357868159448047,2.591260225171893
T. cristatus,6,800,42,150,-0.328934506836409,54.86032937943394,56.822967529296875,0.25710490989984597,2.59954014020109
T. cristatus,6,800,43,150,-0.7323730367861758,48.21739843114692,47.2106819152832,0.2558809184103037,2.6363616538348142
T. cristatus,6,800,44,150,5.1524397805097575,312.28546389117423,377.4490051269531,0.17159221406596076,2.5296083125320727
T. cristatus,6,800,45,100,1.873026658236559,305.4869827372698,375.3449096679687,0.05480428457182882,2.3836628512529425
T. cristatus,6,800,46,100,-0.3485841198970658,98.04313606482822,100.8714599609375,0.06671303331786183,2.399146098518104
T. cristatus,6,800,47,100,-0.0673288251043706,85.77631943072821,92.44429016113281,0.12815401857391723,2.4866005080327884
T. cristatus,6,800,48,100,-0.31484827634696644,80.71241192053019,83.6944351196289,0.17079132100458233,2.533567439113045
T. cristatus,6,800,49,100,-0.4166543539210954,73.32294104852323,75.12639617919922,0.16953818489528638,2.5402364385614637
T. cristatus,6,800,50,100,-0.4974925447940172,65.47344741100953,66.199310302734375,0.19964811862720988,2.5475937108900397
T. cristatus,6,800,51,100,-0.5240803465573198,56.583442352647566,57.07133102416992,0.20634069319442408,2.576904809061205
T. cristatus,6,800,52,100,-0.9256094634361387,50.75086361627293,47.63165664672851,0.2124448455228803,2.583988150957244
T. cristatus,6,800,53,100,3.9106766811232103,308.62950071030644,377.046142578125,0.12073255468232164,2.4803188978243997
T. cristatus,6,200,1,1500,23.599584752327324,249.00917177840464,399.98382568359375,0.32749837730899495,2.6397561601710766
T. cristatus,6,200,2,1500,18.1267185065901,185.42220344848675,299.86407470703125,0.33581259530519936,2.662303032440424
T. cristatus,6,200,3,1500,12.232680738725312,126.74294722298228,199.8854827880859,0.36632108553266546,2.6928096707276272
T. cristatus,6,200,4,1500,4.888285818209555,61.09859202571906,90.0242919921875,0.4057137197621374,2.7325015924584295
T. cristatus,6,200,5,1500,4.603684891838584,54.31189158538958,80.04041290283203,0.4401645246549431,2.7697785412509695
T. cristatus,6,200,6,1500,4.003287183641187,49.20628043278113,70.087158203125,0.4949877190315445,2.807458870360191
T. cristatus,6,200,7,1500,2.95058873227218,43.72268477516669,59.873348236083984,0.49887197150678886,2.8265814782953385
T. cristatus,6,200,8,1500,2.1788634315257025,37.66342477968934,49.866756439208984,0.5263961890254997,2.8466013386887643
T. cristatus,6,200,9,1500,25.596916697400733,273.3635114363854,399.96969604492193,0.46297292337782975,2.806570074711344
T. cristatus,6,200,10,1500,24.15651082701501,257.15224286448824,399.934814453125,0.36443374012605734,2.7253036347565938
T. cristatus,6,200,11,1500,23.27729099691217,251.42793831199185,399.9609375,0.33072480781693264,2.697836478990852
T. cristatus,6,200,12,1500,27.34834935970388,311.88576129366066,500.0348510742187,0.3003082923398392,2.669548200780526
T. cristatus,6,200,13,1500,30.36683029654054,372.07049467158834,600.06829833984375,0.26965592215512724,2.6390626613537753
T. cristatus,6,200,14,1500,34.810509050892264,499.6100531394786,800.0194702148436,0.228706192387375,2.5961620708345436
T. cristatus,6,200,15,1500,39.47822483205579,739.5813590246997,1150.1241455078125,0.18492698936097268,2.54592991757048
T. cristatus,6,200,16,1500,43.42446766269848,989.8799725623912,1500.095703125,0.161382032308022,2.517319513430004
T. cristatus,6,200,17,1500,15.277736805306747,246.50811450486455,400.0864562988282,0.19515499222318916,2.559027024829557
T. cristatus,6,200,18,400,11.721282736995251,287.60209229724023,396.4500122070313,0.22085495512185152,2.562230592367152
T. cristatus,6,200,19,400,2.4007364714244828,86.10886678466127,109.23380279541016,0.2614407288798097,2.600085920766927
T. cristatus,6,200,20,400,2.528162815429764,77.9429439615812,99.5444564819336,0.2990279552308495,2.6431239753306
T. cristatus,6,200,21,400,2.3443219900756516,70.76962893403878,89.3160171508789,0.3364338233185892,2.6760537861436897
T. cristatus,6,200,22,400,2.0439901358679737,63.894487768963266,79.4896011352539,0.3676065723047864,2.703488852979979
T. cristatus,6,200,23,400,1.4721164558288276,57.7583223745027,69.50360870361328,0.39505879313453546,2.727990747725358
T. cristatus,6,200,24,400,1.0328769031206422,50.42917483731959,59.3659553527832,0.4199167295035569,2.748919695425778
T. cristatus,6,200,25,400,0.5753555080722133,43.06526479637856,49.38511657714844,0.4406063294105272,2.7669621487287803
T. cristatus,6,200,26,400,14.10931775315602,309.37262212094925,395.9618225097656,0.37565451689731927,2.718537916209389
T. cristatus,6,200,27,250,8.06156074390349,316.2528360965169,396.0350036621094,0.2184684862524528,2.558378023662226
T. cristatus,6,200,28,250,1.22449950936308,92.59643180007951,109.03603363037108,0.22796497654423856,2.574201631359756
T. cristatus,6,200,29,250,1.4066617183470937,83.50307468011783,99.41857147216797,0.2647226582732438,2.6151162348526125
T. cristatus,6,200,30,250,1.3215094514532413,75.86344875251226,89.1937255859375,0.3146819732812209,2.6554743052996783
T. cristatus,6,200,31,250,1.1459798531170922,67.79000557595698,79.46508026123047,0.3314454742939317,2.680564975640562
T. cristatus,6,200,32,250,0.8121664198612508,60.56862697943173,69.55320739746094,0.3615579428162153,2.707567645874733
T. cristatus,6,200,33,250,0.369965015716068,53.43402633760769,59.395118713378906,0.4010613120683392,2.735431143078487
T. cristatus,6,200,34,250,-0.11480563273667477,46.11860558408644,49.36136245727539,0.4212843360221385,2.7532779011719684
T. cristatus,6,200,35,250,9.839786176097611,327.44569531253427,395.79586791992193,0.3447988384563126,2.692519025003261
T. cristatus,6,200,36,150,4.803737812009236,334.33804189370113,395.9424743652344,0.17926980655977023,2.527297314534197
T. cristatus,6,200,37,150,0.09812581705191176,100.83609976061058,109.01141357421876,0.1975411565030716,2.544547467374578
T. cristatus,6,200,38,150,0.26012406103006747,90.91442942502512,99.32549285888672,0.24023502616750136,2.589383769478198
T. cristatus,6,200,39,150,0.24927788333764228,81.66498440645046,89.185791015625,0.2732788174913511,2.6226388540905465
T. cristatus,6,200,40,150,0.1316800277065449,72.98413712004015,79.37818908691406,0.2849301206905538,2.6423408428562105
T. cristatus,6,200,41,150,-0.09028873535064758,64.91260317927151,69.4449691772461,0.30532019109096276,2.6616470900312996
T. cristatus,6,200,42,150,-0.37368055546815415,56.851442160883714,59.31239700317382,0.3328646629618335,2.686609701974623
T. cristatus,6,200,43,150,-0.7463622493225486,49.20554244955047,49.3249397277832,0.3449757674366149,2.703174844976369
T. cristatus,6,200,44,150,6.233383951268386,338.7228629885803,395.6976623535156,0.26997313386158284,2.630098001941107
T. cristatus,6,200,45,100,2.9238609285720116,346.69058439407263,395.8725280761718,0.14848224482511882,2.494066002848383
T. cristatus,6,200,46,100,-0.6667290672176988,107.96576024549368,109.02970123291016,0.16269021623457464,2.512704052429618
T. cristatus,6,200,47,100,-0.35484852300300246,95.412555691028075,99.35975646972656,0.2044492961316903,2.556949737411167
T. cristatus,6,200,48,100,-0.38569840717762477,85.74584744448515,89.19368743896484,0.22666650672940653,2.588258340792905
T. cristatus,6,200,49,100,-0.4888323773438879,77.01461262664165,79.4278335571289,0.2477869971365496,2.6147427459994943
T. cristatus,6,200,50,100,-0.6812080450763431,68.62315290848002,69.46351623535156,0.2691445752095372,2.6377321193897516
T. cristatus,6,200,51,100,-0.9091788329263168,60.13358645976693,59.32448959350586,0.2963781443706413,2.658200241214363
T. cristatus,6,200,52,100,-1.150588502654368,51.7015589145181,49.32601547241211,0.31777209296811254,2.676911953811534
T. cristatus,6,200,53,100,3.8897002726323247,349.3269656172163,395.5085754394531,0.2246827744552657,2.5871922833320133
