Filename,Obs,PARi,Area,Photo,Ci,CO2R,CO2S,Cond,vp_kPa
2024-08-26 Fsono1 day1 HC_ leaf area.xlsx,1,1499.178955078125,1.3280000000000001,29.218990876261564,257.67533114836277,393.780029296875,379.07159423828125,0.46937911998310361,1.7793476508952444
2024-08-26 Fsono1 day1 HC_ leaf area.xlsx,2,1499.4444580078125,1.3280000000000001,21.129318208185651,191.85155202914478,300.07302856445312,289.47225952148438,0.41649148766780153,1.7534650209099054
2024-08-26 Fsono1 day1 HC_ leaf area.xlsx,3,1499.5162353515625,1.3280000000000001,12.944378081760776,134.88369125384162,199.86569213867188,193.28440856933594,0.4336909307422479,1.7719399582571349
2024-08-26 Fsono1 day1 HC_ leaf area.xlsx,4,1499.3485107421875,1.3280000000000001,4.1284966144819428,70.307461623665418,90.167488098144531,87.913711547851562,0.49874260384872571,1.8232710304742796
2024-08-26 Fsono1 day1 HC_ leaf area.xlsx,5,1499.634033203125,1.3280000000000001,3.6889776353924701,64.400147290878834,80.135009765625,78.06951904296875,0.59964098823106504,1.8991642462809977
2024-08-26 Fsono1 day1 HC_ leaf area.xlsx,6,1499.255859375,1.3280000000000001,2.8913282822519792,58.559763181354683,70.121315002441406,68.421897888183594,0.69564613484114823,1.964517138680967
2024-08-26 Fsono1 day1 HC_ leaf area.xlsx,7,1499.355712890625,1.3280000000000001,2.0488147855527639,51.75387494644729,60.058906555175781,58.774967193603516,0.74463100694165607,1.9988908758385806
2024-08-26 Fsono1 day1 HC_ leaf area.xlsx,8,1498.720947265625,1.3280000000000001,0.96038046657936438,45.295291711333896,50.050102233886719,49.303920745849609,0.75984946169977585,2.0139329910942472
2024-08-26 Fsono1 day1 HC_ leaf area.xlsx,9,1498.594970703125,1.3280000000000001,29.758669492827877,296.14629143897611,399.90957641601562,384.34375,0.71488551666000333,1.995361154101629
2024-08-26 Fsono1 day1 HC_ leaf area.xlsx,10,1500.095703125,1.3280000000000001,28.786658550542985,277.396149475024,399.83578491210938,385.10971069335938,0.53624054812072475,1.8954933088276449
2024-08-26 Fsono1 day1 HC_ leaf area.xlsx,11,1499.18603515625,1.3280000000000001,27.115584606841463,262.10754405245473,399.97491455078125,386.3023681640625,0.42276733521728033,1.8180086354015803
2024-08-26 Fsono1 day1 HC_ leaf area.xlsx,12,1499.798095703125,1.3280000000000001,32.891032508217712,319.15331426614648,500.1002197265625,483.6192626953125,0.38187902733504864,1.7866927043291654
2024-08-26 Fsono1 day1 HC_ leaf area.xlsx,13,1499.6719970703125,1.3280000000000001,36.35700065872409,378.67501297631611,599.9578857421875,581.76531982421875,0.33865542111402336,1.7537462727902893
2024-08-26 Fsono1 day1 HC_ leaf area.xlsx,14,1499.0107421875,1.3280000000000001,42.12354164828006,495.28994468377499,800.1126708984375,779.04412841796875,0.27731259945496101,1.7058819977781967
2024-08-26 Fsono1 day1 HC_ leaf area.xlsx,15,1499.5740966796875,1.3280000000000001,46.998698761205333,709.03122866086233,1150.0452880859375,1126.444091796875,0.20827606366518278,1.6447363114377076
2024-08-26 Fsono1 day1 HC_ leaf area.xlsx,16,1499.4251708984375,1.3280000000000001,49.774166685947215,928.29194796966249,1499.950439453125,1474.865234375,0.16768041352314278,1.6043480488767454
2024-08-26 Fsono1 day1 HC_ leaf area.xlsx,17,1499.30126953125,1.3280000000000001,17.025424117298392,217.53401078882595,400.06085205078125,391.67825317382812,0.17613022699291703,1.6164048510305875
2024-08-26 Fsono1 day1 HC_ leaf area.xlsx,18,401.3309326171875,1.3280000000000001,11.402008214240949,269.90373734765024,385.09506225585938,379.19125366210938,0.19886806773169685,1.626695604500128
2024-08-26 Fsono1 day1 HC_ leaf area.xlsx,19,401.35833740234375,1.3280000000000001,0.76838899748791578,91.711212623401664,101.89604949951172,101.29544830322266,0.23226808394285084,1.6571351254066977
2024-08-26 Fsono1 day1 HC_ leaf area.xlsx,20,399.949951171875,1.3280000000000001,1.1832704352972991,82.257167629418731,92.775177001953125,91.940444946289062,0.32530063794256564,1.7378168688112783
2024-08-26 Fsono1 day1 HC_ leaf area.xlsx,21,399.80157470703125,1.3280000000000001,0.81102176327140407,77.726580869913974,84.837188720703125,84.119857788085938,0.43200978078878777,1.8240198491172341
2024-08-26 Fsono1 day1 HC_ leaf area.xlsx,22,399.773681640625,1.3280000000000001,0.48488480977043147,71.184263683474626,76.211616516113281,75.631050109863281,0.50995899854015825,1.8808409371579182
2024-08-26 Fsono1 day1 HC_ leaf area.xlsx,23,399.63262939453125,1.3280000000000001,-6.7436135569209313E-2,64.976464888133066,67.547798156738281,67.228912353515625,0.55783026540128766,1.9142971364143886
2024-08-26 Fsono1 day1 HC_ leaf area.xlsx,24,399.52288818359375,1.3280000000000001,-0.77229814963610321,58.761494580560502,58.587242126464844,58.609886169433594,0.59207685559023049,1.9382530319350189
2024-08-26 Fsono1 day1 HC_ leaf area.xlsx,25,399.38006591796875,1.3280000000000001,-1.4840905706604641,52.221777361881536,49.415584564208984,49.792438507080078,0.61778466033183532,1.9536357639082416
2024-08-26 Fsono1 day1 HC_ leaf area.xlsx,26,399.34600830078125,1.3280000000000001,14.772986911449015,312.47758367926519,378.97235107421875,370.439208984375,0.58252643039723595,1.9332648415983131
2024-08-26 Fsono1 day1 HC_ leaf area.xlsx,27,249.73138427734375,1.3280000000000001,8.7262556249389025,287.99823391353442,377.71258544921875,372.99874877929688,0.2044520239249055,1.625379133531067
2024-08-26 Fsono1 day1 HC_ leaf area.xlsx,28,249.66921997070312,1.3280000000000001,0.50846793394790779,94.627734004962051,103.46627044677734,103.00464630126953,0.20290656550916755,1.6238972858949565
2024-08-26 Fsono1 day1 HC_ leaf area.xlsx,29,249.67561340332031,1.3280000000000001,0.47930945234948863,87.650449524472251,95.339622497558594,94.879570007324219,0.23583743163044349,1.6542152428863337
2024-08-26 Fsono1 day1 HC_ leaf area.xlsx,30,249.68888854980469,1.3280000000000001,0.17111322419540223,81.600032731252099,86.344398498535156,85.996940612792969,0.29657017883464437,1.7075356056511228
2024-08-26 Fsono1 day1 HC_ leaf area.xlsx,31,249.67012023925781,1.3280000000000001,-0.31071165002221846,75.815382254334182,77.606849670410156,77.445068359375,0.37832763395721863,1.7756728650739095
2024-08-26 Fsono1 day1 HC_ leaf area.xlsx,32,249.58795166015625,1.3280000000000001,-0.71234421013921434,68.818451213085851,68.789848327636719,68.792900085449219,0.46240199777361279,1.8409644395029172
2024-08-26 Fsono1 day1 HC_ leaf area.xlsx,33,249.61399841308594,1.3280000000000001,-1.4197055532962912,62.326775825402699,59.474132537841797,59.807441711425781,0.51729710550078589,1.8769314529482655
2024-08-26 Fsono1 day1 HC_ leaf area.xlsx,34,249.40036010742188,1.3280000000000001,-1.9670395002835217,55.110304093418542,50.207653045654297,50.812274932861328,0.55356961861021248,1.90510332679961
2024-08-26 Fsono1 day1 HC_ leaf area.xlsx,35,249.46434020996094,1.3280000000000001,10.667078201997924,320.41981185325602,378.43783569335938,371.93267822265625,0.49130682795097169,1.8649148547304066
2024-08-26 Fsono1 day1 HC_ leaf area.xlsx,36,149.23150634765625,1.3280000000000001,5.0094845596177668,296.53812730700992,376.976806640625,374.17526245117188,0.13107399958538346,1.5449994421478914
2024-08-26 Fsono1 day1 HC_ leaf area.xlsx,37,149.29696655273438,1.3280000000000001,-0.26252550521361506,101.06713573425765,102.45284271240234,102.40154266357422,0.1399165897483359,1.5513075251763804
2024-08-26 Fsono1 day1 HC_ leaf area.xlsx,38,149.23667907714844,1.3280000000000001,-0.29960600864729736,93.285971631684149,94.581916809082031,94.52032470703125,0.1832409795408233,1.5921527627791874
2024-08-26 Fsono1 day1 HC_ leaf area.xlsx,39,149.22837829589844,1.3280000000000001,-0.56688230647442117,86.070136591253046,85.979232788085938,85.985137939453125,0.25880201233078087,1.6678770238539438
2024-08-26 Fsono1 day1 HC_ leaf area.xlsx,40,149.19450378417969,1.3280000000000001,-0.97953266915816317,79.059534984325836,77.204597473144531,77.359245300292969,0.34443246156306023,1.7411506402536761
2024-08-26 Fsono1 day1 HC_ leaf area.xlsx,41,149.09890747070312,1.3280000000000001,-1.4252105712201681,72.125983997644397,68.495399475097656,68.843002319335938,0.40557669509480887,1.7897108754659712
2024-08-26 Fsono1 day1 HC_ leaf area.xlsx,42,149.08464050292969,1.3280000000000001,-1.5542896620371365,63.467541376698705,59.492763519287109,59.911342620849609,0.45503779143289785,1.8263298801175551
2024-08-26 Fsono1 day1 HC_ leaf area.xlsx,43,149.04054260253906,1.3280000000000001,-2.0327724429449581,56.206388001793499,50.362194061279297,51.017055511474609,0.49109524468990412,1.854220420080237
2024-08-26 Fsono1 day1 HC_ leaf area.xlsx,44,149.00958251953125,1.3280000000000001,6.0022283627271165,336.17710337294892,378.47930908203125,374.17132568359375,0.4367053416195249,1.8190690384455956
2024-08-26 Fsono1 day1 HC_ leaf area.xlsx,45,100.90044403076172,1.3280000000000001,3.0812744233770308,318.18733137797165,377.54278564453125,375.6256103515625,0.12094118099865368,1.529049856965168
2024-08-26 Fsono1 day1 HC_ leaf area.xlsx,46,100.89356231689453,1.3280000000000001,-0.7850162665612932,108.96895669645623,103.32393646240234,103.51357269287109,0.12609463377616179,1.5336398543601755
2024-08-26 Fsono1 day1 HC_ leaf area.xlsx,47,100.85533142089844,1.3280000000000001,-0.55908114256148655,96.644650575941498,95.340431213378906,95.398719787597656,0.17131959317147613,1.5790327191825491
2024-08-26 Fsono1 day1 HC_ leaf area.xlsx,48,100.93747711181641,1.3280000000000001,-0.85539878152222881,88.91364426717935,86.472366333007812,86.622337341308594,0.24319847497267283,1.6437466829395271
2024-08-26 Fsono1 day1 HC_ leaf area.xlsx,49,100.90318298339844,1.3280000000000001,-1.0896811105223596,80.213595173584167,77.752388000488281,77.953956604003906,0.33723751687261289,1.7367938997038581
2024-08-26 Fsono1 day1 HC_ leaf area.xlsx,50,100.86204528808594,1.3280000000000001,-1.7204006044098785,73.602259618333861,68.676856994628906,69.1485595703125,0.4056040033907482,1.7941388653674075
2024-08-26 Fsono1 day1 HC_ leaf area.xlsx,51,100.81139373779297,1.3280000000000001,-1.8339951128880816,64.744131877025509,59.510215759277344,60.051898956298828,0.44534419910395995,1.8237181887391634
2024-08-26 Fsono1 day1 HC_ leaf area.xlsx,52,100.9217529296875,1.3280000000000001,-2.2478152563532103,57.263133245696196,50.216579437255859,50.975322723388672,0.46740373424447351,1.835797820092208
2024-08-26 Fsono1 day1 HC_ leaf area.xlsx,53,100.83450317382812,1.3280000000000001,4.009422371673887,341.62458428285169,377.61056518554688,374.34466552734375,0.38038251661174749,1.7758543041953234
2024-08-26 Fsono2 day1 HC_ leaf area.xlsx,1,1498.90673828125,1.518,27.546017445393247,284.433800184181,396.909912109375,380.801025390625,0.57903897983728048,2.1405173067691794
2024-08-26 Fsono2 day1 HC_ leaf area.xlsx,2,1499.99169921875,1.518,21.173452153193715,211.41133997546709,300.0194091796875,287.71054077148438,0.55646657114877551,2.1310983995060671
2024-08-26 Fsono2 day1 HC_ leaf area.xlsx,3,1499.715576171875,1.518,14.082183477313764,142.00788315718864,200.00650024414062,191.808349609375,0.56929520626598629,2.1394349675079867
2024-08-26 Fsono2 day1 HC_ leaf area.xlsx,4,1499.001953125,1.518,4.9478533924048085,69.650048254596442,90.108627319335938,87.095970153808594,0.60050874915213104,2.1645071621301177
2024-08-26 Fsono2 day1 HC_ leaf area.xlsx,5,1499.39013671875,1.518,4.3584442703457773,62.99186788204694,80.021247863769531,77.353660583496094,0.65244316457157625,2.1766638214528937
2024-08-26 Fsono2 day1 HC_ leaf area.xlsx,6,1500.3623046875,1.518,4.0437153379170843,55.238464842152439,70.037155151367188,67.574272155761719,0.70863118870798447,2.1927420685601828
2024-08-26 Fsono2 day1 HC_ leaf area.xlsx,7,1500.0189208984375,1.518,2.7201673925541532,49.68974340957741,59.965923309326172,58.198520660400391,0.74081405884330831,2.2424101967862224
2024-08-26 Fsono2 day1 HC_ leaf area.xlsx,8,1499.3995361328125,1.518,1.779805329796426,42.94756210171311,49.891887664794922,48.653366088867188,0.77945851204139094,2.2613745033071608
2024-08-26 Fsono2 day1 HC_ leaf area.xlsx,9,1499.3118896484375,1.518,28.970024912603716,303.44477993609195,400.15020751953125,382.91909790039062,0.77889282493704814,2.2337376702772453
2024-08-26 Fsono2 day1 HC_ leaf area.xlsx,10,1499.05126953125,1.518,28.213176392294177,295.91691942529883,399.98892211914062,383.23822021484375,0.67605003671569608,2.2012880919622551
2024-08-26 Fsono2 day1 HC_ leaf area.xlsx,11,1499.012939453125,1.518,27.857446835909368,289.56299225864495,399.99081420898438,383.67608642578125,0.60324956939415109,2.1280850408883998
2024-08-26 Fsono2 day1 HC_ leaf area.xlsx,12,1500.254638671875,1.518,31.744040739008828,358.82385240028538,499.89132690429688,481.31161499023438,0.51975971047758096,2.0659084115818258
2024-08-26 Fsono2 day1 HC_ leaf area.xlsx,13,1499.8095703125,1.518,34.837469441755978,422.31302211565884,600.09033203125,579.75390625,0.43553605976552123,2.004320502128452
2024-08-26 Fsono2 day1 HC_ leaf area.xlsx,14,1499.7730712890625,1.518,39.093800628552692,567.09058672850449,800.12322998046875,777.1597900390625,0.36353945770481039,1.9415496479650027
2024-08-26 Fsono2 day1 HC_ leaf area.xlsx,15,1499.204833984375,1.518,42.97450718280659,851.04660210009138,1149.814453125,1124.0474853515625,0.31075396215544365,1.8846253341520205
2024-08-26 Fsono2 day1 HC_ leaf area.xlsx,16,1499.27587890625,1.518,44.243442029255959,1150.1936467897563,1499.9180908203125,1472.8006591796875,0.27484588188989401,1.8416051409270731
2024-08-26 Fsono2 day1 HC_ leaf area.xlsx,17,1498.9615478515625,1.518,20.006406536229445,253.01354547342208,399.966064453125,388.60150146484375,0.27404191277050993,1.8351279947727452
2024-08-26 Fsono2 day1 HC_ leaf area.xlsx,18,399.79058837890625,1.518,11.901518751976713,296.76496373569978,397.28579711914062,390.06149291992188,0.25191755771450236,1.7951479584403569
2024-08-26 Fsono2 day1 HC_ leaf area.xlsx,19,399.78897094726562,1.518,1.8323735880758516,94.480464567992271,110.96089935302734,109.66613006591797,0.27886768446143195,1.8141611668095139
2024-08-26 Fsono2 day1 HC_ leaf area.xlsx,20,399.73095703125,1.518,1.9148338071549416,86.394460279139736,101.27357482910156,99.921844482421875,0.33013447281656988,1.8523989177102631
2024-08-26 Fsono2 day1 HC_ leaf area.xlsx,21,399.78973388671875,1.518,1.584016284581705,79.569885127667092,91.059051513671875,89.868400573730469,0.38609582532501918,1.8932179179958475
2024-08-26 Fsono2 day1 HC_ leaf area.xlsx,22,399.69146728515625,1.518,1.1706553864861697,72.840207454551731,81.294387817382812,80.316078186035156,0.44167987459613473,1.9317206769958575
2024-08-26 Fsono2 day1 HC_ leaf area.xlsx,23,399.75576782226562,1.518,0.65621611435664584,65.808048580045636,71.334503173828125,70.632148742675781,0.49646761230291203,1.9667256369499955
2024-08-26 Fsono2 day1 HC_ leaf area.xlsx,24,399.60372924804688,1.518,-2.3285281996165827E-3,58.685359005619183,61.180713653564453,60.840095520019531,0.5438023481323776,1.996755001894635
2024-08-26 Fsono2 day1 HC_ leaf area.xlsx,25,399.62710571289062,1.518,-0.57718073060935526,51.139013997750638,51.217918395996094,51.20648193359375,0.58780729169677282,2.0208995384033916
2024-08-26 Fsono2 day1 HC_ leaf area.xlsx,26,399.62127685546875,1.518,14.762592719445898,330.01354827201823,396.62020874023438,386.78915405273438,0.60192141782700637,2.0319559427849163
2024-08-26 Fsono2 day1 HC_ leaf area.xlsx,27,250.28614807128906,1.518,9.2645640949843742,337.26663569691482,396.843994140625,390.333740234375,0.41147770197823758,1.8823180884626345
2024-08-26 Fsono2 day1 HC_ leaf area.xlsx,28,250.16513061523438,1.518,1.1475507099487239,100.31240250880376,110.75405120849609,109.69470977783203,0.37614245243337452,1.8511072814811778
2024-08-26 Fsono2 day1 HC_ leaf area.xlsx,29,250.08169555664062,1.518,1.0410294412312142,91.829250330529675,101.11540985107422,100.13670349121094,0.39381666103177881,1.8646667313768266
2024-08-26 Fsono2 day1 HC_ leaf area.xlsx,30,250.06260681152344,1.518,0.69887738164430924,83.981461472864652,91.0029296875,90.220230102539062,0.42163103896733017,1.8860450492590899
2024-08-26 Fsono2 day1 HC_ leaf area.xlsx,31,250.15029907226562,1.518,0.19565796191571902,76.969573508202757,81.211990356445312,80.708892822265625,0.45507091683274548,1.9075870061909226
2024-08-26 Fsono2 day1 HC_ leaf area.xlsx,32,250.08621215820312,1.518,-0.2847947047249722,69.499753228905846,71.366859436035156,71.131790161132812,0.49033358684715667,1.9365486547651236
2024-08-26 Fsono2 day1 HC_ leaf area.xlsx,33,249.98985290527344,1.518,-0.73579430953619418,61.446446940925327,61.235565185546875,61.263500213623047,0.52295544437929375,1.9623168725448195
2024-08-26 Fsono2 day1 HC_ leaf area.xlsx,34,250.07994079589844,1.518,-1.2122851693766861,53.554094112967462,51.294181823730469,51.606349945068359,0.55181449368017754,1.980634036247211
2024-08-26 Fsono2 day1 HC_ leaf area.xlsx,35,250.08204650878906,1.518,10.604280279406863,340.9413028819157,396.6605224609375,389.046875,0.5441842334268252,1.9717346405044374
2024-08-26 Fsono2 day1 HC_ leaf area.xlsx,36,150.15283203125,1.518,5.6409933538351869,341.88720600161327,396.82400512695312,392.69943237304688,0.2646997305597994,1.7187330125473819
2024-08-26 Fsono2 day1 HC_ leaf area.xlsx,37,150.166015625,1.518,0.13864060000137088,105.1364896536433,110.91600036621094,110.50016784667969,0.25215362542884623,1.706311853826046
2024-08-26 Fsono2 day1 HC_ leaf area.xlsx,38,150.13636779785156,1.518,-6.7292704091654471E-2,97.400230522474089,101.34325408935547,101.03550720214844,0.27667384550089402,1.7297803695365146
2024-08-26 Fsono2 day1 HC_ leaf area.xlsx,39,150.13394165039062,1.518,-0.31624861924594144,89.133533146554555,91.206993103027344,91.026443481445312,0.31400524765272259,1.7647866144116269
2024-08-26 Fsono2 day1 HC_ leaf area.xlsx,40,150.10092163085938,1.518,-0.49940983743128092,80.623130316102717,81.502532958984375,81.417762756347656,0.35387601275617753,1.8058311318314955
2024-08-26 Fsono2 day1 HC_ leaf area.xlsx,41,150.05574035644531,1.518,-0.90451755916216048,72.791457537742872,71.643486022949219,71.767112731933594,0.40414061657842293,1.8570263916642289
2024-08-26 Fsono2 day1 HC_ leaf area.xlsx,42,150.02670288085938,1.518,-1.2312763825302135,64.197660577355947,61.537586212158203,61.848960876464844,0.44760276169607616,1.8953613694613014
2024-08-26 Fsono2 day1 HC_ leaf area.xlsx,43,150.02449035644531,1.518,-1.6466681616834298,56.016528043657878,51.605480194091797,52.158954620361328,0.48815928489324018,1.9275502221506322
2024-08-26 Fsono2 day1 HC_ leaf area.xlsx,44,150.0533447265625,1.518,6.354424657496005,355.05531330755286,396.9149169921875,391.56390380859375,0.49979076937251038,1.9357949815081374
2024-08-26 Fsono2 day1 HC_ leaf area.xlsx,45,99.912002563476562,1.518,3.0691060897076365,360.71006638167518,397.01376342773438,394.05526733398438,0.29069194664804626,1.750750142124496
2024-08-26 Fsono2 day1 HC_ leaf area.xlsx,46,99.86456298828125,1.518,-0.52874370869206366,110.0782396927697,111.41612243652344,111.3128662109375,0.27316123047693974,1.7277442321468262
2024-08-26 Fsono2 day1 HC_ leaf area.xlsx,47,99.8592529296875,1.518,-0.49808899956310265,100.27891468816351,101.59663391113281,101.48744964599609,0.29642609087173372,1.7491849250009546
2024-08-26 Fsono2 day1 HC_ leaf area.xlsx,48,99.835639953613281,1.518,-0.73041441232326643,91.492212213609093,91.398887634277344,91.40740966796875,0.33195538646542122,1.7870057901875553
2024-08-26 Fsono2 day1 HC_ leaf area.xlsx,49,99.868385314941406,1.518,-0.98856457992115243,83.061175358142933,81.589553833007812,81.737335205078125,0.37154954999931944,1.8218755637368305
2024-08-26 Fsono2 day1 HC_ leaf area.xlsx,50,99.845504760742188,1.518,-1.3520476325083428,74.976318453485845,71.809867858886719,72.157432556152344,0.41378620511297215,1.8550594618890464
2024-08-26 Fsono2 day1 HC_ leaf area.xlsx,51,99.836906433105469,1.518,-1.488856785695021,65.422218861351126,61.662559509277344,62.105739593505859,0.45165221180415055,1.8858208327516914
2024-08-26 Fsono2 day1 HC_ leaf area.xlsx,52,99.880462646484375,1.518,-1.8038863219564045,56.762340580984365,51.638023376464844,52.276493072509766,0.48400968552208379,1.9088258716776327
2024-08-26 Fsono2 day1 HC_ leaf area.xlsx,53,99.885269165039062,1.518,3.4667015950638276,366.38234574793859,396.92721557617188,393.0885009765625,0.489258641872577,1.9114283723084082
2024-08-28 Fsono1 day3 LC_ leaf area.xlsx,1,1498.9991455078125,2.0179999999999998,21.870111065285244,243.78171340035502,399.71304321289062,383.28762817382812,0.29177395583334786,1.8370316711993655
2024-08-28 Fsono1 day3 LC_ leaf area.xlsx,2,1498.5604248046875,2.0179999999999998,16.199479739506891,184.72097261936131,299.9267578125,287.74139404296875,0.29320202221239988,1.8455400094714423
2024-08-28 Fsono1 day3 LC_ leaf area.xlsx,3,1499.3663330078125,2.0179999999999998,10.879061309298926,129.95395695224164,199.90402221679688,191.626953125,0.33555782919090676,1.9047970047660929
2024-08-28 Fsono1 day3 LC_ leaf area.xlsx,4,1498.9820556640625,2.0179999999999998,4.0573708324082487,68.205439767382899,90.005180358886719,86.733207702636719,0.45144116263006556,2.0292264984669455
2024-08-28 Fsono1 day3 LC_ leaf area.xlsx,5,1498.735107421875,2.0179999999999998,3.8026076870426366,63.260137138973782,79.941268920898438,76.795173645019531,0.61284024293738892,2.1702110423297127
2024-08-28 Fsono1 day3 LC_ leaf area.xlsx,6,1499.73486328125,2.0179999999999998,2.947710995863464,57.694911370357481,70.066925048828125,67.529022216796875,0.69093831471839839,2.2319741132193305
2024-08-28 Fsono1 day3 LC_ leaf area.xlsx,7,1499.6297607421875,2.0179999999999998,2.0644676041213605,50.922896459716696,60.118522644042969,58.257545471191406,0.67824580679222246,2.2279695689583896
2024-08-28 Fsono1 day3 LC_ leaf area.xlsx,8,1499.197021484375,2.0179999999999998,1.1611776603750947,44.11166079835057,50.111839294433594,48.947284698486328,0.63884038612807681,2.2050152583168239
2024-08-28 Fsono1 day3 LC_ leaf area.xlsx,9,1498.849609375,2.0179999999999998,19.927387634280329,300.55705024247203,399.97476196289062,384.04495239257812,0.49220609612418431,2.0896849807286344
2024-08-28 Fsono1 day3 LC_ leaf area.xlsx,10,1499.701904296875,2.0179999999999998,17.067500414842758,273.68931294071155,399.67208862304688,386.47210693359375,0.28979752825565508,1.8842195366473753
2024-08-28 Fsono1 day3 LC_ leaf area.xlsx,11,1499.551513671875,2.0179999999999998,14.91973779087211,246.23712700190418,399.82611083984375,388.56689453125,0.19204581878221028,1.7619284427277306
2024-08-28 Fsono1 day3 LC_ leaf area.xlsx,12,1499.3272705078125,2.0179999999999998,18.32168347415379,283.76080556407919,500.16390991210938,486.52737426757812,0.16225644122918195,1.7208139113701473
2024-08-28 Fsono1 day3 LC_ leaf area.xlsx,13,1498.9676513671875,2.0179999999999998,21.926598011063081,330.87604196222048,599.92608642578125,583.6719970703125,0.15489255735438331,1.7125310624632983
2024-08-28 Fsono1 day3 LC_ leaf area.xlsx,14,1498.9508056640625,2.0179999999999998,27.792169475948874,435.5105781267855,799.959228515625,779.38543701171875,0.1437949113138334,1.698746082280064
2024-08-28 Fsono1 day3 LC_ leaf area.xlsx,15,1498.8115234375,2.0179999999999998,34.708909860000254,630.80244200378525,1150.16796875,1124.4404296875,0.12476720573859629,1.6721105513497605
2024-08-28 Fsono1 day3 LC_ leaf area.xlsx,16,1499.7923583984375,2.0179999999999998,38.912321028340173,844.2767759313266,1500.115234375,1471.14453125,0.11027859222464619,1.6529314910919783
2024-08-28 Fsono1 day3 LC_ leaf area.xlsx,17,1499.365478515625,2.0179999999999998,11.997283614020501,216.2787551074741,399.8575439453125,390.97525024414062,0.12161677042430148,1.6751095649982743
2024-08-28 Fsono1 day3 LC_ leaf area.xlsx,18,400.39602661132812,2.0179999999999998,10.133213434978524,216.49752235573447,385.4764404296875,377.943359375,0.11139616214564255,1.6654835721389973
2024-08-28 Fsono1 day3 LC_ leaf area.xlsx,19,400.32748413085938,2.0179999999999998,1.827986304586964,77.522536820202262,102.85874176025391,101.37863159179688,0.1493512778304969,1.7231505104806275
2024-08-28 Fsono1 day3 LC_ leaf area.xlsx,20,400.313232421875,2.0179999999999998,2.2247938193283603,72.958611818664011,93.316192626953125,91.476104736328125,0.24399277351498397,1.8513859487827866
2024-08-28 Fsono1 day3 LC_ leaf area.xlsx,21,400.3514404296875,2.0179999999999998,2.054443733679634,69.843775610787816,84.725578308105469,82.935417175292969,0.34261250993953812,1.9674060418408916
2024-08-28 Fsono1 day3 LC_ leaf area.xlsx,22,400.23550415039062,2.0179999999999998,1.7661802505738362,64.596826213046626,76.200668334960938,74.592277526855469,0.40856302547981882,2.0384996730511191
2024-08-28 Fsono1 day3 LC_ leaf area.xlsx,23,400.2054443359375,2.0179999999999998,1.392887128969778,58.077006948943634,66.984733581542969,65.652641296386719,0.45015634334213639,2.0770203815345885
2024-08-28 Fsono1 day3 LC_ leaf area.xlsx,24,400.23135375976562,2.0179999999999998,0.83059586649988149,51.760634263099917,57.611495971679688,56.698143005371094,0.47600440387887127,2.1012807095493629
2024-08-28 Fsono1 day3 LC_ leaf area.xlsx,25,400.192138671875,2.0179999999999998,0.3825485031890406,44.869142528781445,48.364070892333984,47.797107696533203,0.50075629143646838,2.12410139429057
2024-08-28 Fsono1 day3 LC_ leaf area.xlsx,26,400.16839599609375,2.0179999999999998,14.270182192708454,299.91245718792305,378.03292846679688,366.1890869140625,0.45820736102755744,2.094748952881142
2024-08-28 Fsono1 day3 LC_ leaf area.xlsx,27,249.36241149902344,2.0179999999999998,9.0025620275587954,269.92102172635924,376.46029663085938,369.34927368164062,0.17294993345265502,1.7749544301339775
2024-08-28 Fsono1 day3 LC_ leaf area.xlsx,28,249.30642700195312,2.0179999999999998,1.4220977732658604,82.877902547952232,102.21037292480469,100.97724151611328,0.16448611438581801,1.7642879424237907
2024-08-28 Fsono1 day3 LC_ leaf area.xlsx,29,249.3359375,2.0179999999999998,1.5384014139449014,75.631014435060209,93.755325317382812,92.432525634765625,0.19115063610564428,1.8030845266473479
2024-08-28 Fsono1 day3 LC_ leaf area.xlsx,30,249.3038330078125,2.0179999999999998,1.2126359391258053,72.096742207236289,84.96380615234375,83.83837890625,0.23486081172655962,1.8605630031060427
2024-08-28 Fsono1 day3 LC_ leaf area.xlsx,31,249.36807250976562,2.0179999999999998,1.0805605685291362,66.071814117030698,76.266265869140625,75.215736389160156,0.28444070146103673,1.9208614222190081
2024-08-28 Fsono1 day3 LC_ leaf area.xlsx,32,249.36537170410156,2.0179999999999998,0.71548175086229227,60.308048633414735,67.104087829589844,66.298370361328125,0.33658429598828826,1.9783971993574232
2024-08-28 Fsono1 day3 LC_ leaf area.xlsx,33,249.315673828125,2.0179999999999998,0.30495612084068563,54.005733970096003,57.898334503173828,57.382125854492188,0.38648859478273584,2.0294791163452901
2024-08-28 Fsono1 day3 LC_ leaf area.xlsx,34,249.28355407714844,2.0179999999999998,-1.6060624963910558E-2,46.802549076476822,48.6934814453125,48.419643402099609,0.43200490627576554,2.0731885858322494
2024-08-28 Fsono1 day3 LC_ leaf area.xlsx,35,249.31037902832031,2.0179999999999998,10.814783611298443,311.93858671482752,377.0760498046875,367.65594482421875,0.43125597699645879,2.0711818101240205
2024-08-28 Fsono1 day3 LC_ leaf area.xlsx,36,149.12413024902344,2.0179999999999998,6.3178455625773111,303.77827505976211,376.0137939453125,370.5751953125,0.19795494114537016,1.8095717065397183
2024-08-28 Fsono1 day3 LC_ leaf area.xlsx,37,149.13899230957031,2.0179999999999998,1.0040006785416242,87.904244978328308,101.76317596435547,100.78247833251953,0.18460073211677885,1.7910346637875483
2024-08-28 Fsono1 day3 LC_ leaf area.xlsx,38,149.10791015625,2.0179999999999998,0.89518909811526148,82.084968729514472,93.695816040039062,92.782279968261719,0.2080660465356543,1.8228756032907987
2024-08-28 Fsono1 day3 LC_ leaf area.xlsx,39,149.12899780273438,2.0179999999999998,0.69885778158188849,76.299620125638668,84.936653137207031,84.138435363769531,0.2501680634281665,1.8756702042638207
2024-08-28 Fsono1 day3 LC_ leaf area.xlsx,40,149.1173095703125,2.0179999999999998,0.38018186618164257,70.541397688471051,76.077194213867188,75.483367919921875,0.29832529741710906,1.9328608947945758
2024-08-28 Fsono1 day3 LC_ leaf area.xlsx,41,149.09600830078125,2.0179999999999998,0.16462978502240103,63.596830203063867,67.265922546386719,66.819244384765625,0.34765174795017995,1.9863433696383872
2024-08-28 Fsono1 day3 LC_ leaf area.xlsx,42,149.11601257324219,2.0179999999999998,-0.1869822176264398,56.587395276755451,58.021957397460938,57.828327178955078,0.39513011606654086,2.0344984610140964
2024-08-28 Fsono1 day3 LC_ leaf area.xlsx,43,149.09397888183594,2.0179999999999998,-0.51977550167545794,49.199593042111488,48.789440155029297,48.849338531494141,0.43665443213564314,2.0734024799893667
2024-08-28 Fsono1 day3 LC_ leaf area.xlsx,44,149.04776000976562,2.0179999999999998,7.1265607369821504,329.18810642439337,377.27944946289062,370.31918334960938,0.43167074374327818,2.0685655951422812
2024-08-28 Fsono1 day3 LC_ leaf area.xlsx,45,99.572029113769531,2.0179999999999998,4.270614785273013,324.70381808159397,376.33383178710938,372.18942260742188,0.21268893442404263,1.8272097127492306
2024-08-28 Fsono1 day3 LC_ leaf area.xlsx,46,99.621803283691406,2.0179999999999998,0.35589984168348393,94.632253641898046,102.17153167724609,101.60613250732422,0.19662546597228042,1.8058027375194796
2024-08-28 Fsono1 day3 LC_ leaf area.xlsx,47,99.604873657226562,2.0179999999999998,5.8026609392819971E-2,89.312397754071512,93.77410888671875,93.41046142578125,0.21689601875032746,1.831804023974255
2024-08-28 Fsono1 day3 LC_ leaf area.xlsx,48,99.635780334472656,2.0179999999999998,0.26315682295924503,79.624526223391129,85.057083129882812,84.548439025878906,0.25350720824099637,1.8743903217788902
2024-08-28 Fsono1 day3 LC_ leaf area.xlsx,49,99.620903015136719,2.0179999999999998,-4.6375495114605092E-2,73.421367833422764,76.260749816894531,75.957191467285156,0.29668067106105805,1.9205802719060303
2024-08-28 Fsono1 day3 LC_ leaf area.xlsx,50,99.557044982910156,2.0179999999999998,-0.43881977547824813,67.024380532908751,67.34130859375,67.303466796875,0.3399327105149722,1.9715944506305969
2024-08-28 Fsono1 day3 LC_ leaf area.xlsx,51,99.60418701171875,2.0179999999999998,-0.38341293073418409,57.808421064688943,58.249156951904297,58.191356658935547,0.38106760813727519,2.018701190086984
2024-08-28 Fsono1 day3 LC_ leaf area.xlsx,52,99.543685913085938,2.0179999999999998,-0.80449503270729716,50.650520008727213,48.83135986328125,49.087783813476562,0.41717965173057786,2.0545666236967373
2024-08-28 Fsono1 day3 LC_ leaf area.xlsx,53,99.543609619140625,2.0179999999999998,4.9593787264913463,337.56622418794439,377.15484619140625,371.69091796875,0.40618959032765589,2.0487984019215801
2024-08-28 Fsono2 day3 LC_ leaf area.xlsx,1,1499.8297119140625,1.3540000000000001,36.383093066344685,244.29627329129642,399.90316772460938,381.58758544921875,0.51021405910232043,1.9781608478153065
2024-08-28 Fsono2 day3 LC_ leaf area.xlsx,2,1499.69140625,1.3540000000000001,27.770471289691333,182.61968891842611,299.95425415039062,285.97882080078125,0.51779492076665379,1.9852880801903956
2024-08-28 Fsono2 day3 LC_ leaf area.xlsx,3,1499.579345703125,1.3540000000000001,18.47782103349962,127.6967619766413,199.90797424316406,190.55104064941406,0.57644260335465392,2.0138477689922145
2024-08-28 Fsono2 day3 LC_ leaf area.xlsx,4,1499.4217529296875,1.3540000000000001,6.7261621668533591,65.062613761070637,89.892448425292969,86.355674743652344,0.65195101580502324,2.0584881595667683
2024-08-28 Fsono2 day3 LC_ leaf area.xlsx,5,1499.1566162109375,1.3540000000000001,5.9665609513803304,59.705094995282892,80.062156677246094,76.8853759765625,0.73681227517328352,2.1057435252477879
2024-08-28 Fsono2 day3 LC_ leaf area.xlsx,6,1498.9749755859375,1.3540000000000001,5.0151294882008868,53.84362043931413,70.100204467773438,67.383018493652344,0.80983721072285786,2.1465965573873835
2024-08-28 Fsono2 day3 LC_ leaf area.xlsx,7,1498.67041015625,1.3540000000000001,3.8106997056504195,47.971587445239948,60.114906311035156,57.987148284912109,0.86550161934166203,2.1744666166753448
2024-08-28 Fsono2 day3 LC_ leaf area.xlsx,8,1500.0830078125,1.3540000000000001,2.6322685044447192,41.492126690507774,50.013156890869141,48.474639892578125,0.90350636755479452,2.1926796546027765
2024-08-28 Fsono2 day3 LC_ leaf area.xlsx,9,1499.9613037109375,1.3540000000000001,38.471229892516575,289.59423451366638,400.08383178710938,379.9505615234375,0.91554623112604305,2.1963839236446363
2024-08-28 Fsono2 day3 LC_ leaf area.xlsx,10,1499.708984375,1.3540000000000001,38.782974531123294,281.15560581531145,399.89590454101562,379.78848266601562,0.82462996342271289,2.1525902557186782
2024-08-28 Fsono2 day3 LC_ leaf area.xlsx,11,1499.453125,1.3540000000000001,38.359904012861072,274.22141449326676,399.89630126953125,380.12017822265625,0.7448471260890317,2.1148810503017157
2024-08-28 Fsono2 day3 LC_ leaf area.xlsx,12,1499.1932373046875,1.3540000000000001,44.97105110973343,341.08361294959587,499.74859619140625,476.5556640625,0.67441790503721566,2.074635836650792
2024-08-28 Fsono2 day3 LC_ leaf area.xlsx,13,1499.0211181640625,1.3540000000000001,48.036752698088051,412.33557860960985,600.110107421875,575.1962890625,0.59387503719285084,2.0281369853939686
2024-08-28 Fsono2 day3 LC_ leaf area.xlsx,14,1498.834228515625,1.3540000000000001,53.40004762512379,555.77186096457217,800.068115234375,772.16485595703125,0.49129217621010529,1.9592506779747201
2024-08-28 Fsono2 day3 LC_ leaf area.xlsx,15,1498.6439208984375,1.3540000000000001,58.484591109042,829.08379008469092,1149.97607421875,1118.8084716796875,0.40312025874240803,1.893247819407843
2024-08-28 Fsono2 day3 LC_ leaf area.xlsx,16,1499.7249755859375,1.3540000000000001,61.139585817142631,1117.230795540574,1499.9495849609375,1466.6611328125,0.35357878951459704,1.8544541297598334
2024-08-28 Fsono2 day3 LC_ leaf area.xlsx,17,1499.8372802734375,1.3540000000000001,28.698273965081611,225.47803718295876,399.9813232421875,385.49746704101562,0.33424213940725322,1.8633977252200711
2024-08-28 Fsono2 day3 LC_ leaf area.xlsx,18,399.7845458984375,1.3540000000000001,17.542561495090041,281.00917725885716,397.36358642578125,388.14852905273438,0.31745554084087652,1.7961292937143589
2024-08-28 Fsono2 day3 LC_ leaf area.xlsx,19,399.80133056640625,1.3540000000000001,3.7535440512137308,86.166165086832564,110.81974792480469,108.74687957763672,0.34041241909612235,1.8097951190244348
2024-08-28 Fsono2 day3 LC_ leaf area.xlsx,20,399.85662841796875,1.3540000000000001,3.668072349863897,80.114022123247153,101.03173828125,98.956367492675781,0.41380445951446038,1.8823978483322426
2024-08-28 Fsono2 day3 LC_ leaf area.xlsx,21,399.70669555664062,1.3540000000000001,3.1455656211949163,74.220830476355815,90.913902282714844,89.061752319335938,0.47382534061461656,1.9416839809342492
2024-08-28 Fsono2 day3 LC_ leaf area.xlsx,22,399.78988647460938,1.3540000000000001,2.7480647173034134,68.043401052423746,80.849937438964844,79.188873291015625,0.57726595340678,1.9849830418939964
2024-08-28 Fsono2 day3 LC_ leaf area.xlsx,23,399.80914306640625,1.3540000000000001,1.9111848373607336,61.9187276095616,70.866432189941406,69.597587585449219,0.64805675621160597,2.0360800807920167
2024-08-28 Fsono2 day3 LC_ leaf area.xlsx,24,399.7354736328125,1.3540000000000001,1.1580534690873088,54.900191017117073,60.776508331298828,59.888130187988281,0.70590773456662292,2.0643379237338086
2024-08-28 Fsono2 day3 LC_ leaf area.xlsx,25,399.68521118164062,1.3540000000000001,0.4075078761906385,47.812465452878023,51.084648132324219,50.577239990234375,0.73020636509485359,2.0929912967667188
2024-08-28 Fsono2 day3 LC_ leaf area.xlsx,26,399.756103515625,1.3540000000000001,20.248703395707967,324.22765401726582,396.39251708984375,384.74761962890625,0.77133602713167604,2.1017261078631564
2024-08-28 Fsono2 day3 LC_ leaf area.xlsx,27,250.36634826660156,1.3540000000000001,12.874179052965381,329.54263768158273,396.568359375,388.894287109375,0.49304712820556007,1.9295812561015482
2024-08-28 Fsono2 day3 LC_ leaf area.xlsx,28,250.38552856445312,1.3540000000000001,2.9212951686127515,93.484181247902768,110.35665130615234,108.54307556152344,0.45605737795076429,1.9054118711493648
2024-08-28 Fsono2 day3 LC_ leaf area.xlsx,29,250.35122680664062,1.3540000000000001,2.7878316165203207,85.10487731464228,100.67818450927734,98.953811645507812,0.47291292455752604,1.9187004935321166
2024-08-28 Fsono2 day3 LC_ leaf area.xlsx,30,250.24192810058594,1.3540000000000001,2.3787391331866541,77.570357562260298,90.850082397460938,89.338539123535156,0.48919903354468935,1.9363677130113355
2024-08-28 Fsono2 day3 LC_ leaf area.xlsx,31,250.35958862304688,1.3540000000000001,1.8302883078002825,70.7613107865443,80.718055725097656,79.486869812011719,0.54309683323420443,1.9532507580631646
2024-08-28 Fsono2 day3 LC_ leaf area.xlsx,32,250.29541015625,1.3540000000000001,1.1329518844940591,64.055840391551612,70.831428527832031,69.936454772949219,0.59072067581212662,1.9872056371309155
2024-08-28 Fsono2 day3 LC_ leaf area.xlsx,33,250.24839782714844,1.3540000000000001,0.59257242877281491,56.601841823093061,61.003238677978516,60.391597747802734,0.63113018218194705,2.0052608903497604
2024-08-28 Fsono2 day3 LC_ leaf area.xlsx,34,250.31271362304688,1.3540000000000001,-0.22835153826103552,49.376441689328118,50.774864196777344,50.572555541992188,0.66517032628602857,2.0365909551086951
2024-08-28 Fsono2 day3 LC_ leaf area.xlsx,35,250.25202941894531,1.3540000000000001,14.167486066235352,337.46036497539058,396.34609985351562,387.58169555664062,0.69102207549362338,2.0415260888316551
2024-08-28 Fsono2 day3 LC_ leaf area.xlsx,36,150.26495361328125,1.3540000000000001,7.612124562393193,329.54245805399773,396.8720703125,392.26190185546875,0.26860835430365937,1.7345473899364152
2024-08-28 Fsono2 day3 LC_ leaf area.xlsx,37,150.3089599609375,1.3540000000000001,1.1687255865100454,97.371689544392481,110.63648223876953,109.81340789794922,0.24049175565334893,1.7074343956275553
2024-08-28 Fsono2 day3 LC_ leaf area.xlsx,38,150.25997924804688,1.3540000000000001,0.99615112612701362,89.762547344530418,100.69454956054688,99.951225280761719,0.26656330124425015,1.7324217029113498
2024-08-28 Fsono2 day3 LC_ leaf area.xlsx,39,150.30952453613281,1.3540000000000001,0.99324561921357735,80.923710238249996,90.546516418457031,89.801582336425781,0.30914037465131333,1.76811021346302
2024-08-28 Fsono2 day3 LC_ leaf area.xlsx,40,150.22998046875,1.3540000000000001,0.60640961216731826,74.542404402966596,80.984977722167969,80.402839660644531,0.3702301330782064,1.8191786309732998
2024-08-28 Fsono2 day3 LC_ leaf area.xlsx,41,150.21893310546875,1.3540000000000001,0.21319620050879737,67.173186801952809,71.059104919433594,70.652214050292969,0.44177842842034531,1.8729986509848677
2024-08-28 Fsono2 day3 LC_ leaf area.xlsx,42,150.32614135742188,1.3540000000000001,-0.23623194309955642,59.1907083559068,60.814994812011719,60.623580932617188,0.5110893127178513,1.9226680212236533
2024-08-28 Fsono2 day3 LC_ leaf area.xlsx,43,150.25120544433594,1.3540000000000001,-0.87769886016766852,51.74633527327385,50.773548126220703,50.898551940917969,0.57027421420832558,1.9612900144729355
2024-08-28 Fsono2 day3 LC_ leaf area.xlsx,44,150.23878479003906,1.3540000000000001,8.820910805577018,349.4593256400525,396.25424194335938,390.1822509765625,0.57748044338550664,1.963022720607114
2024-08-28 Fsono2 day3 LC_ leaf area.xlsx,45,99.978996276855469,1.3540000000000001,4.8421581211499269,345.57070609956844,396.93063354492188,393.65045166015625,0.24837845288036742,1.7074074765483092
2024-08-28 Fsono2 day3 LC_ leaf area.xlsx,46,100.03481292724609,1.3540000000000001,0.41853553216389533,102.77924193890048,110.69697570800781,110.21814727783203,0.23368086013880307,1.6921514274425571
2024-08-28 Fsono2 day3 LC_ leaf area.xlsx,47,100.00103759765625,1.3540000000000001,0.44012626190005211,93.748706654293954,101.06870269775391,100.58180236816406,0.26005904776057909,1.7159289136058651
2024-08-28 Fsono2 day3 LC_ leaf area.xlsx,48,100.03044891357422,1.3540000000000001,0.2512766150385955,85.575257064344854,90.927627563476562,90.515045166015625,0.30759449100383945,1.7601883910101606
2024-08-28 Fsono2 day3 LC_ leaf area.xlsx,49,100.00796508789062,1.3540000000000001,2.0702669689709872E-2,77.48635924445891,81.164436340332031,80.839836120605469,0.35977523777161524,1.8186937572376336
2024-08-28 Fsono2 day3 LC_ leaf area.xlsx,50,99.882362365722656,1.3540000000000001,0.28957480714749595,67.093052385822958,71.208816528320312,70.770988464355469,0.4508765725497671,1.8633663047645241
2024-08-28 Fsono2 day3 LC_ leaf area.xlsx,51,99.447547912597656,1.3540000000000001,-1.5827472339259983,64.720808222500438,61.050003051757812,61.463970184326172,0.48417006039785604,1.9148920684191397
2024-08-28 Fsono2 day3 LC_ leaf area.xlsx,52,99.334793090820312,1.3540000000000001,-3.481538278632466,61.938097287871976,50.997013092041016,52.292606353759766,0.5144801035518114,1.9511869769995682
2024-08-28 Fsono2 day3 LC_ leaf area.xlsx,53,99.380126953125,1.3540000000000001,3.6249279781517685,364.87415600213734,396.31756591796875,392.61593627929688,0.51038053761915791,1.9539499813748988
2024-08-30 Fsono1 day5 HC_ leaf area.xlsx,1,1498.6488037109375,1.6279999999999999,30.1082742013649,275.85390617436559,399.99505615234375,381.49755859375,0.56555569194337763,2.2427682381569465
2024-08-30 Fsono1 day5 HC_ leaf area.xlsx,2,1499.457763671875,1.6279999999999999,23.616496687082968,204.66035221093159,299.84158325195312,285.42111206054688,0.57903013622164012,2.2580883899977198
2024-08-30 Fsono1 day5 HC_ leaf area.xlsx,3,1499.2330322265625,1.6279999999999999,15.921967594899998,139.25736842987834,199.90733337402344,190.14761352539062,0.62754432528354975,2.2959230846337597
2024-08-30 Fsono1 day5 HC_ leaf area.xlsx,4,1498.960693359375,1.6279999999999999,5.9775044573031186,68.495436950382015,90.057243347167969,86.268661499023438,0.70786363279675335,2.3479170882745528
2024-08-30 Fsono1 day5 HC_ leaf area.xlsx,5,1498.601806640625,1.6279999999999999,5.1452518529444244,62.635918952404921,79.949569702148438,76.635719299316406,0.79896496602925449,2.4055550418561324
2024-08-30 Fsono1 day5 HC_ leaf area.xlsx,6,1499.362060546875,1.6279999999999999,4.3227635147979386,55.994368729852347,70.084724426269531,67.261497497558594,0.85395063101261748,2.4431226558720227
2024-08-30 Fsono1 day5 HC_ leaf area.xlsx,7,1499.118896484375,1.6279999999999999,3.4114593032483795,48.930517026562384,60.050926208496094,57.785160064697266,0.87497121404559897,2.458027992050833
2024-08-30 Fsono1 day5 HC_ leaf area.xlsx,8,1498.9901123046875,1.6279999999999999,2.2110595934235775,42.32003354404651,49.918968200683594,48.373180389404297,0.87336287808995783,2.4651331473332831
2024-08-30 Fsono1 day5 HC_ leaf area.xlsx,9,1498.6781005859375,1.6279999999999999,29.139061155801585,303.72542289787776,399.86383056640625,381.46389770507812,0.79885794423151235,2.439798858560025
2024-08-30 Fsono1 day5 HC_ leaf area.xlsx,10,1499.7288818359375,1.6279999999999999,27.944875217065668,292.45886459468352,400.00003051757812,382.57852172851562,0.6332810905102606,2.3628849518360804
2024-08-30 Fsono1 day5 HC_ leaf area.xlsx,11,1499.6881103515625,1.6279999999999999,26.557824912633617,283.97788687354847,399.9979248046875,383.60726928710938,0.52869669948124298,2.2988477391337803
2024-08-30 Fsono1 day5 HC_ leaf area.xlsx,12,1499.67236328125,1.6279999999999999,30.787394952375312,349.02028810948826,499.96640014648438,481.04464721679688,0.45418343912108161,2.2518491538726377
2024-08-30 Fsono1 day5 HC_ leaf area.xlsx,13,1499.5811767578125,1.6279999999999999,33.845855776101608,411.02901453023912,600.14642333984375,579.4351806640625,0.38463193145178481,2.2047754743946282
2024-08-30 Fsono1 day5 HC_ leaf area.xlsx,14,1499.5853271484375,1.6279999999999999,38.837502367695599,546.2385450690083,799.8470458984375,776.04425048828125,0.31959504600982369,2.1562184479052813
2024-08-30 Fsono1 day5 HC_ leaf area.xlsx,15,1499.65478515625,1.6279999999999999,43.458382324686994,807.75019944251562,1150.0355224609375,1123.16064453125,0.25983304171791838,2.1052021464238351
2024-08-30 Fsono1 day5 HC_ leaf area.xlsx,16,1499.6593017578125,1.6279999999999999,44.955028464117945,1093.4457032025377,1500.0570068359375,1471.8369140625,0.22605729073805966,2.0794318195749075
2024-08-30 Fsono1 day5 HC_ leaf area.xlsx,17,1499.3868408203125,1.6279999999999999,20.354588389852523,230.84333004398857,400.07354736328125,388.0052490234375,0.23321211913747544,2.0942647226918489
2024-08-30 Fsono1 day5 HC_ leaf area.xlsx,18,401.09732055664062,1.6279999999999999,13.407394508331704,286.73158068091448,385.76129150390625,377.28973388671875,0.28627361417038771,2.1585488775025006
2024-08-30 Fsono1 day5 HC_ leaf area.xlsx,19,401.1353759765625,1.6279999999999999,2.4301498438345854,85.451622089914665,102.60910797119141,100.93529510498047,0.33402339672955533,2.1997462761685309
2024-08-30 Fsono1 day5 HC_ leaf area.xlsx,20,401.07073974609375,1.6279999999999999,2.585846194431964,79.41710360422897,94.312950134277344,92.508781433105469,0.43402621571548083,2.2842182836372085
2024-08-30 Fsono1 day5 HC_ leaf area.xlsx,21,400.98336791992188,1.6279999999999999,2.0679989760694641,74.727128528209192,85.549102783203125,84.011390686035156,0.53136248154818488,2.3497289224567939
2024-08-30 Fsono1 day5 HC_ leaf area.xlsx,22,400.9117431640625,1.6279999999999999,1.7084619209781617,67.987750112916117,76.571846008300781,75.235649108886719,0.5987999036612256,2.4030504179861745
2024-08-30 Fsono1 day5 HC_ leaf area.xlsx,23,400.887451171875,1.6279999999999999,0.8941542915561177,62.375338472537237,67.586830139160156,66.721244812011719,0.65343662590676321,2.4347516901050694
2024-08-30 Fsono1 day5 HC_ leaf area.xlsx,24,400.81982421875,1.6279999999999999,0.3556932681275809,55.005099090947112,58.094661712646484,57.561183929443359,0.68908194146679669,2.4613591507963575
2024-08-30 Fsono1 day5 HC_ leaf area.xlsx,25,400.76321411132812,1.6279999999999999,-0.37891509456867517,48.179539680790363,48.671192169189453,48.584262847900391,0.71214204452396013,2.4778171011232191
2024-08-30 Fsono1 day5 HC_ leaf area.xlsx,26,400.73565673828125,1.6279999999999999,15.419207186931043,317.47424326861892,380.21502685546875,369.68624877929688,0.66234921392725155,2.4594406383039313
2024-08-30 Fsono1 day5 HC_ leaf area.xlsx,27,249.352294921875,1.6279999999999999,9.6343514171806124,304.09331168070025,379.04776000976562,372.68896484375,0.28453504337003266,2.2018418568440246
2024-08-30 Fsono1 day5 HC_ leaf area.xlsx,28,249.46249389648438,1.6279999999999999,1.4455431164008579,90.334542521669562,103.634033203125,102.55429840087891,0.27020309723038988,2.1886603068525146
2024-08-30 Fsono1 day5 HC_ leaf area.xlsx,29,249.42219543457031,1.6279999999999999,1.4127312651053843,83.535133826653805,95.092216491699219,94.020210266113281,0.31584362392189763,2.228945325477631
2024-08-30 Fsono1 day5 HC_ leaf area.xlsx,30,249.31787109375,1.6279999999999999,0.97598755725018216,78.268378647029692,86.174354553222656,85.320671081542969,0.3784859533658439,2.285261511120567
2024-08-30 Fsono1 day5 HC_ leaf area.xlsx,31,249.32366943359375,1.6279999999999999,0.56365570832819967,72.053560221507013,77.200263977050781,76.570213317871094,0.44155288160569245,2.3303067514849536
2024-08-30 Fsono1 day5 HC_ leaf area.xlsx,32,249.31640625,1.6279999999999999,0.15499810461442379,64.877117206483646,67.819488525390625,67.424827575683594,0.49533800611633805,2.3690511285411775
2024-08-30 Fsono1 day5 HC_ leaf area.xlsx,33,249.23672485351562,1.6279999999999999,-0.34836973187472747,57.714914134899082,58.389495849609375,58.2923583984375,0.54262095017584433,2.4012317139899388
2024-08-30 Fsono1 day5 HC_ leaf area.xlsx,34,249.24076843261719,1.6279999999999999,-0.98178648477243602,50.779608453101588,48.946804046630859,49.225124359130859,0.58179371350340514,2.4276880016092037
2024-08-30 Fsono1 day5 HC_ leaf area.xlsx,35,249.16387939453125,1.6279999999999999,10.980315308999748,325.04058005143918,379.4183349609375,371.6080322265625,0.54072680227895664,2.4164408976547418
2024-08-30 Fsono1 day5 HC_ leaf area.xlsx,36,150.70176696777344,1.6279999999999999,5.9694292233102484,306.24147308051698,378.30255126953125,374.30703735351562,0.17635011222311947,2.1331187758957966
2024-08-30 Fsono1 day5 HC_ leaf area.xlsx,37,150.03135681152344,1.6279999999999999,0.68270605486717117,92.449859174817533,102.576416015625,101.99210357666016,0.18428623170798927,2.1432093350548529
2024-08-30 Fsono1 day5 HC_ leaf area.xlsx,38,150.05825805664062,1.6279999999999999,0.44602737333150394,87.690988552980514,94.20562744140625,93.713661193847656,0.24911716813164148,2.2016754812542056
2024-08-30 Fsono1 day5 HC_ leaf area.xlsx,39,149.99542236328125,1.6279999999999999,0.15636831365513237,81.307691094161157,85.130218505859375,84.760383605957031,0.33204531660751746,2.2714301359434468
2024-08-30 Fsono1 day5 HC_ leaf area.xlsx,40,149.96051025390625,1.6279999999999999,-0.22028615074907645,74.942240334820283,76.507400512695312,76.330917358398438,0.39912177160898116,2.3233016702999594
2024-08-30 Fsono1 day5 HC_ leaf area.xlsx,41,149.94544982910156,1.6279999999999999,-0.45435605911381977,66.952215162948278,67.226173400878906,67.19287109375,0.43776569036500146,2.3533326817255293
2024-08-30 Fsono1 day5 HC_ leaf area.xlsx,42,149.93231201171875,1.6279999999999999,-0.8423200527223792,59.530237725741451,58.021697998046875,58.219184875488281,0.48040903038906335,2.3831078384443245
2024-08-30 Fsono1 day5 HC_ leaf area.xlsx,43,149.9007568359375,1.6279999999999999,-1.2682086578714411,51.790065934589244,48.577625274658203,49.030807495117188,0.52852384344833858,2.4159623503504553
2024-08-30 Fsono1 day5 HC_ leaf area.xlsx,44,149.85562133789062,1.6279999999999999,7.0333698915093077,339.27372450059914,379.83575439453125,374.23974609375,0.51341004604605001,2.4158193519431514
2024-08-30 Fsono1 day5 HC_ leaf area.xlsx,45,98.800567626953125,1.6279999999999999,3.8928244052306806,331.75996731568506,378.8765869140625,375.90646362304688,0.20325065038949167,2.1757729896866951
2024-08-30 Fsono1 day5 HC_ leaf area.xlsx,46,98.855621337890625,1.6279999999999999,9.0350261768655751E-2,98.323958687898227,102.79037475585938,102.5020751953125,0.2086962875157149,2.1810211801434636
2024-08-30 Fsono1 day5 HC_ leaf area.xlsx,47,98.824844360351562,1.6279999999999999,-0.15445499597927564,92.396064042755881,94.69580078125,94.511192321777344,0.26709980459907673,2.2310015177022287
2024-08-30 Fsono1 day5 HC_ leaf area.xlsx,48,98.834976196289062,1.6279999999999999,-0.20402985641782229,83.657669093396109,85.470474243164062,85.292877197265625,0.33704086405028244,2.2850391848615255
2024-08-30 Fsono1 day5 HC_ leaf area.xlsx,49,98.801658630371094,1.6279999999999999,-0.52569447335127562,76.734333711555635,76.809722900390625,76.80133056640625,0.39294245776736486,2.3287122311069108
2024-08-30 Fsono1 day5 HC_ leaf area.xlsx,50,98.819007873535156,1.6279999999999999,-0.67276120575867915,68.413322508900649,67.684310913085938,67.771476745605469,0.42891859663485704,2.3570896632320655
2024-08-30 Fsono1 day5 HC_ leaf area.xlsx,51,98.785133361816406,1.6279999999999999,-0.92647201605714213,60.159139029021851,58.231781005859375,58.479774475097656,0.4700922965572446,2.3832166850985961
2024-08-30 Fsono1 day5 HC_ leaf area.xlsx,52,98.749771118164062,1.6279999999999999,-1.4863341921723912,52.974390067855495,48.770351409912109,49.347515106201172,0.51041601382486756,2.4120659949292893
2024-08-30 Fsono1 day5 HC_ leaf area.xlsx,53,98.79180908203125,1.6279999999999999,4.4984982863487861,348.57929968043914,379.91635131835938,375.76373291015625,0.48773576693755244,2.4071142734746389
2024-08-30 Fsono2 day5 LC_ leaf area.xlsx,1,1499.2637939453125,1.29,31.642794033635507,222.86760371972676,399.8856201171875,384.600830078125,0.36790857315052505,1.6374785299032228
2024-08-30 Fsono2 day5 LC_ leaf area.xlsx,2,1499.3076171875,1.29,23.831615142346632,166.80999491726524,299.97122192382812,288.4713134765625,0.36801810406073948,1.6372335511574057
2024-08-30 Fsono2 day5 LC_ leaf area.xlsx,3,1499.0120849609375,1.29,15.20261154221938,114.65911556286558,199.91090393066406,192.54118347167969,0.368491595290659,1.6381015793844127
2024-08-30 Fsono2 day5 LC_ leaf area.xlsx,4,1498.9703369140625,1.29,4.8141137106504397,61.675100801353395,89.909805297851562,87.4615478515625,0.36984663657375183,1.6410098274650518
2024-08-30 Fsono2 day5 LC_ leaf area.xlsx,5,1498.6121826171875,1.29,4.1883447103599618,55.449092116058665,79.96478271484375,77.8260498046875,0.3724986691980105,1.6442862466691004
2024-08-30 Fsono2 day5 LC_ leaf area.xlsx,6,1499.929931640625,1.29,3.3258789039428542,50.27327842709704,70.012825012207031,68.286224365234375,0.3736820273759921,1.6466467002028367
2024-08-30 Fsono2 day5 LC_ leaf area.xlsx,7,1499.893798828125,1.29,2.4115245470661155,45.377292537796855,60.101741790771484,58.809062957763672,0.37531837471087931,1.6492294790793676
2024-08-30 Fsono2 day5 LC_ leaf area.xlsx,8,1499.5263671875,1.29,1.4268234045054853,40.688415862450064,50.092880249023438,49.264328002929688,0.37688733704514582,1.6538897391884237
2024-08-30 Fsono2 day5 LC_ leaf area.xlsx,9,1499.4124755859375,1.29,30.756672260782228,232.11005592088688,399.92636108398438,385.02935791015625,0.38039436214306943,1.6529081465693307
2024-08-30 Fsono2 day5 LC_ leaf area.xlsx,10,1499.15234375,1.29,31.464604096395856,228.69838927494936,399.9571533203125,384.75723266601562,0.38032301102205024,1.6554223090556626
2024-08-30 Fsono2 day5 LC_ leaf area.xlsx,11,1499.1722412109375,1.29,31.430523107492949,228.95092155896418,399.9588623046875,384.77328491210938,0.38057940878442864,1.6580319610968581
2024-08-30 Fsono2 day5 LC_ leaf area.xlsx,12,1499.0118408203125,1.29,37.003977601056675,297.97364361277425,499.91616821289062,481.91024780273438,0.38246213873200136,1.6603115774781909
2024-08-30 Fsono2 day5 LC_ leaf area.xlsx,13,1498.807373046875,1.29,41.283544538573423,373.30477176159576,600.13690185546875,579.8609619140625,0.38357842133529035,1.6617823477719649
2024-08-30 Fsono2 day5 LC_ leaf area.xlsx,14,1498.8773193359375,1.29,46.489926550005094,539.13088842029788,800.170654296875,776.80255126953125,0.38426876899502543,1.6611309567066492
2024-08-30 Fsono2 day5 LC_ leaf area.xlsx,15,1498.7587890625,1.29,49.334793588646448,858.9977589789504,1150.1226806640625,1124.021728515625,0.38496021541848324,1.6609446087053221
2024-08-30 Fsono2 day5 LC_ leaf area.xlsx,16,1498.5892333984375,1.29,50.167783966914563,1187.7602722969186,1500.1392822265625,1472.1746826171875,0.38428219509181927,1.660046899808105
2024-08-30 Fsono2 day5 LC_ leaf area.xlsx,17,1499.979736328125,1.29,28.61459042753615,243.53554004366293,400.05752563476562,386.0576171875,0.38379628690943929,1.6652547676336253
2024-08-30 Fsono2 day5 LC_ leaf area.xlsx,18,400.26528930664062,1.29,15.732647447614193,327.43542666416488,398.4442138671875,390.165283203125,0.53393171981644016,1.608445666976273
2024-08-30 Fsono2 day5 LC_ leaf area.xlsx,19,400.1904296875,1.29,3.3524720023962233,95.670006217284907,111.94703674316406,110.06214141845703,0.52902969630338359,1.6220613625680562
2024-08-30 Fsono2 day5 LC_ leaf area.xlsx,20,400.039794921875,1.29,2.8241937465735014,87.835910223591782,101.90537261962891,100.27743530273438,0.52827937811494396,1.6316591462688375
2024-08-30 Fsono2 day5 LC_ leaf area.xlsx,21,399.97512817382812,1.29,2.2697149899056819,79.844740747961012,91.540092468261719,90.185798645019531,0.52867292183743608,1.6386800478136283
2024-08-30 Fsono2 day5 LC_ leaf area.xlsx,22,399.92922973632812,1.29,1.6445070875800039,72.493150393035975,81.544639587402344,80.496917724609375,0.52832229863755864,1.6426184328496456
2024-08-30 Fsono2 day5 LC_ leaf area.xlsx,23,399.87823486328125,1.29,1.025490961601768,65.113439985348066,71.523048400878906,70.78076171875,0.52859465349158219,1.6465525736416458
2024-08-30 Fsono2 day5 LC_ leaf area.xlsx,24,399.77285766601562,1.29,0.45157151739950818,57.42859368541442,61.352985382080078,60.898097991943359,0.52914030534587153,1.6491189781510038
2024-08-30 Fsono2 day5 LC_ leaf area.xlsx,25,399.76690673828125,1.29,-0.33186709244327972,50.654814609857567,51.322895050048828,51.245319366455078,0.53029396292065989,1.6502848545813613
2024-08-30 Fsono2 day5 LC_ leaf area.xlsx,26,399.77371215820312,1.29,17.661176349364098,315.68510774833447,395.41061401367188,386.16726684570312,0.52930352098788302,1.6463609569489199
2024-08-30 Fsono2 day5 LC_ leaf area.xlsx,27,248.7847900390625,1.29,11.302917493491211,338.38810728538169,395.26736450195312,388.87417602539062,0.5097292386044503,1.6154086260949407
2024-08-30 Fsono2 day5 LC_ leaf area.xlsx,28,248.79415893554688,1.29,2.3851824172121892,97.050291135501467,110.30393981933594,108.85555267333984,0.49217454311631487,1.6100449473563641
2024-08-30 Fsono2 day5 LC_ leaf area.xlsx,29,248.7686767578125,1.29,1.9826868264117978,89.283969335640165,100.70773315429688,99.470840454101562,0.48656178492731411,1.6082481612252595
2024-08-30 Fsono2 day5 LC_ leaf area.xlsx,30,248.76808166503906,1.29,1.5136316500814475,81.346323310332593,90.569709777832031,89.57281494140625,0.48550904484909391,1.6079129881769623
2024-08-30 Fsono2 day5 LC_ leaf area.xlsx,31,248.78816223144531,1.29,1.0383319944451617,73.841528665482329,80.809425354003906,80.052070617675781,0.48887867882956693,1.6121118340764951
2024-08-30 Fsono2 day5 LC_ leaf area.xlsx,32,248.70559692382812,1.29,0.51786402532996911,66.363447955605935,70.914085388183594,70.416358947753906,0.49266162989781598,1.6181295693542634
2024-08-30 Fsono2 day5 LC_ leaf area.xlsx,33,248.70361328125,1.29,-5.0289829857631536E-2,58.885924331256334,60.853599548339844,60.636756896972656,0.49729554385253083,1.6246086667563504
2024-08-30 Fsono2 day5 LC_ leaf area.xlsx,34,248.71017456054688,1.29,-0.34510465019726816,50.47924022271895,50.950080871582031,50.898036956787109,0.4991503093959867,1.6282487639056489
2024-08-30 Fsono2 day5 LC_ leaf area.xlsx,35,248.71435546875,1.29,12.418763563404704,332.98386097538554,394.78652954101562,387.91943359375,0.50240124724394108,1.6300621701787168
2024-08-30 Fsono2 day5 LC_ leaf area.xlsx,36,148.76913452148438,1.29,7.3799928783973732,349.6124480572488,394.87869262695312,390.32888793945312,0.44453733094813735,1.5982295023235202
2024-08-30 Fsono2 day5 LC_ leaf area.xlsx,37,148.79060363769531,1.29,0.94473462111511342,101.77394753571772,110.08198547363281,109.30754089355469,0.40585642862248844,1.585946772305084
2024-08-30 Fsono2 day5 LC_ leaf area.xlsx,38,148.75204467773438,1.29,0.88826194690826832,92.770742837550088,100.46689605712891,99.747329711914062,0.40731889289186296,1.5897595653904499
2024-08-30 Fsono2 day5 LC_ leaf area.xlsx,39,148.75938415527344,1.29,0.60939603308625001,84.400154486097094,90.398178100585938,89.827972412109375,0.41548825554119861,1.5977951869804674
2024-08-30 Fsono2 day5 LC_ leaf area.xlsx,40,148.74812316894531,1.29,0.18202620519068699,76.936131533200935,80.624092102050781,80.266525268554688,0.42544989362790919,1.6066735706930413
2024-08-30 Fsono2 day5 LC_ leaf area.xlsx,41,148.70657348632812,1.29,-0.22867481889148464,69.224960228757681,70.749061584472656,70.598503112792969,0.43516745072973834,1.6168595927758724
2024-08-30 Fsono2 day5 LC_ leaf area.xlsx,42,148.69572448730469,1.29,-0.51360836277470545,60.720926215479388,60.673725128173828,60.678466796875,0.4441154858233024,1.6275084353538258
2024-08-30 Fsono2 day5 LC_ leaf area.xlsx,43,148.67143249511719,1.29,-1.0920281550176307,53.60924248975509,50.809421539306641,51.095333099365234,0.45311733694032885,1.638366704734799
2024-08-30 Fsono2 day5 LC_ leaf area.xlsx,44,148.64274597167969,1.29,8.5079612107709739,345.09727663706462,394.51058959960938,389.4593505859375,0.45371760624861723,1.6438011724260868
2024-08-30 Fsono2 day5 LC_ leaf area.xlsx,45,100.19898223876953,1.29,4.7782007462786762,354.43306252495938,394.68759155273438,391.4820556640625,0.33717881402472966,1.6009160432549834
2024-08-30 Fsono2 day5 LC_ leaf area.xlsx,46,100.22848510742188,1.29,0.16755378835142137,104.79146928550881,109.99530029296875,109.62322235107422,0.29770050481447213,1.5918257295268996
2024-08-30 Fsono2 day5 LC_ leaf area.xlsx,47,100.21009826660156,1.29,0.23656577593260561,95.302566582301353,100.41997528076172,100.03398895263672,0.31658554268073358,1.6118144101685756
2024-08-30 Fsono2 day5 LC_ leaf area.xlsx,48,100.186767578125,1.29,1.9875921955880973E-2,86.865744474489361,90.29083251953125,90.015403747558594,0.34101799847046294,1.6325637380743865
2024-08-30 Fsono2 day5 LC_ leaf area.xlsx,49,100.20119476318359,1.29,-5.378684231366862E-2,77.919415067754699,80.552154541015625,80.328056335449219,0.36455011576177754,1.6538926851061697
2024-08-30 Fsono2 day5 LC_ leaf area.xlsx,50,100.20018768310547,1.29,-0.35200248547629637,69.843248034097371,70.652809143066406,70.580978393554688,0.38290307788109296,1.6717311688053886
2024-08-30 Fsono2 day5 LC_ leaf area.xlsx,51,100.21288299560547,1.29,-0.81938551873936305,62.286057708013736,60.566692352294922,60.723846435546875,0.39668534579544895,1.6862724296482483
2024-08-30 Fsono2 day5 LC_ leaf area.xlsx,52,100.18098449707031,1.29,-1.0640676397184696,53.881263659365203,50.763038635253906,51.0545654296875,0.40757125327789434,1.6999869321039878
2024-08-30 Fsono2 day5 LC_ leaf area.xlsx,53,100.15663146972656,1.29,5.9067847507031912,353.63598588988822,394.34011840820312,390.53933715820312,0.40700168135797399,1.7062622046750038
2024-09-10 Fsono3 day1 HC_ leaf area.xlsx,1,1499.586669921875,1.522,16.544391608882979,229.88456609573527,399.92642211914062,390.6639404296875,0.18466168843300598,1.8123332327162498
2024-09-10 Fsono3 day1 HC_ leaf area.xlsx,2,1498.9532470703125,1.522,12.326658003401251,177.45664946039346,299.74459838867188,292.8067626953125,0.19307622810969324,1.8285591938585275
2024-09-10 Fsono3 day1 HC_ leaf area.xlsx,3,1499.4842529296875,1.522,7.6488683054019013,132.20455923785292,200.09083557128906,195.69746398925781,0.22361374383773874,1.8625946266986431
2024-09-10 Fsono3 day1 HC_ leaf area.xlsx,4,1499.1007080078125,1.522,2.1105549450369896,72.709323550876135,90.131179809570312,88.787086486816406,0.27280632614919537,1.9121833244400623
2024-09-10 Fsono3 day1 HC_ leaf area.xlsx,5,1498.6280517578125,1.522,2.0118445077259199,65.598193962522416,80.141387939453125,78.841773986816406,0.32346930835399607,1.9618362801020848
2024-09-10 Fsono3 day1 HC_ leaf area.xlsx,6,1499.467041015625,1.522,1.5193088415404181,59.457527942887317,70.09820556640625,69.061553955078125,0.35827152688294012,1.9967269739834592
2024-09-10 Fsono3 day1 HC_ leaf area.xlsx,7,1498.7806396484375,1.522,0.82436894009388528,53.426918872290642,59.830104827880859,59.173450469970703,0.38115403244486423,2.018513437446265
2024-09-10 Fsono3 day1 HC_ leaf area.xlsx,8,1499.73095703125,1.522,0.33433986245625724,46.358509741265465,49.882732391357422,49.506309509277344,0.40031255226504348,2.0361211496227187
2024-09-10 Fsono3 day1 HC_ leaf area.xlsx,9,1499.3280029296875,1.522,20.136015223122971,283.34972249744192,400.1383056640625,388.37078857421875,0.37288836817555704,2.0220994797378369
2024-09-10 Fsono3 day1 HC_ leaf area.xlsx,10,1498.9754638671875,1.522,20.114981227953429,265.15946486791682,399.95889282226562,388.43255615234375,0.30731152212204166,1.9678145710304815
2024-09-10 Fsono3 day1 HC_ leaf area.xlsx,11,1498.977294921875,1.522,19.454616153638987,254.05682013295973,399.81991577148438,388.77801513671875,0.26727671036645922,1.9325841444575054
2024-09-10 Fsono3 day1 HC_ leaf area.xlsx,12,1498.7254638671875,1.522,23.231940086607668,305.21354222604486,500.04608154296875,486.946044921875,0.23342722028190244,1.9037717103143224
2024-09-10 Fsono3 day1 HC_ leaf area.xlsx,13,1499.7821044921875,1.522,25.63079581595343,346.4212961921686,600.08587646484375,585.7252197265625,0.19258452875716273,1.8669950080479321
2024-09-10 Fsono3 day1 HC_ leaf area.xlsx,14,1499.6019287109375,1.522,29.89350978313378,438.3552277784645,799.959716796875,783.32330322265625,0.15372698516478805,1.8278835926189494
2024-09-10 Fsono3 day1 HC_ leaf area.xlsx,15,1499.53662109375,1.522,34.558206392876428,634.00892154359565,1149.9954833984375,1130.7366943359375,0.12274461235030613,1.7939221757180348
2024-09-10 Fsono3 day1 HC_ leaf area.xlsx,16,1499.3956298828125,1.522,38.921762550185676,804.32673756981001,1500.044189453125,1478.3992919921875,0.10114922350601695,1.7704960638401099
2024-09-10 Fsono3 day1 HC_ leaf area.xlsx,17,1498.8759765625,1.522,10.540410237082046,212.32014384286006,400.01156616210938,394.1617431640625,0.10147114034069847,1.7750393830772517
2024-09-10 Fsono3 day1 HC_ leaf area.xlsx,18,400.31741333007812,1.522,8.5176037954509258,248.30843240575928,384.20034790039062,379.31777954101562,0.11763656888302049,1.7941744957142509
2024-09-10 Fsono3 day1 HC_ leaf area.xlsx,19,400.34442138671875,1.522,0.16035236043434137,96.619652471656948,102.56119537353516,102.30496978759766,0.14332923246092583,1.8218746740231291
2024-09-10 Fsono3 day1 HC_ leaf area.xlsx,20,400.15472412109375,1.522,0.34741392729879111,86.851131772498661,93.683906555175781,93.291114807128906,0.19620315019803963,1.8829317919834283
2024-09-10 Fsono3 day1 HC_ leaf area.xlsx,21,400.06332397460938,1.522,0.19135715460928485,79.552999164447087,84.342842102050781,84.011360168457031,0.24134976400795438,1.9303887934461819
2024-09-10 Fsono3 day1 HC_ leaf area.xlsx,22,400.04519653320312,1.522,-0.22133186808648489,74.019971690484468,75.541183471679688,75.422386169433594,0.27688429920592483,1.9588670929840299
2024-09-10 Fsono3 day1 HC_ leaf area.xlsx,23,400.06680297851562,1.522,-0.32361834517898896,66.041123394071093,66.740692138671875,66.680702209472656,0.30857904217864413,1.9887959624800715
2024-09-10 Fsono3 day1 HC_ leaf area.xlsx,24,400.02740478515625,1.522,-0.68094132311508093,59.013730221898562,57.535011291503906,57.671443939208984,0.33611910307876919,2.0152386765074333
2024-09-10 Fsono3 day1 HC_ leaf area.xlsx,25,399.88088989257812,1.522,-1.1636748980760545,52.373215888924399,48.222076416015625,48.625595092773438,0.35738087890538589,2.0369542795236484
2024-09-10 Fsono3 day1 HC_ leaf area.xlsx,26,399.87261962890625,1.522,11.105819034393171,300.82279615558491,376.11557006835938,369.15237426757812,0.33692648222103799,2.015595389895374
2024-09-10 Fsono3 day1 HC_ leaf area.xlsx,27,250.67819213867188,1.522,7.2926714243581214,297.04374732114411,374.86868286132812,370.29718017578125,0.20092193382751106,1.8938045596520241
2024-09-10 Fsono3 day1 HC_ leaf area.xlsx,28,250.66168212890625,1.522,0.28513837825222582,95.660291289796675,102.13956451416016,101.76001739501953,0.20042379975898258,1.8886234941991571
2024-09-10 Fsono3 day1 HC_ leaf area.xlsx,29,250.69754028320312,1.522,0.19941857692193196,88.451958563290063,93.678741455078125,93.338600158691406,0.22530220640363674,1.9122758975281031
2024-09-10 Fsono3 day1 HC_ leaf area.xlsx,30,250.64073181152344,1.522,-0.13558410121448036,82.34711111943102,84.729545593261719,84.558441162109375,0.25179398124540864,1.9386455735340715
2024-09-10 Fsono3 day1 HC_ leaf area.xlsx,31,250.58622741699219,1.522,-0.38997662002813438,75.965545932533502,76.45965576171875,76.420539855957031,0.28120659135960019,1.9641991281803348
2024-09-10 Fsono3 day1 HC_ leaf area.xlsx,32,250.56207275390625,1.522,-0.90792760440575981,69.854282840846309,67.196136474609375,67.4256591796875,0.31111762792330344,1.9938265765464167
2024-09-10 Fsono3 day1 HC_ leaf area.xlsx,33,250.50587463378906,1.522,-1.196983975282691,61.973993765636997,57.623134613037109,58.020553588867188,0.33229774309721638,2.0121390075508678
2024-09-10 Fsono3 day1 HC_ leaf area.xlsx,34,250.50355529785156,1.522,-1.484357970576109,54.079535007045898,48.245109558105469,48.811367034912109,0.35692435856587212,2.0317064102750737
2024-09-10 Fsono3 day1 HC_ leaf area.xlsx,35,250.49288940429688,1.522,8.2854926789567518,314.24665178221977,375.50918579101562,369.97085571289062,0.32797029394945582,2.0109854036334438
2024-09-10 Fsono3 day1 HC_ leaf area.xlsx,36,150.9134521484375,1.522,4.168298722873506,318.16983827942727,373.90240478515625,371.00482177734375,0.17573448547804577,1.8628667857577965
2024-09-10 Fsono3 day1 HC_ leaf area.xlsx,37,150.92721557617188,1.522,-0.52460530824693952,102.43915578061998,101.46531677246094,101.51652526855469,0.17801095322654981,1.8618935964252741
2024-09-10 Fsono3 day1 HC_ leaf area.xlsx,38,150.93438720703125,1.522,-0.69900987468041753,95.490505115593734,93.215599060058594,93.349479675292969,0.20144540154379403,1.8852737051084696
2024-09-10 Fsono3 day1 HC_ leaf area.xlsx,39,150.91566467285156,1.522,-0.76483308698976027,86.923682146152018,84.462837219238281,84.626754760742188,0.23128139615747723,1.9117043938958522
2024-09-10 Fsono3 day1 HC_ leaf area.xlsx,40,150.94392395019531,1.522,-1.0514753144082272,79.7430944691246,75.609451293945312,75.916938781738281,0.26195717851753109,1.9422466228944395
2024-09-10 Fsono3 day1 HC_ leaf area.xlsx,41,150.85746765136719,1.522,-1.2985820857903996,72.059073098949156,66.631980895996094,67.073722839355469,0.29052810901725784,1.9651619440496724
2024-09-10 Fsono3 day1 HC_ leaf area.xlsx,42,150.86534118652344,1.522,-1.5476563001560011,63.960633217181595,57.243396759033203,57.829025268554688,0.31467204619935191,1.9829994876577985
2024-09-10 Fsono3 day1 HC_ leaf area.xlsx,43,150.8427734375,1.522,-1.8639851712154176,56.12207469189547,47.935901641845703,48.7015380859375,0.34172350721299355,2.0035543112578451
2024-09-10 Fsono3 day1 HC_ leaf area.xlsx,44,150.79264831542969,1.522,4.8847965223431187,331.78578916339831,375.14129638671875,371.37655639648438,0.31318820796286423,1.9824217382040805
2024-09-10 Fsono3 day1 HC_ leaf area.xlsx,45,100.88014221191406,1.522,2.4953792764474478,335.13388133466952,373.87933349609375,371.79965209960938,0.18201695003766241,1.851582483145001
2024-09-10 Fsono3 day1 HC_ leaf area.xlsx,46,100.89274597167969,1.522,-1.0125547115429199,106.64260886678905,101.28596496582031,101.57398223876953,0.18235444639284751,1.8512790253775893
2024-09-10 Fsono3 day1 HC_ leaf area.xlsx,47,100.90517425537109,1.522,-1.1083625339937215,99.006156947101644,93.488563537597656,93.820091247558594,0.20601409572059656,1.8728596518747509
2024-09-10 Fsono3 day1 HC_ leaf area.xlsx,48,100.89255523681641,1.522,-1.2334648420731023,90.610291838560656,84.830886840820312,85.222053527832031,0.23536426411613048,1.8991603371723904
2024-09-10 Fsono3 day1 HC_ leaf area.xlsx,49,100.87472534179688,1.522,-1.3857905135851749,82.212726913465815,75.985481262207031,76.454391479492188,0.26553933651886541,1.9264643618075643
2024-09-10 Fsono3 day1 HC_ leaf area.xlsx,50,100.87004089355469,1.522,-1.0956573457604446,71.277398295611619,67.247817993164062,67.57843017578125,0.29302396245422252,1.9503254484157659
2024-09-10 Fsono3 day1 HC_ leaf area.xlsx,51,100.87131500244141,1.522,-1.6669118781346941,64.858458843605206,57.610752105712891,58.250156402587891,0.31898424057774383,1.9674222743201535
2024-09-10 Fsono3 day1 HC_ leaf area.xlsx,52,100.83295440673828,1.522,-2.09927009756808,57.365672327470136,48.031208038330078,48.913219451904297,0.34558623757618984,1.9845357004857798
2024-09-10 Fsono3 day1 HC_ leaf area.xlsx,53,100.89003753662109,1.522,3.5451397343610562,340.98329553231849,375.96185302734375,372.83197021484375,0.32382071757902869,1.9660858466554201
2024-09-10 Fsono4 day1 HC_ leaf area.xlsx,1,1498.94091796875,1.585,26.6090561977819,267.88246017155689,399.963134765625,383.76806640625,0.4520089959516248,1.7219100184284617
2024-09-10 Fsono4 day1 HC_ leaf area.xlsx,2,1499.9951171875,1.585,19.656173858959804,203.61233155762488,300.0218505859375,288.00872802734375,0.46118419076536682,1.7337950999613967
2024-09-10 Fsono4 day1 HC_ leaf area.xlsx,3,1499.525634765625,1.585,12.385877228636923,141.318322102173,200.03184509277344,192.35665893554688,0.48993563624038539,1.7598248026590153
2024-09-10 Fsono4 day1 HC_ leaf area.xlsx,4,1499.1680908203125,1.585,3.6176530411854437,72.494833403322318,90.050926208496094,87.592369079589844,0.53508910448819813,1.798796171310445
2024-09-10 Fsono4 day1 HC_ leaf area.xlsx,5,1498.6917724609375,1.585,2.9658995713911254,65.968208188812341,79.983245849609375,77.90081787109375,0.57799302623140525,1.8359193317827884
2024-09-10 Fsono4 day1 HC_ leaf area.xlsx,6,1499.7911376953125,1.585,2.3875790626058166,58.983788359817495,70.149368286132812,68.417617797851562,0.611759594959839,1.8616111925353762
2024-09-10 Fsono4 day1 HC_ leaf area.xlsx,7,1499.367919921875,1.585,1.6227023074825973,51.986425687233556,59.942863464355469,58.672233581542969,0.63625592493036409,1.8786109157513129
2024-09-10 Fsono4 day1 HC_ leaf area.xlsx,8,1499.071044921875,1.585,0.87054423669527792,45.073842821116124,50.068397521972656,49.256301879882812,0.65197065674685684,1.8893319413051941
2024-09-10 Fsono4 day1 HC_ leaf area.xlsx,9,1498.866455078125,1.585,27.631630296231528,291.76080074094114,400.04476928710938,382.71356201171875,0.63801381054854422,1.8863771763336263
2024-09-10 Fsono4 day1 HC_ leaf area.xlsx,10,1500.0228271484375,1.585,27.345763212459936,279.74813194621868,399.88238525390625,382.95074462890625,0.53917064766250267,1.8217795099507785
2024-09-10 Fsono4 day1 HC_ leaf area.xlsx,11,1499.998779296875,1.585,26.62001868895652,270.65158776781584,399.99026489257812,383.73162841796875,0.46625918229157443,1.7463393395690363
2024-09-10 Fsono4 day1 HC_ leaf area.xlsx,12,1499.9432373046875,1.585,31.551705152173305,335.95233217387982,499.93402099609375,480.68746948242188,0.4281191965058424,1.7109630626856234
2024-09-10 Fsono4 day1 HC_ leaf area.xlsx,13,1499.73388671875,1.585,34.933149022655797,400.65473813931686,600.04998779296875,578.76007080078125,0.38140499515826276,1.6648373984948848
2024-09-10 Fsono4 day1 HC_ leaf area.xlsx,14,1499.564697265625,1.585,39.377856780244869,538.75312452925027,799.9246826171875,775.7706298828125,0.32132373848260448,1.608289594911912
2024-09-10 Fsono4 day1 HC_ leaf area.xlsx,15,1499.3916015625,1.585,43.745921118425706,791.11966561987856,1149.86328125,1122.703125,0.25484397330371783,1.5388779127188026
2024-09-10 Fsono4 day1 HC_ leaf area.xlsx,16,1499.3643798828125,1.585,45.610401494800826,1041.1225448650055,1500.1514892578125,1471.583251953125,0.20432143964479332,1.483788372823583
2024-09-10 Fsono4 day1 HC_ leaf area.xlsx,17,1499.4464111328125,1.585,18.175874969855986,228.8577393834444,400.03482055664062,389.29537963867188,0.20638740075632472,1.4749110432829329
2024-09-10 Fsono4 day1 HC_ leaf area.xlsx,18,400.8519287109375,1.585,12.149523301585466,293.46486403592081,395.8087158203125,388.0128173828125,0.25676202150040439,1.541729463636424
2024-09-10 Fsono4 day1 HC_ leaf area.xlsx,19,400.84054565429688,1.585,1.8696696009927687,92.717215261921382,109.04184722900391,107.62837219238281,0.29768809027735882,1.5844026654596091
2024-09-10 Fsono4 day1 HC_ leaf area.xlsx,20,400.74606323242188,1.585,1.6744047054803164,86.591564360382392,99.380546569824219,98.026832580566406,0.37758378680146049,1.6672300223936036
2024-09-10 Fsono4 day1 HC_ leaf area.xlsx,21,400.75601196289062,1.585,1.3181823330039542,79.49439291719267,89.188926696777344,88.0150146484375,0.44521104182656768,1.7307998977595997
2024-09-10 Fsono4 day1 HC_ leaf area.xlsx,22,400.66265869140625,1.585,0.80126665106950512,72.632320743527714,79.375694274902344,78.488700866699219,0.49388481760679676,1.7773620799973142
2024-09-10 Fsono4 day1 HC_ leaf area.xlsx,23,400.65777587890625,1.585,0.27829842020592827,65.259990772504437,69.382736206054688,68.808876037597656,0.53099963016465235,1.8042385239746945
2024-09-10 Fsono4 day1 HC_ leaf area.xlsx,24,400.64361572265625,1.585,-0.30475676784540123,57.720878013563002,59.232376098632812,59.012912750244141,0.56085978589256447,1.8248781324685259
2024-09-10 Fsono4 day1 HC_ leaf area.xlsx,25,400.49746704101562,1.585,-0.83732988501878192,49.996564158276911,49.239326477050781,49.352668762207031,0.58363938560829032,1.8431046412322611
2024-09-10 Fsono4 day1 HC_ leaf area.xlsx,26,400.5272216796875,1.585,14.383594087166321,326.61146665160879,395.1629638671875,385.01318359375,0.57532372890423311,1.835338040270668
2024-09-10 Fsono4 day1 HC_ leaf area.xlsx,27,250.34190368652344,1.585,9.4326643455446284,324.013414741872,395.29376220703125,388.61679077148438,0.32623248772666541,1.6086706976390561
2024-09-10 Fsono4 day1 HC_ leaf area.xlsx,28,250.34494018554688,1.585,1.2038507483521605,96.799700043185027,108.79161834716797,107.70074462890625,0.31519788104380347,1.5948837142422416
2024-09-10 Fsono4 day1 HC_ leaf area.xlsx,29,250.29095458984375,1.585,0.80345860130580882,90.412755124145178,99.230735778808594,98.352790832519531,0.35068912310642653,1.632804969854158
2024-09-10 Fsono4 day1 HC_ leaf area.xlsx,30,250.30809020996094,1.585,0.76587335343577934,81.278043584260786,88.988578796386719,88.155906677246094,0.38684953809385614,1.6590960823402565
2024-09-10 Fsono4 day1 HC_ leaf area.xlsx,31,250.30836486816406,1.585,0.18456116198432312,74.808481515285493,79.252296447753906,78.740219116210938,0.41857620546668084,1.7005135284760764
2024-09-10 Fsono4 day1 HC_ leaf area.xlsx,32,250.27897644042969,1.585,-0.27881367143217523,67.344861886864294,69.277862548828125,69.042304992675781,0.4485465459500258,1.7285919105882639
2024-09-10 Fsono4 day1 HC_ leaf area.xlsx,33,250.28399658203125,1.585,-0.84893769562822097,59.98946596107205,59.151248931884766,59.258235931396484,0.47536264187074989,1.7487800339088135
2024-09-10 Fsono4 day1 HC_ leaf area.xlsx,34,250.25657653808594,1.585,-1.2599362256947975,51.959359607853791,49.168224334716797,49.538730621337891,0.49960855281823235,1.7651533347593067
2024-09-10 Fsono4 day1 HC_ leaf area.xlsx,35,250.27383422851562,1.585,10.385573653796964,335.5900288528058,395.06320190429688,387.280517578125,0.49054505824894168,1.7570912793180615
2024-09-10 Fsono4 day1 HC_ leaf area.xlsx,36,151.40029907226562,1.585,5.8554952233341107,328.04427134745691,395.19384765625,390.92495727539062,0.20937607561900867,1.4617789274788082
2024-09-10 Fsono4 day1 HC_ leaf area.xlsx,37,151.39653015136719,1.585,0.54730250579909367,99.198111217083138,108.77281188964844,108.1585693359375,0.21154633902672651,1.4583959165147971
2024-09-10 Fsono4 day1 HC_ leaf area.xlsx,38,151.40670776367188,1.585,0.39798038381607281,91.81731088281991,99.183792114257812,98.625465393066406,0.25528212973720871,1.5057422972195127
2024-09-10 Fsono4 day1 HC_ leaf area.xlsx,39,151.35748291015625,1.585,-3.9247157575516341E-2,85.1636789923582,89.055816650390625,88.701934814453125,0.31499422818002865,1.5702263200343731
2024-09-10 Fsono4 day1 HC_ leaf area.xlsx,40,151.33010864257812,1.585,-0.58620105025139668,78.694298925370305,79.296348571777344,79.235244750976562,0.35883459129608974,1.6112686823575642
2024-09-10 Fsono4 day1 HC_ leaf area.xlsx,41,151.29911804199219,1.585,-0.78346526396066263,69.879035882812062,69.327972412109375,69.388664245605469,0.39596304494220913,1.6473459551286942
2024-09-10 Fsono4 day1 HC_ leaf area.xlsx,42,151.27394104003906,1.585,-1.0679268084464437,61.286984770629388,59.227291107177734,59.472553253173828,0.43596410101610383,1.6711499567724968
2024-09-10 Fsono4 day1 HC_ leaf area.xlsx,43,151.2906494140625,1.585,-1.516522773122756,53.361105009117765,49.209053039550781,49.727680206298828,0.46256663496822775,1.7009190901051334
2024-09-10 Fsono4 day1 HC_ leaf area.xlsx,44,151.26618957519531,1.585,6.4053256409359713,349.37112130077458,395.07339477539062,389.46878051757812,0.45187696195923438,1.7000594118658046
2024-09-10 Fsono4 day1 HC_ leaf area.xlsx,45,98.943954467773438,1.585,3.6631280764171659,346.53619416554835,395.21865844726562,392.08169555664062,0.21252762344323584,1.4346575206816341
2024-09-10 Fsono4 day1 HC_ leaf area.xlsx,46,98.949905395507812,1.585,-8.4986295637120943E-2,104.37080258202407,108.807373046875,108.51296997070312,0.21966139382961969,1.4358682511207008
2024-09-10 Fsono4 day1 HC_ leaf area.xlsx,47,98.963600158691406,1.585,-0.33818084928987602,96.829473087176837,99.167892456054688,98.990036010742188,0.25622163828001582,1.4765022983185845
2024-09-10 Fsono4 day1 HC_ leaf area.xlsx,48,98.957862854003906,1.585,-0.583915907460127,88.310928766019899,89.04791259765625,88.982246398925781,0.30753782970782001,1.5291119178314403
2024-09-10 Fsono4 day1 HC_ leaf area.xlsx,49,98.957504272460938,1.585,-0.76337904682198998,79.564440301803998,79.238937377929688,79.271377563476562,0.35097478798821696,1.5689610448765599
2024-09-10 Fsono4 day1 HC_ leaf area.xlsx,50,98.941116333007812,1.585,-1.0587343857751064,71.24057791709626,69.315757751464844,69.523956298828125,0.38728482872583869,1.5989267392301698
2024-09-10 Fsono4 day1 HC_ leaf area.xlsx,51,98.953041076660156,1.585,-1.3995314852951124,62.805406600189215,59.186359405517578,59.604274749755859,0.41941985012221972,1.6269329318863166
2024-09-10 Fsono4 day1 HC_ leaf area.xlsx,52,98.883201599121094,1.585,-1.7432069217031998,54.454888841186694,49.192173004150391,49.831748962402344,0.44678075280917823,1.6474660688263829
2024-09-12 Fsono3 day3 pt2 LC_ leaf area.xlsx,18,399.7559814453125,1.3069999999999999,11.922069006722426,260.00673899284607,396.20327758789062,387.353515625,0.17224860652953597,1.8171823047438957
2024-09-12 Fsono3 day3 pt2 LC_ leaf area.xlsx,19,399.70223999023438,1.3069999999999999,1.552737064972699,91.581199116714927,109.91922760009766,108.57395172119141,0.19722275634023964,1.8527623541293432
2024-09-12 Fsono3 day3 pt2 LC_ leaf area.xlsx,20,399.72979736328125,1.3069999999999999,1.9203649689223921,83.910269595784456,100.36708831787109,98.715522766113281,0.28267422968860112,1.9505134961223229
2024-09-12 Fsono3 day3 pt2 LC_ leaf area.xlsx,21,399.59930419921875,1.3069999999999999,1.6918918524113995,78.074264298452135,90.135879516601562,88.574516296386719,0.38412911769440689,2.063318974832073
2024-09-12 Fsono3 day3 pt2 LC_ leaf area.xlsx,22,399.626220703125,1.3069999999999999,1.296673316381888,71.479092623247055,80.348800659179688,79.041481018066406,0.45230338460284336,2.1327350640055958
2024-09-12 Fsono3 day3 pt2 LC_ leaf area.xlsx,23,399.7095947265625,1.3069999999999999,0.88972290295412926,64.023391187163483,70.383216857910156,69.370384216308594,0.50002690934012728,2.1745317849106502
2024-09-12 Fsono3 day3 pt2 LC_ leaf area.xlsx,24,399.502197265625,1.3069999999999999,0.32454451432666998,56.677810727185481,60.245861053466797,59.643295288085938,0.54037772919372984,2.2080609954670072
2024-09-12 Fsono3 day3 pt2 LC_ leaf area.xlsx,25,399.58731079101562,1.3069999999999999,0.12799055954118188,47.989213077921804,50.339576721191406,49.916294097900391,0.58952975763297966,2.2345960712136876
2024-09-12 Fsono3 day3 pt2 LC_ leaf area.xlsx,26,399.4346923828125,1.3069999999999999,14.9357504217264,321.53673083137494,395.6348876953125,383.39450073242188,0.52466664674342833,2.1991321356042461
2024-09-12 Fsono3 day3 pt2 LC_ leaf area.xlsx,27,249.68740844726562,1.3069999999999999,9.2503448264412285,272.94799590071449,395.70068359375,388.72491455078125,0.14865114148887076,1.8009472689348331
2024-09-12 Fsono3 day3 pt2 LC_ leaf area.xlsx,28,249.67137145996094,1.3069999999999999,0.9276016602203252,93.934651194176809,109.65973663330078,108.80684661865234,0.14128999335723963,1.793684626001661
2024-09-12 Fsono3 day3 pt2 LC_ leaf area.xlsx,29,249.65890502929688,1.3069999999999999,1.0514233718805512,85.141920123218256,100.05353546142578,99.108512878417969,0.16763403357604315,1.8312823989175959
2024-09-12 Fsono3 day3 pt2 LC_ leaf area.xlsx,30,249.64329528808594,1.3069999999999999,1.0553243588938312,78.16504502910297,89.985877990722656,88.994537353515625,0.22958924302728956,1.9139552003555
2024-09-12 Fsono3 day3 pt2 LC_ leaf area.xlsx,31,249.61611938476562,1.3069999999999999,0.75734406311984925,72.600567561549909,80.224517822265625,79.380485534667969,0.31760447621274107,2.0185462458468684
2024-09-12 Fsono3 day3 pt2 LC_ leaf area.xlsx,32,249.57023620605469,1.3069999999999999,0.57043159802939247,64.791850696762239,70.341026306152344,69.610496520996094,0.39239175088486677,2.0965762038069808
2024-09-12 Fsono3 day3 pt2 LC_ leaf area.xlsx,33,249.5897216796875,1.3069999999999999,4.5255378285248345E-2,57.614453978347612,60.145378112792969,59.771205902099609,0.45414811793670107,2.1619321408746766
2024-09-12 Fsono3 day3 pt2 LC_ leaf area.xlsx,34,249.50067138671875,1.3069999999999999,-0.45016318253157206,50.056346939118683,50.164207458496094,50.146774291992188,0.50997437616843655,2.2105464542371336
2024-09-12 Fsono3 day3 pt2 LC_ leaf area.xlsx,35,249.56974792480469,1.3069999999999999,11.489478234420748,335.69709952068263,395.6937255859375,385.75262451171875,0.52709213398899768,2.2206770304462409
2024-09-12 Fsono3 day3 pt2 LC_ leaf area.xlsx,36,150.919677734375,1.3069999999999999,6.4816854722432344,299.40527637893064,395.57223510742188,390.4765625,0.13778275505988546,1.8314810291771282
2024-09-12 Fsono3 day3 pt2 LC_ leaf area.xlsx,37,150.94950866699219,1.3069999999999999,0.44718156758061178,99.275996590472218,109.56224822998047,109.04524993896484,0.13014753469303808,1.8231908141039022
2024-09-12 Fsono3 day3 pt2 LC_ leaf area.xlsx,38,150.98184204101562,1.3069999999999999,0.57141087616638053,89.712137094507611,99.953849792480469,99.342292785644531,0.15705411508096415,1.8602256212501671
2024-09-12 Fsono3 day3 pt2 LC_ leaf area.xlsx,39,150.95787048339844,1.3069999999999999,0.34444899401662804,83.53796346854665,89.819496154785156,89.303123474121094,0.22449949148289502,1.9488330941885943
2024-09-12 Fsono3 day3 pt2 LC_ leaf area.xlsx,40,150.88470458984375,1.3069999999999999,0.15483612464963095,76.026612657430036,80.09930419921875,79.665252685546875,0.3035974758012368,2.0436219915646361
2024-09-12 Fsono3 day3 pt2 LC_ leaf area.xlsx,41,150.90339660644531,1.3069999999999999,-0.15976822189061995,68.317954209158529,70.168609619140625,69.941291809082031,0.36030639043084373,2.1045012910766965
2024-09-12 Fsono3 day3 pt2 LC_ leaf area.xlsx,42,150.88404846191406,1.3069999999999999,-0.50435151331696715,60.19444985886188,60.064155578613281,60.081802368164062,0.4066223037833202,2.1546333701871334
2024-09-12 Fsono3 day3 pt2 LC_ leaf area.xlsx,43,150.88191223144531,1.3069999999999999,-0.80330069472923393,51.778064389861271,50.112174987792969,50.357002258300781,0.45097297420219196,2.1976959613021609
2024-09-12 Fsono3 day3 pt2 LC_ leaf area.xlsx,44,150.8594970703125,1.3069999999999999,7.6096788650815945,346.29286066807242,395.49307250976562,388.36920166015625,0.44241122603608413,2.1991041558978903
2024-09-12 Fsono3 day3 pt2 LC_ leaf area.xlsx,45,98.630035400390625,1.3069999999999999,4.1726005548521741,314.35611942220447,395.48550415039062,392.09896850585938,0.10668000547105153,1.8359198724287853
2024-09-12 Fsono3 day3 pt2 LC_ leaf area.xlsx,46,98.671897888183594,1.3069999999999999,2.0493203964127366E-2,104.86545558494954,109.57670593261719,109.39624786376953,9.7365677997729688E-2,1.8257217026236758
2024-09-12 Fsono3 day3 pt2 LC_ leaf area.xlsx,47,98.6546630859375,1.3069999999999999,5.7417098064889809E-2,95.102234585710647,99.9365234375,99.724510192871094,0.1124738307716605,1.8494586567452642
2024-09-12 Fsono3 day3 pt2 LC_ leaf area.xlsx,48,98.642593383789062,1.3069999999999999,-4.4480043920577993E-2,86.806599212639114,89.824630737304688,89.656333923339844,0.14577946795827498,1.8960835426150151
2024-09-12 Fsono3 day3 pt2 LC_ leaf area.xlsx,49,98.667007446289062,1.3069999999999999,-0.12206962872770098,78.10263518992069,80.092491149902344,79.951515197753906,0.18988881200085933,1.9549674623853062
2024-09-12 Fsono3 day3 pt2 LC_ leaf area.xlsx,50,98.709213256835938,1.3069999999999999,-0.42184356221907748,70.640942234589332,70.112373352050781,70.157058715820312,0.2318874619916943,2.0110010895367885
2024-09-12 Fsono3 day3 pt2 LC_ leaf area.xlsx,51,100.51139068603516,1.3069999999999999,-0.76310587762287652,62.637695223000918,59.833209991455078,60.107131958007812,0.27407114726128973,2.0580377000358565
2024-09-12 Fsono3 day3 pt2 LC_ leaf area.xlsx,52,100.67019653320312,1.3069999999999999,-0.81747578506136853,52.852308800108041,49.969959259033203,50.29193115234375,0.32131490823325776,2.1048631409430527
2024-09-12 Fsono3 day3 pt2 LC_ leaf area.xlsx,53,100.65314483642578,1.3069999999999999,5.1019302185649638,350.96885168838872,395.28875732421875,390.2467041015625,0.32834080508037727,2.1157181542102479
2024-09-12 Fsono3 LC day3_ leaf area.xlsx,1,1499.1500244140625,1.3069999999999999,18.465352836912665,194.73016775608431,400.0316162109375,386.95123291015625,0.1682876729639452,1.9499205553553767
2024-09-12 Fsono3 LC day3_ leaf area.xlsx,2,1498.621826171875,1.3069999999999999,14.018459595158557,154.90247745496987,300.04721069335938,290.08526611328125,0.18306363021184807,1.9755332555403002
2024-09-12 Fsono3 LC day3_ leaf area.xlsx,3,1499.372314453125,1.3069999999999999,10.064454172690935,119.98740481315365,200.05241394042969,192.78189086914062,0.25142857456519463,2.0634280306993023
2024-09-12 Fsono3 LC day3_ leaf area.xlsx,4,1499.2205810546875,1.3069999999999999,3.9716235100118582,65.352283624607097,90.291427612304688,87.290077209472656,0.35117757903596125,2.1749906994774939
2024-09-12 Fsono3 LC day3_ leaf area.xlsx,5,1498.79345703125,1.3069999999999999,3.6102429879194711,61.311369179596092,79.952095031738281,77.156837463378906,0.46211961606839297,2.2766251603142882
2024-09-12 Fsono3 LC day3_ leaf area.xlsx,6,1498.89501953125,1.3069999999999999,2.4632350972060717,57.433296553007835,69.641105651855469,67.614273071289062,0.52832743640760405,2.3364846962542942
2024-09-12 Fsono3 LC day3_ leaf area.xlsx,7,1499.38330078125,1.3069999999999999,1.5674755635301238,50.390414275131,58.261760711669922,56.866470336914062,0.57682890663830388,2.3771364084975795
2024-09-12 Fsono3 LC day3_ leaf area.xlsx,8,1499.1815185546875,1.3069999999999999,0.6389280451875422,45.495969219508396,49.518798828125,48.770011901855469,0.61646355969397815,2.4098594552628345
2024-09-12 Fsono3 LC day3_ leaf area.xlsx,9,1498.7442626953125,1.3069999999999999,27.846302344621986,276.34660203464483,399.38619995117188,378.81976318359375,0.53252785610762254,2.350803975266448
2024-09-12 Fsono3 LC day3_ leaf area.xlsx,10,1499.6162109375,1.3069999999999999,24.325564966742242,231.19622740115048,399.91281127929688,382.49554443359375,0.29261237041609439,2.1426387543160965
2024-09-12 Fsono3 LC day3_ leaf area.xlsx,11,1499.3443603515625,1.3069999999999999,21.706771678532657,213.52349393639571,400.42135620117188,385.01126098632812,0.22530412040043241,2.0661933460127329
2024-09-12 Fsono3 LC day3_ leaf area.xlsx,12,1499.372802734375,1.3069999999999999,24.099331766100921,258.26613358250336,499.83084106445312,482.8446044921875,0.18917970393501318,2.0245953819929272
2024-09-12 Fsono3 LC day3_ leaf area.xlsx,13,1499.0799560546875,1.3069999999999999,26.151708740962373,286.38844038108829,600.14385986328125,581.68304443359375,0.15424643267055518,1.9889932113757822
2024-09-12 Fsono3 LC day3_ leaf area.xlsx,14,1498.7933349609375,1.3069999999999999,31.01372661965512,354.67992348879608,800.2374267578125,778.4945068359375,0.12622201588656606,1.9564576611003868
2024-09-12 Fsono3 LC day3_ leaf area.xlsx,15,1499.7174072265625,1.3069999999999999,33.403003817942079,529.13987531459418,1150.654541015625,1127.2164306640625,9.607587476433907E-2,1.9191240754691534
2024-09-12 Fsono3 LC day3_ leaf area.xlsx,16,1499.7041015625,1.3069999999999999,34.993211096831722,708.8789995750534,1501.09130859375,1476.434814453125,7.829553285229357E-2,1.8978535159937746
2024-09-12 Fsono3 LC day3_ leaf area.xlsx,17,1499.262939453125,1.3069999999999999,7.8888362929350873,246.06184927897976,401.13946533203125,395.41619873046875,9.3655017182101855E-2,1.9261274633578724
2024-09-12 Fsono4 day3 LC_ leaf area.xlsx,1,1498.6427001953125,1.6739999999999999,25.532277299516291,253.14068197758692,400.09735107421875,376.23867797851562,0.39252366386822973,2.1144822295667107
2024-09-12 Fsono4 day3 LC_ leaf area.xlsx,2,1499.9007568359375,1.6739999999999999,19.361004815749496,194.2013354888804,299.88131713867188,281.70587158203125,0.4231604691981074,2.1513934203644456
2024-09-12 Fsono4 day3 LC_ leaf area.xlsx,3,1499.5142822265625,1.6739999999999999,12.6699409118056,136.09227421899385,199.98988342285156,187.96022033691406,0.47747263332116158,2.2084216537528119
2024-09-12 Fsono4 day3 LC_ leaf area.xlsx,4,1499.134033203125,1.6739999999999999,4.1057558199634245,70.223664371594509,89.9281005859375,85.78045654296875,0.55732097813421067,2.2799575824292551
2024-09-12 Fsono4 day3 LC_ leaf area.xlsx,5,1498.5927734375,1.6739999999999999,3.6889999282641233,63.504061341043617,79.930068969726562,76.157745361328125,0.63184870717503261,2.3492192000233043
2024-09-12 Fsono4 day3 LC_ leaf area.xlsx,6,1500.18505859375,1.6739999999999999,3.1533433827628476,57.368544227263591,70.109611511230469,66.823516845703125,0.75345007569650091,2.4170093405202495
2024-09-12 Fsono4 day3 LC_ leaf area.xlsx,7,1499.4464111328125,1.6739999999999999,2.2080074175842763,50.852453848851376,59.869960784912109,57.410369873046875,0.82268458929765376,2.5128113551754505
2024-09-12 Fsono4 day3 LC_ leaf area.xlsx,8,1499.1986083984375,1.6739999999999999,1.4152081349768697,43.960121274338185,50.022361755371094,48.318996429443359,0.86366698510857876,2.5244439188131071
2024-09-12 Fsono4 day3 LC_ leaf area.xlsx,9,1498.99462890625,1.6739999999999999,28.745846312965035,299.24915143701958,399.93429565429688,371.924072265625,0.8496978728407808,2.5099234035732225
2024-09-12 Fsono4 day3 LC_ leaf area.xlsx,10,1498.7552490234375,1.6739999999999999,27.357319975182499,283.27919910565657,399.99172973632812,373.67147827148438,0.61491108668062799,2.3701530122441472
2024-09-12 Fsono4 day3 LC_ leaf area.xlsx,11,1499.1082763671875,1.6739999999999999,26.364361397141767,273.52828790673169,399.87457275390625,374.83535766601562,0.51224314540919502,2.2528555006814712
2024-09-12 Fsono4 day3 LC_ leaf area.xlsx,12,1499.13037109375,1.6739999999999999,30.926217899427055,343.06709288514787,499.86398315429688,470.48953247070312,0.47442814984705534,2.2045399755645341
2024-09-12 Fsono4 day3 LC_ leaf area.xlsx,13,1498.8446044921875,1.6739999999999999,33.53862471847728,406.10809845473324,599.96466064453125,568.1063232421875,0.39878761733829832,2.133468629456591
2024-09-12 Fsono4 day3 LC_ leaf area.xlsx,14,1498.7216796875,1.6739999999999999,38.023285666998987,522.4591988611362,799.91937255859375,763.7454833984375,0.29768392711338326,2.0400325805829196
2024-09-12 Fsono4 day3 LC_ leaf area.xlsx,15,1499.0408935546875,1.6739999999999999,41.997836949353683,774.86452153313235,1150.1461181640625,1110.139404296875,0.23422778324257407,1.9119875322703446
2024-09-12 Fsono4 day3 LC_ leaf area.xlsx,16,1498.677490234375,1.6739999999999999,44.799923256381668,1030.4943595540972,1499.9378662109375,1456.6895751953125,0.19757487565117909,1.8706511904393264
2024-09-12 Fsono4 day3 LC_ leaf area.xlsx,17,1500.054443359375,1.6739999999999999,16.723694474434765,226.8187227553924,400.1278076171875,384.6912841796875,0.19015921150630871,1.8523906596807065
2024-09-12 Fsono4 day3 LC_ leaf area.xlsx,18,399.90426635742188,1.6739999999999999,12.058624762472007,267.92541501350547,395.83837890625,384.2916259765625,0.1931214478073382,1.8575677662321104
2024-09-12 Fsono4 day3 LC_ leaf area.xlsx,19,399.9091796875,1.6739999999999999,2.2896475365724926,89.623733445356194,109.44115447998047,106.98690032958984,0.2800344472151689,1.9807017922714876
2024-09-12 Fsono4 day3 LC_ leaf area.xlsx,20,399.74468994140625,1.6739999999999999,2.2981237313485821,84.374572912107965,99.771591186523438,97.195533752441406,0.40827321852767773,2.1449997004528267
2024-09-12 Fsono4 day3 LC_ leaf area.xlsx,21,399.700927734375,1.6739999999999999,1.9492380945115904,77.453909604965375,89.553810119628906,87.270439147949219,0.47919264700950481,2.2178806351933744
2024-09-12 Fsono4 day3 LC_ leaf area.xlsx,22,399.70803833007812,1.6739999999999999,1.4833758381198889,70.744179044618392,79.739273071289062,77.862403869628906,0.55060453603265225,2.2849551147657623
2024-09-12 Fsono4 day3 LC_ leaf area.xlsx,23,399.79531860351562,1.6739999999999999,1.0222208275830968,63.412552451727102,69.802024841308594,68.344047546386719,0.62617400299390369,2.3487484338287032
2024-09-12 Fsono4 day3 LC_ leaf area.xlsx,24,399.58920288085938,1.6739999999999999,0.32171497827730144,56.282349264779988,59.689998626708984,58.871376037597656,0.67570368645528212,2.399603107368486
2024-09-12 Fsono4 day3 LC_ leaf area.xlsx,25,399.64749145507812,1.6739999999999999,-0.2361178472776522,48.582116027507595,49.692569732666016,49.417835235595703,0.70647380933641624,2.4211901317481681
2024-09-12 Fsono4 day3 LC_ leaf area.xlsx,26,399.67745971679688,1.6739999999999999,15.462403923116284,325.16273730901975,395.30010986328125,378.87216186523438,0.6505948669220033,2.3806919889072886
2024-09-12 Fsono4 day3 LC_ leaf area.xlsx,27,250.00466918945312,1.6739999999999999,8.933413040695692,301.50581620633488,395.49676513671875,386.4630126953125,0.20754320919892583,1.8742450869765308
2024-09-12 Fsono4 day3 LC_ leaf area.xlsx,28,249.89144897460938,1.6739999999999999,1.3236543488306416,93.063593996893232,109.33688354492188,107.79680633544922,0.2038298239487514,1.8833006619821244
2024-09-12 Fsono4 day3 LC_ leaf area.xlsx,29,249.73771667480469,1.6739999999999999,1.3372797938557517,85.295394698545863,99.828857421875,98.267608642578125,0.23625381081795341,1.9366083680279553
2024-09-12 Fsono4 day3 LC_ leaf area.xlsx,30,249.66046142578125,1.6739999999999999,1.168993675013815,78.080622842745555,89.667564392089844,88.241104125976562,0.27798734683585902,1.9920595211419714
2024-09-12 Fsono4 day3 LC_ leaf area.xlsx,31,249.6640625,1.6739999999999999,0.77960286312033267,72.213310988313779,79.9876708984375,78.876091003417969,0.33407164609103474,2.0644350354238412
2024-09-12 Fsono4 day3 LC_ leaf area.xlsx,32,249.69499206542969,1.6739999999999999,0.46310398913461664,64.918452995264204,70.097496032714844,69.263648986816406,0.38843681765767574,2.130075439408436
2024-09-12 Fsono4 day3 LC_ leaf area.xlsx,33,249.74551391601562,1.6739999999999999,-4.4888035913950991E-3,57.662702014813185,59.978622436523438,59.562995910644531,0.44792701669026141,2.1941725705860882
2024-09-12 Fsono4 day3 LC_ leaf area.xlsx,34,249.61231994628906,1.6739999999999999,-0.63590786237573349,50.735986738001905,50.014827728271484,50.156948089599609,0.50839212743526774,2.2704681804401043
2024-09-12 Fsono4 day3 LC_ leaf area.xlsx,35,249.66189575195312,1.6739999999999999,11.143995677108155,332.55872706257543,395.56640625,383.30563354492188,0.49972941409910815,2.2565801281684545
2024-09-12 Fsono4 day3 LC_ leaf area.xlsx,36,151.03189086914062,1.6739999999999999,5.964663701751844,308.82864633067459,395.53155517578125,389.3648681640625,0.14760768923715012,1.8123913375192497
2024-09-12 Fsono4 day3 LC_ leaf area.xlsx,37,150.99311828613281,1.6739999999999999,0.49715965815438218,99.173691394397778,109.52004241943359,108.77747344970703,0.14913753509827729,1.812502424298873
2024-09-12 Fsono4 day3 LC_ leaf area.xlsx,38,150.98516845703125,1.6739999999999999,0.62390818022413264,90.086213541013151,100.01224517822266,99.12603759765625,0.19075740459004845,1.8813798312949948
2024-09-12 Fsono4 day3 LC_ leaf area.xlsx,39,150.9415283203125,1.6739999999999999,0.43140308661610599,83.192624981785642,89.865753173828125,89.076560974121094,0.26495694104469847,1.9967813993910095
2024-09-12 Fsono4 day3 LC_ leaf area.xlsx,40,150.90156555175781,1.6739999999999999,0.30141969141655706,75.292650804237027,80.118309020996094,79.396331787109375,0.35382058932486177,2.1112041285696614
2024-09-12 Fsono4 day3 LC_ leaf area.xlsx,41,150.92265319824219,1.6739999999999999,-7.3781312346203554E-2,67.791549561297074,70.184478759765625,69.776473999023438,0.41855610187348069,2.1980009620592171
2024-09-12 Fsono4 day3 LC_ leaf area.xlsx,42,150.8714599609375,1.6739999999999999,-0.50904716010695772,60.139416752331336,60.175872802734375,60.169155120849609,0.46412309394048956,2.2521396128294584
2024-09-12 Fsono4 day3 LC_ leaf area.xlsx,43,150.90242004394531,1.6739999999999999,-0.85896763717764668,51.9053595422439,50.189479827880859,50.527244567871094,0.50784456167459469,2.2954045040020721
2024-09-12 Fsono4 day3 LC_ leaf area.xlsx,44,150.84251403808594,1.6739999999999999,7.338879028171001,348.0030831075245,395.622802734375,386.6416015625,0.47892602946517587,2.280307855759951
2024-09-12 Fsono4 day3 LC_ leaf area.xlsx,45,100.51879119873047,1.6739999999999999,3.9321458677395458,324.08429965533713,395.85806274414062,391.59475708007812,0.12110603517305117,1.8236594883162616
2024-09-12 Fsono4 day3 LC_ leaf area.xlsx,46,100.49356079101562,1.6739999999999999,4.3080546781563103E-2,104.73939398682991,109.88088226318359,109.56983947753906,0.12357100179206341,1.8315190805058228
2024-09-12 Fsono4 day3 LC_ leaf area.xlsx,47,100.49411773681641,1.6739999999999999,0.10416863383427283,95.0365264459451,100.2705078125,99.8809814453125,0.15537393219142417,1.8868098676305236
2024-09-12 Fsono4 day3 LC_ leaf area.xlsx,48,100.47414398193359,1.6739999999999999,-1.6419165441065635E-2,86.737656218338586,90.180892944335938,89.845359802246094,0.21106054494611443,1.9740823898381787
2024-09-12 Fsono4 day3 LC_ leaf area.xlsx,49,100.50287628173828,1.6739999999999999,-0.21260538554602124,78.751383551356923,80.518646240234375,80.298095703125,0.28280787307729688,2.0797408888262869
2024-09-12 Fsono4 day3 LC_ leaf area.xlsx,50,100.46206665039062,1.6739999999999999,-0.48902612004544294,70.558562636323089,70.584922790527344,70.580970764160156,0.35482344926984744,2.1680509993809975
2024-09-12 Fsono4 day3 LC_ leaf area.xlsx,51,100.50527954101562,1.6739999999999999,-0.71258322496240811,61.75109578665932,60.455009460449219,60.668666839599609,0.40080270753984981,2.2149174002255312
2024-09-12 Fsono4 day3 LC_ leaf area.xlsx,52,100.53162384033203,1.6739999999999999,-1.0621767774066471,53.6090559303791,50.539340972900391,51.083282470703125,0.44064520740947621,2.2650219004720276
2024-09-12 Fsono4 day3 LC_ leaf area.xlsx,53,100.52264404296875,1.6739999999999999,4.8565683723159951,355.95332166052793,395.91409301757812,389.3575439453125,0.39825293966625774,2.2276492094971765
2024-09-14 Fsono3 day5 HC_ leaf area.xlsx,1,1498.89111328125,1.6,24.042496421700939,274.75804616479235,399.93563842773438,385.5072021484375,0.41759774303418579,2.1704686758238823
2024-09-14 Fsono3 day5 HC_ leaf area.xlsx,2,1498.6812744140625,1.6,18.260747478442529,210.19073045055924,299.93063354492188,288.921630859375,0.45110706554012592,2.2001037715705754
2024-09-14 Fsono3 day5 HC_ leaf area.xlsx,3,1499.837158203125,1.6,11.808557657734962,145.67508847557551,200.01025390625,192.80203247070312,0.49781659054268407,2.2391370256975645
2024-09-14 Fsono3 day5 HC_ leaf area.xlsx,4,1499.6536865234375,1.6,3.6820254404816102,73.516288278516413,90.028602600097656,87.612289428710938,0.5649998466909163,2.2864775334666776
2024-09-14 Fsono3 day5 HC_ leaf area.xlsx,5,1499.33056640625,1.6,3.1741163746058128,66.455523895955366,79.931236267089844,77.805412292480469,0.62399505401823441,2.3308050975613295
2024-09-14 Fsono3 day5 HC_ leaf area.xlsx,6,1499.1143798828125,1.6,2.4619379482402852,59.493828474617764,69.935943603515625,68.231178283691406,0.65353647055076658,2.3528963501488325
2024-09-14 Fsono3 day5 HC_ leaf area.xlsx,7,1499,1.6,1.8155679264628568,52.09592954473014,60.020839691162109,58.711799621582031,0.66402335216444341,2.3632995956400409
2024-09-14 Fsono3 day5 HC_ leaf area.xlsx,8,1498.8878173828125,1.6,0.9732631077318763,45.000720119306848,49.862751007080078,49.057590484619141,0.66633255446232054,2.3693135035488666
2024-09-14 Fsono3 day5 HC_ leaf area.xlsx,9,1498.7506103515625,1.6,25.138194426234421,299.64450436508747,400.06069946289062,384.5570068359375,0.60626395806437561,2.3416145840014213
2024-09-14 Fsono3 day5 HC_ leaf area.xlsx,10,1498.635009765625,1.6,24.00214565903563,278.17889681482933,400.06280517578125,385.590576171875,0.43307553622791573,2.2355983238049957
2024-09-14 Fsono3 day5 HC_ leaf area.xlsx,11,1498.686767578125,1.6,23.445203732929912,273.53660709708811,399.9818115234375,385.94052124023438,0.3990625710734384,2.2043095095116003
2024-09-14 Fsono3 day5 HC_ leaf area.xlsx,12,1498.7894287109375,1.6,28.221465832412346,345.6965475263957,499.94815063476562,482.99929809570312,0.39398616372303391,2.2011885484325466
2024-09-14 Fsono3 day5 HC_ leaf area.xlsx,13,1498.6263427734375,1.6,31.506022655847353,418.37229270573187,599.99151611328125,581.003662109375,0.37097835360634129,2.1859955542924001
2024-09-14 Fsono3 day5 HC_ leaf area.xlsx,14,1500.1337890625,1.6,35.895101372316979,568.815333724261,800.0347900390625,778.20684814453125,0.32849934495957495,2.1551857535296586
2024-09-14 Fsono3 day5 HC_ leaf area.xlsx,15,1499.9876708984375,1.6,39.947062751156473,831.38560323478225,1149.8804931640625,1125.3292236328125,0.2596179798589594,2.0987433449731614
2024-09-14 Fsono3 day5 HC_ leaf area.xlsx,16,1500.1070556640625,1.6,41.629290945051324,1117.8306637540061,1500.076904296875,1474.2003173828125,0.22420375099274301,2.0598334560719085
2024-09-14 Fsono3 day5 HC_ leaf area.xlsx,17,1500.022216796875,1.6,18.497098694006709,253.48690568243347,400.08822631835938,389.18264770507812,0.24944838073510825,2.0841966972060617
2024-09-14 Fsono3 day5 HC_ leaf area.xlsx,18,399.99520874023438,1.6,10.956206317951727,282.56959777497798,396.100341796875,389.4217529296875,0.19180634523590603,2.0318249177252583
2024-09-14 Fsono3 day5 HC_ leaf area.xlsx,19,399.9921875,1.6,1.8850382141292432,92.734388503479053,108.95944213867188,107.63986206054688,0.27632297273713702,2.1078556719277985
2024-09-14 Fsono3 day5 HC_ leaf area.xlsx,20,399.89776611328125,1.6,1.7145836279586344,89.449858364006943,99.396835327148438,97.995101928710938,0.53810205786639953,2.3085347600863315
2024-09-14 Fsono3 day5 HC_ leaf area.xlsx,21,399.86257934570312,1.6,1.4313849638788907,80.46671961190269,89.045303344726562,87.845497131347656,0.53281514269251373,2.3114390319184168
2024-09-14 Fsono3 day5 HC_ leaf area.xlsx,22,399.8497314453125,1.6,1.012920909136404,72.331358674210705,79.188087463378906,78.275146484375,0.50025021639982525,2.2925519909597498
2024-09-14 Fsono3 day5 HC_ leaf area.xlsx,23,399.89071655273438,1.6,0.59349552965585706,64.482723372279409,69.235115051269531,68.58685302734375,0.51603631649920345,2.3003194769796247
2024-09-14 Fsono3 day5 HC_ leaf area.xlsx,24,399.87994384765625,1.6,9.6584556723663298E-2,56.709644391882712,59.118827819824219,58.766895294189453,0.56394568854233718,2.3266140358175327
2024-09-14 Fsono3 day5 HC_ leaf area.xlsx,25,399.81155395507812,1.6,-0.49026857474815572,49.115214642914772,49.153907775878906,49.147998809814453,0.59768989590029242,2.3578674463991773
2024-09-14 Fsono3 day5 HC_ leaf area.xlsx,26,399.8077392578125,1.6,13.501097786402671,332.13314139192943,395.46060180664062,386.26425170898438,0.55935691104662988,2.3377578436553303
2024-09-14 Fsono3 day5 HC_ leaf area.xlsx,27,248.86660766601562,1.6,9.0512774575418735,321.48489218628754,395.68771362304688,389.73638916015625,0.27189765382064646,2.114696011305321
2024-09-14 Fsono3 day5 HC_ leaf area.xlsx,28,248.92535400390625,1.6,1.5110611484253356,95.037906529538219,108.77670288085938,107.64856719970703,0.2793247309531684,2.1261627303680291
2024-09-14 Fsono3 day5 HC_ leaf area.xlsx,29,248.91741943359375,1.6,1.4143435674940461,87.546236315038911,99.141792297363281,98.0596923828125,0.32424260939357996,2.1616825650708198
2024-09-14 Fsono3 day5 HC_ leaf area.xlsx,30,248.86819458007812,1.6,0.99272158350133177,80.729294525006594,89.012153625488281,88.153976440429688,0.36712194263630749,2.2013904875051811
2024-09-14 Fsono3 day5 HC_ leaf area.xlsx,31,248.87274169921875,1.6,0.59762010153343148,73.579066583785078,79.208091735839844,78.573310852050781,0.40682597309367169,2.231895057627844
2024-09-14 Fsono3 day5 HC_ leaf area.xlsx,32,248.81979370117188,1.6,-0.22239109836762433,67.706087095723092,69.315834045410156,69.115219116210938,0.45997029338274237,2.2898826855830849
2024-09-14 Fsono3 day5 HC_ leaf area.xlsx,33,248.84521484375,1.6,-0.21969518431580434,57.957177816630214,59.136226654052734,58.977985382080078,0.50558135091283463,2.2983067089697871
2024-09-14 Fsono3 day5 HC_ leaf area.xlsx,34,248.82637023925781,1.6,-0.89481315684152851,50.754938557974448,49.169513702392578,49.395648956298828,0.54657643015683743,2.3382141492357915
2024-09-14 Fsono3 day5 HC_ leaf area.xlsx,35,248.79814147949219,1.6,9.9660209107783349,344.06399475770769,395.45669555664062,388.19699096679688,0.53971688286746955,2.3382545588251813
2024-09-14 Fsono3 day5 HC_ leaf area.xlsx,36,151.08506774902344,1.6,6.0096042356794648,329.15635839581842,395.68502807617188,391.59805297851562,0.20123310068659481,2.07104940590194
2024-09-14 Fsono3 day5 HC_ leaf area.xlsx,37,151.07444763183594,1.6,0.85530287963022078,97.846442801687516,108.77342987060547,108.06104278564453,0.21505152336400324,2.0840717710015015
2024-09-14 Fsono3 day5 HC_ leaf area.xlsx,38,151.08106994628906,1.6,0.74453257611058832,90.862278592034201,99.182548522949219,98.491470336914062,0.2831088535940991,2.1451577927897159
2024-09-14 Fsono3 day5 HC_ leaf area.xlsx,39,151.11599731445312,1.6,0.42492727813081016,83.67942817607549,89.060333251953125,88.508552551269531,0.36264347608952918,2.2134753562826082
2024-09-14 Fsono3 day5 HC_ leaf area.xlsx,40,151.06869506835938,1.6,-6.4285568683904041E-3,76.467756925660112,79.260993957519531,78.953727722167969,0.39468827519335886,2.2398202468598902
2024-09-14 Fsono3 day5 HC_ leaf area.xlsx,41,151.06259155273438,1.6,-0.22808002761564092,67.896092732863892,69.310966491699219,69.146255493164062,0.42300317110340463,2.2611318384774495
2024-09-14 Fsono3 day5 HC_ leaf area.xlsx,42,151.0784912109375,1.6,-0.68883399942764023,60.022798441645833,59.158184051513672,59.267200469970703,0.46731031245073484,2.2827157408588392
2024-09-14 Fsono3 day5 HC_ leaf area.xlsx,43,151.04742431640625,1.6,-1.0531891902473012,51.782402703037114,49.282115936279297,49.612041473388672,0.49467143818625642,2.3120058589903638
2024-09-14 Fsono3 day5 HC_ leaf area.xlsx,44,150.99896240234375,1.6,6.4019671311648825,354.27766465596926,395.44195556640625,390.194091796875,0.47324941919196184,2.3204156341949127
2024-09-14 Fsono3 day5 HC_ leaf area.xlsx,45,100.13852691650391,1.6,4.0396398436606935,345.04936240931517,395.69674682617188,392.68414306640625,0.19419337674817908,2.0762420088831712
2024-09-14 Fsono3 day5 HC_ leaf area.xlsx,46,100.14204406738281,1.6,0.31601096384942617,102.15053480568864,108.79718017578125,108.38271331787109,0.20466501678542454,2.0853172122979013
2024-09-14 Fsono3 day5 HC_ leaf area.xlsx,47,100.15087890625,1.6,0.29089497070835962,93.615399516650669,99.190277099609375,98.763343811035156,0.2579548680248826,2.1335591824568692
2024-09-14 Fsono3 day5 HC_ leaf area.xlsx,48,100.15249633789062,1.6,3.5167532986683375E-2,85.668634339719304,89.043434143066406,88.728782653808594,0.32394291169773048,2.1913283609476202
2024-09-14 Fsono3 day5 HC_ leaf area.xlsx,49,100.16611480712891,1.6,-0.31607150797859435,78.094874783693086,79.288780212402344,79.164894104003906,0.36786453419736204,2.2266848228056917
2024-09-14 Fsono3 day5 HC_ leaf area.xlsx,50,100.16738891601562,1.6,-0.40554545471462233,68.815565859346563,69.343528747558594,69.284568786621094,0.40203378267799317,2.2547797872649533
2024-09-14 Fsono3 day5 HC_ leaf area.xlsx,51,100.14801025390625,1.6,-0.73062620595386607,60.373619761699224,59.206886291503906,59.346538543701172,0.43789781177907144,2.278715362455114
2024-09-14 Fsono3 day5 HC_ leaf area.xlsx,52,100.15570831298828,1.6,-1.0300805274693652,51.860066640543792,49.241641998291016,49.571102142333984,0.46597848532001379,2.3008666096442032
2024-09-14 Fsono3 day5 HC_ leaf area.xlsx,53,100.14118957519531,1.6,4.5645763688179368,361.43218242961962,395.58203125,391.47879028320312,0.43982155398042022,2.2884021395272867
2024-09-14 Fsono4 day5 HC_ leaf area.xlsx,1,1499.6856689453125,1.43,22.453766421439578,255.28676050402032,400.1400146484375,388.3323974609375,0.31180840834433943,2.1652740450166168
2024-09-14 Fsono4 day5 HC_ leaf area.xlsx,2,1499.5794677734375,1.43,16.696815051664956,194.06460757078068,300.0050048828125,291.1956787109375,0.31900459440358642,2.1728223125573858
2024-09-14 Fsono4 day5 HC_ leaf area.xlsx,3,1499.5047607421875,1.43,10.718842679700716,135.26461209765827,199.96870422363281,194.25956726074219,0.34190752033366539,2.1898186718728248
2024-09-14 Fsono4 day5 HC_ leaf area.xlsx,4,1499.4158935546875,1.43,3.5373213437448765,69.427339324850209,90.021957397460938,88.039901733398438,0.37888832623842028,2.2152459088804317
2024-09-14 Fsono4 day5 HC_ leaf area.xlsx,5,1499.3660888671875,1.43,3.0519064444080262,63.858096916427435,80.0982666015625,78.350471496582031,0.43353635417707104,2.2520959018998545
2024-09-14 Fsono4 day5 HC_ leaf area.xlsx,6,1499.1580810546875,1.43,2.4939867964662179,57.315178619973736,69.975776672363281,68.511260986328125,0.47370265498509662,2.27912294663582
2024-09-14 Fsono4 day5 HC_ leaf area.xlsx,7,1499.1312255859375,1.43,1.7636620743944691,50.841323922796015,59.913089752197266,58.827869415283203,0.4939217695860903,2.2904978906021278
2024-09-14 Fsono4 day5 HC_ leaf area.xlsx,8,1498.984619140625,1.43,1.1688725693088156,43.756822840011701,49.899879455566406,49.129467010498047,0.52416966403706078,2.3068008632849089
2024-09-14 Fsono4 day5 HC_ leaf area.xlsx,9,1498.8995361328125,1.43,24.095530647016883,295.04455942701884,400.043212890625,386.87908935546875,0.52385726056379511,2.3088337572866875
2024-09-14 Fsono4 day5 HC_ leaf area.xlsx,10,1498.712890625,1.43,23.88702014836587,280.03966360565408,400.11968994140625,387.258544921875,0.43078619048375222,2.2560518636390041
2024-09-14 Fsono4 day5 HC_ leaf area.xlsx,11,1498.73876953125,1.43,22.993225062636707,270.41232488484241,399.92715454101562,387.66552734375,0.3714296796255388,2.2106602429785562
2024-09-14 Fsono4 day5 HC_ leaf area.xlsx,12,1498.742919921875,1.43,27.367950838752396,333.10862458385441,500.04217529296875,485.48611450195312,0.33705464911257466,2.1844492606972055
2024-09-14 Fsono4 day5 HC_ leaf area.xlsx,13,1498.8045654296875,1.43,30.351523425745356,384.25607008043124,599.94879150390625,583.87811279296875,0.28091499372791906,2.1468500747748767
2024-09-14 Fsono4 day5 HC_ leaf area.xlsx,14,1499.13134765625,1.43,34.588891527139538,511.21665428451814,800.09515380859375,781.88800048828125,0.23276964118176069,2.091132427288001
2024-09-14 Fsono4 day5 HC_ leaf area.xlsx,15,1499.086181640625,1.43,40.6169791132954,715.36101710399896,1150.0770263671875,1128.6754150390625,0.17709882594480159,2.0496922715482651
2024-09-14 Fsono4 day5 HC_ leaf area.xlsx,16,1499.0452880859375,1.43,42.804619689302676,899.40185697159154,1499.95263671875,1477.529052734375,0.13148770839290022,2.0055970887102741
2024-09-14 Fsono4 day5 HC_ leaf area.xlsx,17,1499.06005859375,1.43,12.054671362282827,220.58252656397769,399.93402099609375,393.68814086914062,0.12208904452481491,1.999379051479802
2024-09-14 Fsono4 day5 HC_ leaf area.xlsx,18,400.74325561523438,1.43,10.415467696935018,266.96906770400966,396.6151123046875,391.00787353515625,0.15384262488531464,2.0354304004271979
2024-09-14 Fsono4 day5 HC_ leaf area.xlsx,19,400.89019775390625,1.43,1.60230005016384,90.506021102993103,109.30126953125,108.34130859375,0.18452515304204217,2.0526357982178158
2024-09-14 Fsono4 day5 HC_ leaf area.xlsx,20,400.826904296875,1.43,1.7038520961280428,84.147527894285147,99.652603149414062,98.597068786621094,0.25370099699201998,2.1168735284899594
2024-09-14 Fsono4 day5 HC_ leaf area.xlsx,21,400.68670654296875,1.43,0.87320199084614247,80.444356796391489,89.389427185058594,88.719398498535156,0.28253013697189278,2.1546365578918922
2024-09-14 Fsono4 day5 HC_ leaf area.xlsx,22,400.84066772460938,1.43,1.3297934597014998,69.820825934024498,79.535919189453125,78.671661376953125,0.34566197693015555,2.161792907074414
2024-09-14 Fsono4 day5 HC_ leaf area.xlsx,23,400.74853515625,1.43,0.74419954210436945,63.423461197918655,69.537384033203125,68.949005126953125,0.37889789821055847,2.2066657553357074
2024-09-14 Fsono4 day5 HC_ leaf area.xlsx,24,400.75100708007812,1.43,0.23895774295070263,56.194344674108109,59.404254913330078,59.072120666503906,0.41322551760223952,2.2358294063303763
2024-09-14 Fsono4 day5 HC_ leaf area.xlsx,25,400.75082397460938,1.43,-0.33009167906757719,49.079730122198569,49.389301300048828,49.355854034423828,0.43554312287504532,2.2518219944934827
2024-09-14 Fsono4 day5 HC_ leaf area.xlsx,26,400.7764892578125,1.43,14.127325078963864,318.18282867826611,395.88864135742188,387.71621704101562,0.42148059080814304,2.2415127785663937
2024-09-14 Fsono4 day5 HC_ leaf area.xlsx,27,250.07325744628906,1.43,9.6130629921812947,298.19555652179014,396.08218383789062,390.7232666015625,0.19903170750579049,2.0714043519189582
2024-09-14 Fsono4 day5 HC_ leaf area.xlsx,28,250.09320068359375,1.43,1.1003293724149132,95.212332558697739,108.97960662841797,108.2421875,0.19430214167257404,2.068850887095512
2024-09-14 Fsono4 day5 HC_ leaf area.xlsx,29,250.096435546875,1.43,1.1518584791307676,86.973279204516544,99.418571472167969,98.651779174804688,0.22671980782226916,2.0930161469189041
2024-09-14 Fsono4 day5 HC_ leaf area.xlsx,30,250.08863830566406,1.43,0.987266663153198,79.905026829377547,89.334976196289062,88.642097473144531,0.27695179888398364,2.1227780664688907
2024-09-14 Fsono4 day5 HC_ leaf area.xlsx,31,250.0902099609375,1.43,0.86420231769050915,71.37419610655121,79.374458312988281,78.756462097167969,0.29329899238262269,2.1375321500157587
2024-09-14 Fsono4 day5 HC_ leaf area.xlsx,32,250.02125549316406,1.43,0.115973137976083,66.361168305958387,69.531967163085938,69.268096923828125,0.31928899347645712,2.1745649936282279
2024-09-14 Fsono4 day5 HC_ leaf area.xlsx,33,250.01411437988281,1.43,-0.2695318054360637,58.660611454689096,59.408428192138672,59.342948913574219,0.33862510428063541,2.19989562669344
2024-09-14 Fsono4 day5 HC_ leaf area.xlsx,34,249.99209594726562,1.43,-0.75329490782845032,51.470238369696247,49.334095001220703,49.528644561767578,0.3548014936553246,2.2061802304007432
2024-09-14 Fsono4 day5 HC_ leaf area.xlsx,35,250.03921508789062,1.43,10.8011967228469,323.15709182424024,395.84158325195312,389.47610473632812,0.33887527684316887,2.1920029432285228
2024-09-14 Fsono4 day5 HC_ leaf area.xlsx,36,148.974853515625,1.43,5.7960046746936733,309.12776362669285,395.80279541015625,392.48165893554688,0.13517795815836897,2.0238609598220791
2024-09-14 Fsono4 day5 HC_ leaf area.xlsx,37,149.02922058105469,1.43,0.61415227312700815,97.869360109616849,109.09603881835938,108.64596557617188,0.14197587735724168,2.0248699320928716
2024-09-14 Fsono4 day5 HC_ leaf area.xlsx,38,148.98960876464844,1.43,1.0315103014177016,84.142835380896514,99.266014099121094,98.629997253417969,0.14954115321347217,2.0301550387694149
2024-09-14 Fsono4 day5 HC_ leaf area.xlsx,39,149.01438903808594,1.43,0.20293812990735105,84.192525458098515,89.23895263671875,88.971771240234375,0.19188935855351186,2.0709506017081001
2024-09-14 Fsono4 day5 HC_ leaf area.xlsx,40,148.95758056640625,1.43,-0.15203920582059138,77.728208747314625,79.447006225585938,79.346282958984375,0.21452522341272701,2.0964687576603462
2024-09-14 Fsono4 day5 HC_ leaf area.xlsx,41,148.9617919921875,1.43,-0.43157715131270269,70.155761700968924,69.497268676757812,69.538978576660156,0.23392993852102334,2.1130919954385319
2024-09-14 Fsono4 day5 HC_ leaf area.xlsx,42,148.9334716796875,1.43,-0.44978611824533105,60.363238853970223,59.427169799804688,59.494194030761719,0.26892122311743605,2.1233943349472391
2024-09-14 Fsono4 day5 HC_ leaf area.xlsx,43,148.98988342285156,1.43,-0.6448235637973958,51.718289567536615,49.307914733886719,49.489162445068359,0.28442833141855056,2.132805911525502
2024-09-14 Fsono4 day5 HC_ leaf area.xlsx,44,148.97958374023438,1.43,7.3392160143784704,332.08985226673991,395.81771850585938,391.29824829101562,0.26564788943369394,2.1405862031472496
2024-09-14 Fsono4 day5 HC_ leaf area.xlsx,45,99.916885375976562,1.43,3.858470554941142,326.67226335836159,395.9464111328125,393.62191772460938,0.11740254071885704,2.0051700060552249
2024-09-14 Fsono4 day5 HC_ leaf area.xlsx,46,99.846969604492188,1.43,-5.1440456972614824E-2,105.64231554240885,109.00601959228516,108.89883422851562,0.11111866050391675,2.0026703251204454
2024-09-14 Fsono4 day5 HC_ leaf area.xlsx,47,99.868431091308594,1.43,-8.9978832299996606E-2,96.88806177816565,99.367034912109375,99.276947021484375,0.1278010712976218,2.0152545849143353
2024-09-14 Fsono4 day5 HC_ leaf area.xlsx,48,99.885757446289062,1.43,-0.25349083129212308,88.745634169470136,89.231437683105469,89.210464477539062,0.15369730406534804,2.0385118500108366
2024-09-14 Fsono4 day5 HC_ leaf area.xlsx,49,99.914787292480469,1.43,-0.3706589208718985,80.156087633592747,79.412155151367188,79.447975158691406,0.17295316328048738,2.0556338206751388
2024-09-14 Fsono4 day5 HC_ leaf area.xlsx,50,99.874824523925781,1.43,-0.59276967681906523,72.241624731691232,69.500831604003906,69.64715576171875,0.19364190909175921,2.0725263850824995
2024-09-14 Fsono4 day5 HC_ leaf area.xlsx,51,99.899459838867188,1.43,-0.86359290687779922,64.101594850453694,59.346317291259766,59.628940582275391,0.2180168368439204,2.0915979889844603
2024-09-14 Fsono4 day5 HC_ leaf area.xlsx,52,99.934211730957031,1.43,-1.1255964912887351,55.813498067001831,49.388130187988281,49.806522369384766,0.24141191953283933,2.1102397121019894
