Species,Plant,CO2_Growth,Sigma_Estimated,N_Data_Points,R_d_Input,f_GDC_Input,f_Rd_Input,f_rubisco_Input,g_m_used,f_Rdh_used,Status,Abs_at_Ambient_Cm,V_cmax_Value,V_cmax_StdErr,g_bs_Value,g_bs_StdErr,Gly_Shuttle_Rate_Value,Cm_Used_for_GlyRate
F. angustifolia,3,200,1.380779225324436,8,2.0379564972435595,0.8681020914262425,0.4573861676715414,0.125061121926343,0.3,0.0,SUCCESS,10.90455617871524,241.22802292621176,5.898265174649325,0.0029945311293969,0.0013798194244195,12.918440141249487,135.19487403994123
F. angustifolia,4,200,0.440736048383467,8,2.0379564972435595,0.8681020914262425,0.4573861676715414,0.125061121926343,0.3,0.0,SUCCESS,6.579799255648201,149.9332196300202,2.3383863618305014,0.0019174715897495,0.0008895676737114,7.899037059638092,147.38945555919702
F. angustifolia,1,200,0.5523990639068209,8,2.0379564972435595,0.8681020914262425,0.4573861676715414,0.125061121926343,0.3,0.0,SUCCESS,6.003311258286086,144.60878243935022,2.76454328240196,0.0033873402470435,0.0016848337532104,7.299859014464706,180.19102429786105
F. angustifolia,2,200,1.049302593996577,8,2.0379564972435595,0.8681020914262425,0.4573861676715414,0.125061121926343,0.3,0.0,SUCCESS,7.645007823612514,231.45592098925655,6.1730562667179925,0.0330024166992952,0.0076918948868487,11.91671863827642,164.8704104235269
F. angustifolia,1,800,0.5911182337232869,8,2.367206810518846,0.8578370039851739,0.4886260319061323,0.1474221516940808,0.3,0.0,SUCCESS,6.789801584159559,199.71620546620548,3.4161292350539725,0.032824004457702,0.0050756792032295,9.879182463889734,166.59139621340807
F. angustifolia,4,800,0.8539786224721224,8,2.367206810518846,0.8578370039851739,0.4886260319061323,0.1474221516940808,0.3,0.0,SUCCESS,4.822256333597801,164.60905173761574,5.270802579684997,0.0476772790290849,0.0135277382198965,8.237688422296127,157.69328907477217
F. angustifolia,3,800,0.3872807573221851,8,2.367206810518846,0.8578370039851739,0.4886260319061323,0.1474221516940808,0.3,0.0,SUCCESS,5.073824518169015,149.61727727851232,2.175796018184215,0.0208874148982579,0.002783233861115,7.3453481255071456,172.42814667152817
F. angustifolia,2,800,0.3808922389518339,8,2.367206810518846,0.8578370039851739,0.4886260319061323,0.1474221516940808,0.3,0.0,SUCCESS,4.954582181086743,161.27689383581986,2.0937160801264696,0.0413950339143113,0.0051427368925354,7.911493503904991,173.04395653311636
F. cronquistii,3,200,1.423377034608753,8,1.1459332336811563,0.0526491343822869,0.0786833529854936,0.0181288707314489,0.3,0.0,SUCCESS,0.6453685934336505,243.21853274440917,5.994025472449877,0.1073875401124639,0.0653546080883355,0.8671405445473587,151.6936962071921
F. cronquistii,1,200,0.8861067707780905,8,1.1459332336811563,0.0526491343822869,0.0786833529854936,0.0181288707314489,0.3,0.0,SUCCESS,0.4773825984631312,150.9243818815996,3.6220108035429774,0.1047409916649196,0.0639900277650318,0.5026779287040114,204.92576812073528
F. cronquistii,1,800,0.6534956852856092,8,1.7636022704464749,0.0536007554884411,0.0799729580148663,0.0176066275206149,0.3,0.0,SUCCESS,0.3917894288287395,161.8808951925397,3.2533483467201307,0.1086990323941568,0.0645193528870975,0.5701675820889555,175.18847685112928
F. cronquistii,2,200,0.6077245099544724,8,1.1459332336811563,0.0526491343822869,0.0786833529854936,0.0181288707314489,0.3,0.0,SUCCESS,0.3597588243535236,143.15833984465542,3.241373226533071,0.1114689661755436,0.0631054262320022,0.504341093578568,160.77028889431836
F. cronquistii,4,200,1.6275853960751496,8,1.1459332336811563,0.0526491343822869,0.0786833529854936,0.0181288707314489,0.3,0.0,SUCCESS,0.628153775781757,234.77163066083847,8.640299399031107,0.1089501500973863,0.0657588820741986,0.8342069959398702,154.2465449589835
F. cronquistii,3,800,1.5487857037429744,8,1.7636022704464749,0.0536007554884411,0.0799729580148663,0.0176066275206149,0.3,0.0,SUCCESS,0.2655731494052308,133.10026477030323,8.381941992362698,0.106584437995499,0.066971003445188,0.4789523147650085,158.668735169212
F. cronquistii,2,800,1.0436875483093129,8,1.7636022704464749,0.0536007554884411,0.0799729580148663,0.0176066275206149,0.3,0.0,SUCCESS,0.5311941033757732,219.1676240384222,5.859465947939071,0.1133101758475864,0.0637805302830562,0.788445796935644,158.87583698819083
F. cronquistii,4,800,1.175097056567091,8,1.7636022704464749,0.0536007554884411,0.0799729580148663,0.0176066275206149,0.3,0.0,SUCCESS,0.5123377831822296,202.2420253656818,5.911059945093356,0.1061189344919137,0.0660932715280426,0.7166730647427899,170.46131239732478
F. pringlei,1,800,1.0638616200699715,8,2.228132771295143,0.0138052017677195,0.0495236851093281,0.0068562212040635,0.3,0.0,SUCCESS,0.0932385315475181,144.58364198646183,4.440277125487057,0.0909611456950419,0.0686905348649743,0.1286426954941387,199.12329428443505
F. pringlei,1,200,1.7279589003321223,8,1.4410241959019925,0.0315805733480407,0.0541623953315169,0.0113533809315291,0.3,0.0,SUCCESS,0.3418558671644532,198.8435222915046,8.571816445042714,0.0989056530171287,0.068437691843186,0.4150927598833244,175.50785863825098
F. pringlei,2,200,1.620987415231646,8,1.4410241959019925,0.0315805733480407,0.0541623953315169,0.0113533809315291,0.3,0.0,SUCCESS,0.3089852214993228,163.56693720544754,6.755090593415659,0.0954760833988315,0.0698980292915634,0.3290751461470187,204.8256013795937
F. pringlei,2,800,0.6909919546190995,8,2.228132771295143,0.0138052017677195,0.0495236851093281,0.0068562212040635,0.3,0.0,SUCCESS,0.0920916956105648,148.84912775614708,3.1746098344507487,0.1013454845712614,0.0671432109311006,0.1339387389003998,190.12379436889776
F. pringlei,3,800,1.1332054780686176,8,2.228132771295143,0.0138052017677195,0.0495236851093281,0.0068562212040635,0.3,0.0,SUCCESS,0.0662767586091799,110.30275375829196,4.0635207979525205,0.0975792335714408,0.0689702123630103,0.0936584039444413,237.56582701973304
F. pringlei,3,200,1.296603157566601,8,1.4410241959019925,0.0315805733480407,0.0541623953315169,0.0113533809315291,0.3,0.0,SUCCESS,0.3316574577905739,182.5277107666612,5.913914042470125,0.0965348938671291,0.070665783800673,0.3738021042372674,190.58689956221943
F. pringlei,4,200,0.749978294410279,8,1.4410241959019925,0.0315805733480407,0.0541623953315169,0.0113533809315291,0.3,0.0,SUCCESS,0.1815315875233872,105.54333771753548,2.9838364733142058,0.0962746545996183,0.0705143009291486,0.2094732360715051,215.89232238031903
F. pringlei,4,800,1.0522836700242544,8,2.228132771295143,0.0138052017677195,0.0495236851093281,0.0068562212040635,0.3,0.0,SUCCESS,0.0642825246420718,112.19992175388724,3.8037833729312567,0.0943197128520279,0.0683171590075337,0.0963303840630734,228.29576173905912
F. sonorensis,1,200,1.171030457590945,8,2.383434856935553,0.8035283107338936,0.326115179092953,0.1175093557545264,0.3,0.0,SUCCESS,8.836321655270932,214.35599358923352,5.642101960775577,0.0028872299891479,0.0017881829397418,10.4308796788741,155.48451785321362
F. sonorensis,3,200,1.6928688772859335,8,2.383434856935553,0.8035283107338936,0.326115179092953,0.1175093557545264,0.3,0.0,SUCCESS,8.790513913166627,228.40943546325224,8.98329538742378,0.0076370684957807,0.0050669030612683,10.905769762181247,170.03762913623308
F. sonorensis,2,200,0.4459358275718885,8,2.383434856935553,0.8035283107338936,0.326115179092953,0.1175093557545264,0.3,0.0,SUCCESS,4.264465113764992,108.38469127352128,1.878297541289392,0.0013033580623401,0.0006614058540669,5.118105717647011,178.64195422444212
F. sonorensis,1,800,0.4762982219177338,8,1.9430792891126965,0.7872488012599169,0.3201844550942671,0.1309322049082482,0.3,0.0,SUCCESS,5.306194307357215,182.6572159170391,2.751866797376365,0.0469681608694442,0.0072633637221189,8.421957471195483,169.36143996938216
F. sonorensis,2,800,0.4245058111496536,8,1.9430792891126965,0.7872488012599169,0.3201844550942671,0.1309322049082482,0.3,0.0,SUCCESS,5.163506926386315,187.18427290078665,2.502345252696159,0.0640524324768124,0.0087895820152232,8.670977068847105,165.76828192626897
F. sonorensis,3,800,0.5642865301216717,8,1.9430792891126965,0.7872488012599169,0.3201844550942671,0.1309322049082482,0.3,0.0,SUCCESS,5.616228354298357,151.44397159155744,2.8505570890113745,0.0068550566646953,0.0021856369275991,6.816920026901994,188.17781448908136
F. sonorensis,4,200,0.4494370776957715,8,2.383434856935553,0.8035283107338936,0.326115179092953,0.1175093557545264,0.3,0.0,SUCCESS,7.224401444081473,229.1138099426676,3.16171872739848,0.026501533357368,0.0030411106458334,11.336383251244111,142.93164960786658
F. sonorensis,4,800,0.5319582509390862,8,1.9430792891126965,0.7872488012599169,0.3201844550942671,0.1309322049082482,0.3,0.0,SUCCESS,7.666691422204998,202.3012964201488,3.541026426193298,0.0090017389257495,0.0020813528220245,9.522909410172144,153.5086503458577
H. aturensis,2,800,1.0893858595939834,8,1.4162813380657395,0.7871807017959385,0.4458581456623429,0.1664281232900816,0.3,0.0,SUCCESS,4.590241731818357,115.8135360341462,5.204253338461754,0.0024606124483668,0.0019145854107335,5.1390591158498165,166.7015585496916
H. aturensis,1,800,0.5521145527877989,8,1.4162813380657395,0.7871807017959385,0.4458581456623429,0.1664281232900816,0.3,0.0,SUCCESS,3.665570743950772,103.95696070467348,3.0719443356215024,0.0111922920584659,0.0038381279834753,4.57758046476597,172.65504483568614
H. aturensis,1,200,0.2892778875946002,8,1.5439481716752956,0.8916162846219234,0.5099544117369806,0.2391994390450564,0.3,0.0,SUCCESS,5.291765562803123,123.855460978286,1.2490616325061836,0.0029735049633658,0.0012269745915046,5.537463111296233,186.76299527678947
H. aturensis,2,200,0.4184594632858388,8,1.5439481716752956,0.8916162846219234,0.5099544117369806,0.2391994390450564,0.3,0.0,SUCCESS,6.559082262656162,149.77802123863216,2.0803749402835194,0.003372404655688,0.0011732684419588,6.99944115263547,152.53051178694614
H. aturensis,3,800,1.357860461855798,8,1.4162813380657395,0.7871807017959385,0.4458581456623429,0.1664281232900816,0.3,0.0,SUCCESS,7.048734668949772,174.50362476306856,6.441413240302481,0.0035753201257566,0.0024839369013342,7.765188719620794,164.53375577752453
H. aturensis,3,200,0.3083051269786411,8,1.5439481716752956,0.8916162846219234,0.5099544117369806,0.2391994390450564,0.3,0.0,SUCCESS,6.099154003529396,140.6311835202819,1.4667635509468937,0.0031855053122433,0.0010042774057754,6.45553372810735,166.17838360714944
H. aturensis,4,800,0.5769409402445546,8,1.4162813380657395,0.7871807017959385,0.4458581456623429,0.1664281232900816,0.3,0.0,SUCCESS,4.055673199076894,104.02648046637913,2.323816749923111,0.0021809091962821,0.0013750545442607,4.496320893698424,187.220098808906
H. aturensis,4,200,0.8351022845767762,8,1.5439481716752956,0.8916162846219234,0.5099544117369806,0.2391994390450564,0.3,0.0,SUCCESS,8.71295685434192,197.49907382696824,4.035043693214206,0.0050195580068112,0.0024155662329907,9.082783887321412,164.75493728730154
H. glutinosa,1,200,0.3426898497351979,8,0.5661425882250397,0.0334309223440104,0.0477901133040915,0.0215407576098221,0.3,0.0,SUCCESS,0.3805790939815825,100.18886384889608,1.5108793439161374,0.0700405449909779,0.0767902890990675,0.2147195531437125,191.4853803685122
H. glutinosa,1,800,0.4915866854115275,8,0.8568603397077003,0.0338163972049261,0.0614031375982746,0.0286610563276531,0.3,0.0,SUCCESS,0.4032180305545871,88.76225369442933,2.254310178202978,0.0869623293646131,0.0745887641568717,0.192963516315468,183.48888675211023
H. glutinosa,2,800,0.3556663063316232,8,0.8568603397077003,0.0338163972049261,0.0614031375982746,0.0286610563276531,0.3,0.0,SUCCESS,0.4466279382192915,106.5627613432147,1.769906296987628,0.0602878268062849,0.0746535842465149,0.2376135324835598,163.75993122440303
H. glutinosa,2,200,0.2574485457028593,8,0.5661425882250397,0.0334309223440104,0.0477901133040915,0.0215407576098221,0.3,0.0,SUCCESS,0.3657526589504221,105.1416678038753,1.2119583032810226,0.0778899710581318,0.0734276774343786,0.2313398130046212,170.83397010496742
H. glutinosa,3,200,0.1884976238362999,8,0.5661425882250397,0.0334309223440104,0.0477901133040915,0.0215407576098221,0.3,0.0,SUCCESS,0.4213497575583971,114.39170516115176,0.8676477525908908,0.0853499171976107,0.0702697581031392,0.2480875926644452,182.092687251754
H. glutinosa,3,800,0.7975735993881009,8,0.8568603397077003,0.0338163972049261,0.0614031375982746,0.0286610563276531,0.3,0.0,SUCCESS,0.4370953597579545,94.76910939773704,3.683161000899581,0.0895154876695379,0.0720584243574529,0.2055935534995192,185.130151954298
H. glutinosa,4,800,0.3435787699500294,8,0.8568603397077003,0.0338163972049261,0.0614031375982746,0.0286610563276531,0.3,0.0,SUCCESS,0.3447451729403056,72.62167520248514,1.3993796755936785,0.0823243203339017,0.0753113620017434,0.1547649228631991,199.3137024172887
H. glutinosa,4,200,0.2592224372165133,8,0.5661425882250397,0.0334309223440104,0.0477901133040915,0.0215407576098221,0.3,0.0,SUCCESS,0.3226407005189227,86.54368801330016,1.112990937001257,0.1098925658630547,0.0629116296824766,0.1860967310616252,188.8316475336092
H. isocalycia,1,800,0.4477140317538419,8,1.1731788211778458,0.3294668344016894,0.2671547615433706,0.0918974492622538,0.3,0.0,SUCCESS,2.3370797871279185,128.4578913818796,2.064236168382635,0.0052951252972399,0.0031020722162681,2.508328880106368,194.57586605927824
H. isocalycia,1,200,0.2815426590454565,8,0.929642081402902,0.4432680408393645,0.2902453639588172,0.0912340392043224,0.3,0.0,SUCCESS,1.6854922975603888,82.88791057761162,1.0934039781452611,0.0106826258362729,0.0035091519214338,2.078808409409918,233.12202966192683
H. isocalycia,2,200,0.2374420587389976,8,0.929642081402902,0.4432680408393645,0.2902453639588172,0.0912340392043224,0.3,0.0,SUCCESS,2.238434086471744,106.324731091576,1.6313031698272835,0.0060567087774989,0.0014757590214471,2.9720776330478693,147.07875149476197
H. isocalycia,3,800,1.6000536311715514,8,1.1731788211778458,0.3294668344016894,0.2671547615433706,0.0918974492622538,0.3,0.0,SUCCESS,1.538982034418887,114.99774813535032,9.243129878604575,0.0974589500778847,0.0659312366339384,2.355059052483558,157.4249224916241
H. isocalycia,2,800,0.2030479341881393,8,1.1731788211778458,0.3294668344016894,0.2671547615433706,0.0918974492622538,0.3,0.0,SUCCESS,1.830260142198452,108.08877973539012,1.0625123605918674,0.0091924007246345,0.0020563780082872,2.1551614553311738,178.06083267965045
H. isocalycia,3,200,0.4041798556761247,8,0.929642081402902,0.4432680408393645,0.2902453639588172,0.0912340392043224,0.3,0.0,SUCCESS,1.8693223686601448,99.7606820701708,2.327844030812358,0.0140897769483899,0.0064331499543011,2.7018278667788977,171.19913703023818
H. isocalycia,4,800,0.2534002182363571,8,1.1731788211778458,0.3294668344016894,0.2671547615433706,0.0918974492622538,0.3,0.0,SUCCESS,1.5507615599986857,87.61300378585166,1.0545590564122236,0.003760413637736,0.0017309720306424,1.6825441773620042,207.9739055316792
H. isocalycia,4,200,0.3589278832386396,8,0.929642081402902,0.4432680408393645,0.2902453639588172,0.0912340392043224,0.3,0.0,SUCCESS,2.3130650276971503,122.32204553777352,2.3232032465412478,0.0150380513285277,0.0043591811470246,3.4019255495239995,150.90325360240828
S. hians,1,800,2.4277696332622227,8,1.6408298404803516,0.6487060023919944,0.352296487196694,0.1203947809621367,0.3,0.0,SUCCESS,4.213855593260933,130.3511741532398,11.30990889622062,0.0037091195545651,0.008349193660815,4.953321176322289,178.6134581107398
S. hians,1,200,1.5539124916966838,8,1.7778030543702097,0.9014661593366818,0.4781226716355543,0.1485155729389827,0.3,0.0,SUCCESS,6.078292309399029,137.49074396956445,6.330185435088254,0.0024539955425288,0.0020766213596497,6.966990657223252,185.49170007608893
S. hians,2,800,2.436628501604643,9,1.6408298404803516,0.6487060023919944,0.352296487196694,0.1203947809621367,0.3,0.0,SUCCESS,4.387986235938566,132.86768278140443,10.772901141637972,0.0030862492421951,0.0046553078440169,5.163471115027965,161.2552391513607
S. hians,2,200,0.7650198897204247,8,1.7778030543702097,0.9014661593366818,0.4781226716355543,0.1485155729389827,0.3,0.0,SUCCESS,4.981022531631061,111.52991280985586,3.429083318436831,0.0017209821847575,0.0009903792477128,5.865050978805767,156.74421275403344
S. hians,3,800,3.4304750402262765,8,1.6408298404803516,0.6487060023919944,0.352296487196694,0.1203947809621367,0.3,0.0,SUCCESS,4.661742800876473,145.67289748227742,17.822992373906487,0.0054152952208127,0.0166983873266087,5.672981920733019,159.65297378259714
S. hians,3,200,1.3827787728285683,8,1.7778030543702097,0.9014661593366818,0.4781226716355543,0.1485155729389827,0.3,0.0,SUCCESS,5.970399553429317,132.9842186325912,6.828332846148378,0.0023681783818826,0.0017575049303858,6.973590059440536,158.8915368626184
S. hians,4,800,2.042716305101941,8,1.6408298404803516,0.6487060023919944,0.352296487196694,0.1203947809621367,0.3,0.0,SUCCESS,4.020738075848282,124.67413506676093,7.923383256587535,0.002789450606012,0.0046533351260932,4.5429588398113525,212.14380459030912
S. hians,4,200,0.3149626825917039,8,1.7778030543702097,0.9014661593366818,0.4781226716355543,0.1485155729389827,0.3,0.0,SUCCESS,6.655490897702565,144.86858043905988,1.6447856462205124,0.0019492702750067,0.000613507015845,7.7958078470413,139.41617318859562
S. laxum,1,200,0.3080075277799172,8,0.9305191665371012,0.3384775974353286,0.2525628728610073,0.0794736024196168,0.3,0.0,SUCCESS,1.1362519565902138,79.90473716025157,1.147287307200358,0.1389394718613927,0.0487124255102913,1.5904304922505126,211.86334304065548
S. laxum,1,800,0.2955383567862187,8,1.0924663542247384,0.3767981015992269,0.2885611086738183,0.0666769514253212,0.3,0.0,SUCCESS,1.2311359865008653,113.41011599997763,1.4585488631085042,0.119669478370067,0.0483517057484794,2.661025894219051,177.15374259664472
S. laxum,2,200,0.4823161155544632,8,0.9305191665371012,0.3384775974353286,0.2525628728610073,0.0794736024196168,0.3,0.0,SUCCESS,1.6049267131103346,130.395474228463,2.505705791395499,0.1469342584912028,0.0437684936515,2.782994414456056,156.86798302865802
S. laxum,2,800,0.5749746783921743,8,1.0924663542247384,0.3767981015992269,0.2885611086738183,0.0666769514253212,0.3,0.0,SUCCESS,1.538548561930336,126.42712801325378,3.125858444968898,0.0436618164264962,0.0393193370246024,2.9838522457914705,172.5988502247469
S. laxum,3,800,0.2758622893056762,8,1.0924663542247384,0.3767981015992269,0.2885611086738183,0.0666769514253212,0.3,0.0,SUCCESS,1.07579306265326,97.49016256466504,1.107555994122265,0.15767245726328,0.0376794056683802,2.2383217569709144,194.3112424087202
S. laxum,3,200,0.4727017501668665,8,0.9305191665371012,0.3384775974353286,0.2525628728610073,0.0794736024196168,0.3,0.0,SUCCESS,1.6222608759208177,116.7895090470752,2.359863542329144,0.0626730926865621,0.047159309386916,2.421552110798388,179.19396886870524
S. laxum,4,200,0.3712247908187501,8,0.9305191665371012,0.3384775974353286,0.2525628728610073,0.0794736024196168,0.3,0.0,SUCCESS,1.0375713092783865,76.08312388269474,1.438018472853955,0.136343519563842,0.0490167220884559,1.528906857206576,204.1032122334417
S. laxum,4,800,1.3880725375081933,8,1.0924663542247384,0.3767981015992269,0.2885611086738183,0.0666769514253212,0.3,0.0,SUCCESS,1.2326767731136172,131.81375219491045,7.887990404762476,0.1081262390669474,0.0612996395305748,3.2661544484832548,135.70312921010373
T. cristatus,1,200,4.327525580087499,8,1.932456293809772,0.8161856504215941,0.4187827774815925,0.0943950549978757,0.3,0.0,SUCCESS,10.020835264746813,236.7479047021234,16.321233989381554,0.0029933708882385,0.0029964697965632,12.97307430547846,99.0130155680848
T. cristatus,3,200,8.949831475860297,8,1.932456293809772,0.8161856504215941,0.4187827774815925,0.0943950549978757,0.3,0.0,SUCCESS,8.791520782194075,226.2754331631509,31.9031113539273,0.0061139737513527,0.0243360409812415,12.450219476464396,96.13291320989048
T. cristatus,1,800,0.9178917545152848,8,1.422182976998262,0.7561359245726862,0.4998875675838674,0.1212551955490179,0.3,0.0,SUCCESS,8.426907747043314,209.5481173285279,5.494905028126539,0.0025262316238527,0.001136827974912,9.95500422055083,124.94977684872406
T. cristatus,2,200,1.2104013440075856,8,1.932456293809772,0.8161856504215941,0.4187827774815925,0.0943950549978757,0.3,0.0,SUCCESS,9.369935108404588,219.4428671743559,8.879977449453122,0.0021686406161005,0.0013099761336508,11.990526422881748,101.02313241426398
T. cristatus,2,800,0.8389302051713038,7,1.422182976998262,0.7561359245726862,0.4998875675838674,0.1212551955490179,0.3,0.0,SUCCESS,7.366986431707431,181.18747393753029,6.204389602188527,0.0023562224173747,0.0013254542783353,8.882006966344957,102.43486641651208
T. cristatus,3,800,0.7470437310867453,8,1.422182976998262,0.7561359245726862,0.4998875675838674,0.1212551955490179,0.3,0.0,SUCCESS,5.381755064568529,139.699913024766,3.654385603414454,0.0018494642821864,0.0010927784351813,6.337189981329863,159.40504090109363
T. cristatus,4,200,1.8188958568787208,8,1.932456293809772,0.8161856504215941,0.4187827774815925,0.0943950549978757,0.3,0.0,SUCCESS,8.422665158262195,202.6562500721217,10.987653479338334,0.0023070388419208,0.0017544442507011,10.7414048402965,122.8073094056267
T. cristatus,4,800,1.5807895400348977,8,1.422182976998262,0.7561359245726862,0.4998875675838674,0.1212551955490179,0.3,0.0,SUCCESS,8.550403190945957,231.67078690241988,12.116084996699255,0.0096357014461727,0.0054388194702372,11.251636833155755,109.0347584553351
T. cristatus,6,200,1.9059882408417743,8,1.932456293809772,0.8161856504215941,0.4187827774815925,0.0943950549978757,0.3,0.0,SUCCESS,5.859012196150789,148.77606207174148,8.345434509062258,0.0018040123303776,0.0017368131068557,7.401504243325208,170.34388927064688
T. forrestii,1,800,2.8307809895701666,8,1.8579903761298235,0.1805861262875186,0.1983923977579862,0.0750871088328947,0.3,0.0,SUCCESS,2.0396364761942625,235.49847029641316,14.082162041434133,0.1260316636066055,0.0603831404644598,2.847154022823021,116.03715133468494
T. forrestii,2,200,3.648720992854527,8,2.281661790671401,0.3519372249371659,0.2814788365228409,0.0870707393184862,0.3,0.0,SUCCESS,3.676978804956141,243.1292872468021,8.491113350578985,0.0688590007497097,0.0630970700097837,5.288835001916208,165.79062817140803
T. cristatus,6,800,0.3129163178588782,8,1.422182976998262,0.7561359245726862,0.4998875675838674,0.1212551955490179,0.3,0.0,SUCCESS,2.549194266337667,70.3500677072704,1.362133639528416,0.0009054176906537,0.0004817288567178,3.1233710786380144,176.00375735933088
T. forrestii,1,200,1.8155563506983632,8,2.281661790671401,0.3519372249371659,0.2814788365228409,0.0870707393184862,0.3,0.0,SUCCESS,2.5001561914616546,214.05059862574169,11.376353761548003,0.1486586046065156,0.0464077745399381,4.861930595601189,133.22958355921668
T. forrestii,2,800,2.00051930762183,8,1.8579903761298235,0.1805861262875186,0.1983923977579862,0.0750871088328947,0.3,0.0,SUCCESS,2.390062051001895,245.21249696334007,5.891053631593991,0.1146916398898517,0.061526831065651,2.892352417224477,134.02206093506652
T. forrestii,3,200,1.020531902755789,8,2.281661790671401,0.3519372249371659,0.2814788365228409,0.0870707393184862,0.3,0.0,SUCCESS,2.701934360426109,195.70735154825115,4.993432308453194,0.1392788117223761,0.0465330065253405,4.221474805834533,172.31567582893496
T. forrestii,3,800,3.97931926145053,8,1.8579903761298235,0.1805861262875186,0.1983923977579862,0.0750871088328947,0.3,0.0,SUCCESS,1.6528219382274645,152.5987732080495,18.43264512419105,0.1169783490300998,0.0627241678557024,1.708755555024548,173.40872818549215
T. forrestii,4,200,4.677398909442513,8,2.281661790671401,0.3519372249371659,0.2814788365228409,0.0870707393184862,0.3,0.0,SUCCESS,2.8609488536149943,224.72014479102805,20.70187696660939,0.1273420332164514,0.0585487909251614,5.032701074415172,143.71489454753169
T. forrestii,4,800,1.771706125941353,8,1.8579903761298235,0.1805861262875186,0.1983923977579862,0.0750871088328947,0.3,0.0,SUCCESS,2.019221876862868,169.17787142182297,7.85501324185698,0.117995395392085,0.0603695060582964,1.852991794200376,190.7829027785656
F. angustifolia,4,200,0.3236075017040991,8,2.0379564972435595,0.8681020914262425,0.4573861676715414,0.125061121926343,0.6,0.0,SUCCESS,5.135189716645443,121.7465263910198,1.4964127110876078,0.0016178963591132,0.0007903108341904,6.118994377490019,183.622699005727
F. angustifolia,1,200,0.6257003079478831,8,2.0379564972435595,0.8681020914262425,0.4573861676715414,0.125061121926343,0.6,0.0,SUCCESS,4.738977701273866,120.27114822961884,2.497496166817932,0.0035223241019172,0.0017804600571337,5.750982703802701,223.86860973224856
F. angustifolia,3,200,0.6199395231478948,8,2.0379564972435595,0.8681020914262425,0.4573861676715414,0.125061121926343,0.6,0.0,SUCCESS,7.482235360073348,173.99642179711458,2.4296780623367624,0.001985266783869,0.0008101533778079,8.699483673319154,187.7509137049412
F. angustifolia,4,800,0.8521926758312383,8,2.367206810518846,0.8578370039851739,0.4886260319061323,0.1474221516940808,0.6,0.0,SUCCESS,4.0367937457900975,130.9236491408447,4.0040863581461394,0.0330636843468133,0.0118299271226053,6.2279437899018895,197.31917019746012
F. angustifolia,1,800,0.2752235737767664,8,2.367206810518846,0.8578370039851739,0.4886260319061323,0.1474221516940808,0.6,0.0,SUCCESS,5.318493386254788,153.23596598209411,1.1449014139858915,0.0245110559261974,0.0021354554389135,7.115859306584179,216.85344921035912
F. angustifolia,2,200,0.5889535728261993,8,2.0379564972435595,0.8681020914262425,0.4573861676715414,0.125061121926343,0.6,0.0,SUCCESS,5.673256001676753,170.11097021598945,2.475015572141217,0.0253405778840828,0.0044488554243558,8.140570826355708,223.2170504310407
F. angustifolia,2,800,0.3691176865300569,8,2.367206810518846,0.8578370039851739,0.4886260319061323,0.1474221516940808,0.6,0.0,SUCCESS,4.138984200772054,129.22708728147214,1.6364673274396608,0.0297448307838579,0.0041720503276264,6.018091101248913,214.51576677493205
F. angustifolia,3,800,0.4240535230284765,8,2.367206810518846,0.8578370039851739,0.4886260319061323,0.1474221516940808,0.6,0.0,SUCCESS,4.18642409431916,122.2632280916444,1.8601601664800995,0.0160184977352656,0.0027791183867507,5.713578807816353,211.6800974945879
F. cronquistii,1,800,0.2629074393444529,8,1.7636022704464749,0.0536007554884411,0.0799729580148663,0.0176066275206149,0.6,0.0,SUCCESS,0.3464017798478498,128.04505553408512,1.0311092708930687,0.0961792367647512,0.068341028787816,0.4296179849834999,213.9563350937745
F. cronquistii,1,200,0.4819423598019783,8,1.1459332336811563,0.0526491343822869,0.0786833529854936,0.0181288707314489,0.6,0.0,SUCCESS,0.4349229294480629,121.40688086802624,1.55656410180719,0.1080262670981838,0.0621768072479081,0.3832190766456474,249.56303444146465
F. cronquistii,2,800,0.3518886098075216,8,1.7636022704464749,0.0536007554884411,0.0799729580148663,0.0176066275206149,0.6,0.0,SUCCESS,0.449386766017587,159.5105457976614,1.4446415799354924,0.0965546822689159,0.0655904011561366,0.5406223275612515,205.73911734627623
F. cronquistii,3,800,0.9121218350721918,8,1.7636022704464749,0.0536007554884411,0.0799729580148663,0.0176066275206149,0.6,0.0,SUCCESS,0.239976779344751,110.2092681669452,4.115380155465154,0.1076453493951007,0.0643861284973752,0.3821317334063375,187.506640947623
F. cronquistii,2,200,0.3547708207691459,8,1.1459332336811563,0.0526491343822869,0.0786833529854936,0.0181288707314489,0.6,0.0,SUCCESS,0.3226371807030308,114.80201400010564,1.5315345671570668,0.1078196019537027,0.0631821245944724,0.3882290159952991,192.71042199519465
F. cronquistii,4,200,0.8342648546495701,8,1.1459332336811563,0.0526491343822869,0.0786833529854936,0.0181288707314489,0.6,0.0,SUCCESS,0.5305692728904472,165.84447330274145,3.3474127554105166,0.1098450614303245,0.0633241967549073,0.5532481416476712,203.64425918847644
F. cronquistii,3,200,0.5345939690498784,8,1.1459332336811563,0.0526491343822869,0.0786833529854936,0.0181288707314489,0.6,0.0,SUCCESS,0.5494889166473591,171.77675292570913,2.22551737804028,0.1045486481209064,0.0643224676757684,0.5740848801107632,202.1713115576888
F. cronquistii,4,800,0.4815387487500622,8,1.7636022704464749,0.0536007554884411,0.0799729580148663,0.0176066275206149,0.6,0.0,SUCCESS,0.4415168332153359,151.31750481789425,1.7621644902232705,0.1024251496019821,0.0657076854686435,0.5055117643324921,217.50023706506545
F. pringlei,1,800,1.0777505234219702,8,2.228132771295143,0.0138052017677195,0.0495236851093281,0.0068562212040635,0.6,0.0,SUCCESS,0.0789100454101526,118.101025991444,3.626105944154524,0.0995181615116287,0.0695089985378519,0.1002418195826918,237.8858713891195
F. pringlei,1,200,0.9225621715960464,8,1.4410241959019925,0.0315805733480407,0.0541623953315169,0.0113533809315291,0.6,0.0,SUCCESS,0.2955925433068593,148.87431865379145,3.511529154967434,0.1028154875420923,0.0670092199971207,0.2932053955053511,222.2327683878325
F. pringlei,2,200,1.0899612509391776,8,1.4410241959019925,0.0315805733480407,0.0541623953315169,0.0113533809315291,0.6,0.0,SUCCESS,0.2759526215107275,129.60570504108136,3.58057468563009,0.0979915454342025,0.0699748894755937,0.246840890068243,250.4011195872435
F. pringlei,3,200,0.8369301676538023,8,1.4410241959019925,0.0315805733480407,0.0541623953315169,0.0113533809315291,0.6,0.0,SUCCESS,0.2930768778058811,140.51929496061598,2.859920986307316,0.0886704049587471,0.0724879572965152,0.2713278263606383,238.7452936266509
F. pringlei,2,800,0.301670459981626,8,2.228132771295143,0.0138052017677195,0.0495236851093281,0.0068562212040635,0.6,0.0,SUCCESS,0.0779561244173442,120.96275374509432,1.1583729831974026,0.0960792060164876,0.0681780305939558,0.1038383349995512,228.4197410358018
F. pringlei,4,200,0.6594777981616033,8,1.4410241959019925,0.0315805733480407,0.0541623953315169,0.0113533809315291,0.6,0.0,SUCCESS,0.1682016773127019,90.91294641962196,2.085904746852293,0.0862615703403758,0.0693565523585604,0.1738180792532242,247.10973240343208
F. pringlei,3,800,1.1032278673615754,8,2.228132771295143,0.0138052017677195,0.0495236851093281,0.0068562212040635,0.6,0.0,SUCCESS,0.0575322966684098,95.27924327022936,3.330419408180475,0.1002755951053851,0.0679651943904409,0.0776892366856343,272.36733145410494
F. pringlei,4,800,1.0073869889388507,8,2.228132771295143,0.0138052017677195,0.0495236851093281,0.0068562212040635,0.6,0.0,SUCCESS,0.0556547812743659,96.70459787508172,3.156760289530688,0.1037051517787894,0.0698503973507354,0.0797725076783024,262.2485978572454
F. sonorensis,1,200,0.4766352190767305,8,2.383434856935553,0.8035283107338936,0.326115179092953,0.1175093557545264,0.6,0.0,SUCCESS,6.342761818465941,160.7240495797167,1.7759106013443071,0.0018140750486666,0.000755790196706,7.321480005902973,207.30967067086377
F. sonorensis,2,200,0.4242737961195504,8,2.383434856935553,0.8035283107338936,0.326115179092953,0.1175093557545264,0.6,0.0,SUCCESS,3.5993922658330133,94.34755325028932,1.5960818421545326,0.0011453824521131,0.0006340467519661,4.291764198563313,208.45528013192524
F. sonorensis,1,800,0.5123337873451527,8,1.9430792891126965,0.7872488012599169,0.3201844550942671,0.1309322049082482,0.6,0.0,SUCCESS,4.373517809704236,141.88515435222462,2.2104760284777285,0.0340439940026494,0.0068107218903928,6.17042857540444,215.9374706364911
F. sonorensis,3,200,0.7269302476666595,8,2.383434856935553,0.8035283107338936,0.326115179092953,0.1175093557545264,0.6,0.0,SUCCESS,6.292188062461576,170.72795003209558,2.9729254885057514,0.0064139876304365,0.0023296080744853,7.565736449075647,229.98503638988456
F. sonorensis,3,800,0.3456276371945828,8,1.9430792891126965,0.7872488012599169,0.3201844550942671,0.1309322049082482,0.6,0.0,SUCCESS,4.516138891371004,124.5540394744134,1.433673766433465,0.00611002292814,0.0013428422415882,5.313063811238522,231.93404459044075
F. sonorensis,2,800,0.5060182473511818,8,1.9430792891126965,0.7872488012599169,0.3201844550942671,0.1309322049082482,0.6,0.0,SUCCESS,4.294774505814404,143.9918084471767,2.2171383815478265,0.044336284914754,0.0090555693922249,6.291389371737916,212.1130051669473
F. sonorensis,4,800,0.1261856390052365,8,1.9430792891126965,0.7872488012599169,0.3201844550942671,0.1309322049082482,0.6,0.0,SUCCESS,5.685638177265771,154.246199666683,0.6120724372863009,0.0073927906328825,0.0004808996081021,6.8225516048038095,202.1700162769503
F. sonorensis,4,200,0.5456495616908721,8,2.383434856935553,0.8035283107338936,0.326115179092953,0.1175093557545264,0.6,0.0,SUCCESS,5.359218278526316,167.02788888399044,2.730087973849166,0.0178342605022377,0.0033376646974212,7.742221351475446,193.31138004468067
H. aturensis,1,200,0.1123778102505218,8,1.5439481716752956,0.8916162846219234,0.5099544117369806,0.2391994390450564,0.6,0.0,SUCCESS,4.454180935418433,106.67754064308616,0.5173218610961499,0.0025718260673026,0.0009931528609797,4.574584004987455,220.44878115821217
H. aturensis,1,800,0.5583878362475472,8,1.4162813380657395,0.7871807017959385,0.4458581456623429,0.1664281232900816,0.6,0.0,SUCCESS,3.1920181491088826,90.07179818515151,2.5722242197983505,0.0094585554473089,0.0037970325785461,3.827314899567915,200.83240138841708
H. aturensis,2,800,0.8527019086635942,8,1.4162813380657395,0.7871807017959385,0.4458581456623429,0.1664281232900816,0.6,0.0,SUCCESS,3.832835642377204,98.98010002271668,3.4418661249844504,0.001986598908924,0.001462044863476,4.235422504918553,195.21185657284684
H. aturensis,2,200,0.2861049960241655,8,1.5439481716752956,0.8916162846219234,0.5099544117369806,0.2391994390450564,0.6,0.0,SUCCESS,5.289499588369927,123.99359415464336,1.2068964300395493,0.0028027313226017,0.0009199069751357,5.542582862519383,186.9136654878116
H. aturensis,3,800,0.7556247827494039,8,1.4162813380657395,0.7871807017959385,0.4458581456623429,0.1664281232900816,0.6,0.0,SUCCESS,5.410115860184986,138.22021201524225,2.770672014765111,0.0025413640434821,0.0013994558068421,5.822435415608049,207.8536470280782
H. aturensis,3,200,0.2190445517688831,8,1.5439481716752956,0.8916162846219234,0.5099544117369806,0.2391994390450564,0.6,0.0,SUCCESS,4.997101174069081,118.14290179361294,0.8507089033962103,0.0027188246316144,0.0009339302999369,5.188435082776534,201.0324503235064
H. aturensis,4,800,0.5017406291771485,8,1.4162813380657395,0.7871807017959385,0.4458581456623429,0.1664281232900816,0.6,0.0,SUCCESS,3.461442651909359,90.8675783511788,1.752396492235199,0.0019465838177035,0.001278769760324,3.7829538462650953,217.46460873623008
H. aturensis,4,200,0.2342878085317056,8,1.5439481716752956,0.8916162846219234,0.5099544117369806,0.2391994390450564,0.6,0.0,SUCCESS,6.60394261122219,155.03530850590604,0.9298633059868706,0.0033118506676042,0.0008839901050143,6.712600057954229,212.54867231634188
H. glutinosa,1,200,0.3207980902411598,8,0.5661425882250397,0.0334309223440104,0.0477901133040915,0.0215407576098221,0.6,0.0,SUCCESS,0.3590641581647104,85.66175580375784,1.2029006503396005,0.0794855525076599,0.0750247028141695,0.1773405474362366,219.4997942134707
H. glutinosa,1,800,0.4778540836605534,8,0.8568603397077003,0.0338163972049261,0.0614031375982746,0.0286610563276531,0.6,0.0,SUCCESS,0.3810147460319844,77.3451741534264,1.8653473995379883,0.0855053570046617,0.0737449264495101,0.1634514474195516,206.09500221082288
H. glutinosa,2,200,0.3000321725262617,8,0.5661425882250397,0.0334309223440104,0.0477901133040915,0.0215407576098221,0.6,0.0,SUCCESS,0.3429296935652137,88.77711986054311,1.2585222445011297,0.0893819469911449,0.0724651123103432,0.1889269062603509,197.1090350645683
H. glutinosa,2,800,0.4165541705826202,8,0.8568603397077003,0.0338163972049261,0.0614031375982746,0.0286610563276531,0.6,0.0,SUCCESS,0.4171019522878776,89.77727535874754,1.835591347620316,0.0845451008155965,0.0755998137757817,0.1940088881150223,188.2023952146156
H. glutinosa,3,200,0.2329413374600122,8,0.5661425882250397,0.0334309223440104,0.0477901133040915,0.0215407576098221,0.6,0.0,SUCCESS,0.3934976367299047,95.41611111345505,0.8870450848539377,0.0956437730471097,0.0705517405832435,0.1991756501092283,212.7139694399989
H. glutinosa,3,800,0.735050011282411,8,0.8568603397077003,0.0338163972049261,0.0614031375982746,0.0286610563276531,0.6,0.0,SUCCESS,0.4109025451759782,81.65711169112222,2.842874325833733,0.094785052938271,0.0713058805973004,0.1718371795727123,209.52032435462027
H. glutinosa,4,800,0.3664777921995089,8,0.8568603397077003,0.0338163972049261,0.0614031375982746,0.0286610563276531,0.6,0.0,SUCCESS,0.33012150458579,64.97561300994562,1.2975740066015682,0.0876470140828926,0.0734209746458706,0.1350048790093552,219.93420254646333
H. glutinosa,4,200,0.2283976594631296,8,0.5661425882250397,0.0334309223440104,0.0477901133040915,0.0215407576098221,0.6,0.0,SUCCESS,0.306161229875692,75.4249893110307,0.8660470547479235,0.0997079156490813,0.0652192214202247,0.1574136150008359,212.87852950213124
H. isocalycia,1,200,0.1759759049499309,8,0.929642081402902,0.4432680408393645,0.2902453639588172,0.0912340392043224,0.6,0.0,SUCCESS,1.5420471440983263,73.87853548532937,0.584006741393317,0.0092520779979729,0.002033892326105,1.792290961426247,261.4102006684609
H. isocalycia,1,800,0.1968233131317451,8,1.1731788211778458,0.3294668344016894,0.2671547615433706,0.0918974492622538,0.6,0.0,SUCCESS,1.9583830987039967,107.1793062480808,0.8140196854246966,0.0040462696246583,0.0013337779559927,2.0019065392282496,230.84778104083296
H. isocalycia,2,200,0.2275744930014304,8,0.929642081402902,0.4432680408393645,0.2902453639588172,0.0912340392043224,0.6,0.0,SUCCESS,1.9098712127130677,89.96943817094817,1.3075260250203655,0.004691451424683,0.0013448506033316,2.4396885675897853,170.2338526361337
H. isocalycia,2,800,0.1615149425318729,8,1.1731788211778458,0.3294668344016894,0.2671547615433706,0.0918974492622538,0.6,0.0,SUCCESS,1.6017104769911217,92.08374040689264,0.7407757087180684,0.0064827665122458,0.0014141258774844,1.7729820141637664,205.87610138396573
H. isocalycia,3,800,1.4192225287597278,8,1.1731788211778458,0.3294668344016894,0.2671547615433706,0.0918974492622538,0.6,0.0,SUCCESS,1.4293506739216868,97.54386228147052,6.847656347783747,0.0937816814525492,0.0658430420441521,1.926028198153888,185.72721444234395
H. isocalycia,3,200,0.4291103914156755,8,0.929642081402902,0.4432680408393645,0.2902453639588172,0.0912340392043224,0.6,0.0,SUCCESS,1.6479320866144165,85.73242583210143,2.1293242739371294,0.0119204716901499,0.0079311872228598,2.248038899809506,196.66906900941652
H. isocalycia,4,800,0.3244531771925391,8,1.1731788211778458,0.3294668344016894,0.2671547615433706,0.0918974492622538,0.6,0.0,SUCCESS,1.3769974022644655,77.78094085879405,1.248459881216171,0.0035439157658734,0.0027702632942925,1.4458541782154886,234.8588319931563
H. isocalycia,4,200,0.396601439766339,8,0.929642081402902,0.4432680408393645,0.2902453639588172,0.0912340392043224,0.6,0.0,SUCCESS,1.961615378900613,101.24425325085409,2.1471194899378645,0.0122358090965792,0.005092621828761,2.716702414809121,178.4199619681805
S. hians,1,800,1.9831928746350984,8,1.6408298404803516,0.6487060023919944,0.352296487196694,0.1203947809621367,0.6,0.0,SUCCESS,3.477235395201035,109.46917224644956,7.711977496200845,0.0028848374769922,0.0068438886594467,3.9921891239154856,211.4734915377536
S. hians,1,200,1.059312690504819,8,1.7778030543702097,0.9014661593366818,0.4781226716355543,0.1485155729389827,0.6,0.0,SUCCESS,4.896256611612801,114.4862652389864,3.6597927373731673,0.0020327295011587,0.0014494504435161,5.532172903508432,223.89885765972585
S. hians,2,800,2.047349452150263,9,1.6408298404803516,0.6487060023919944,0.352296487196694,0.1203947809621367,0.6,0.0,SUCCESS,3.5520217727238985,110.65668970727138,7.822560562774022,0.002756223446005,0.0043927296809497,4.132362715359375,192.3577441216672
S. hians,2,200,0.604256743201731,8,1.7778030543702097,0.9014661593366818,0.4781226716355543,0.1485155729389827,0.6,0.0,SUCCESS,4.146786663456362,95.6554962876605,2.4126806315991445,0.0015333027208896,0.0008793754254943,4.856113254347175,184.02581542238573
S. hians,3,800,2.699295196065944,8,1.6408298404803516,0.6487060023919944,0.352296487196694,0.1203947809621367,0.6,0.0,SUCCESS,3.770635171287885,118.96455582743188,11.302592513724887,0.0039023278230522,0.0128647833360007,4.444387112398783,192.03960070217371
S. hians,3,200,1.1082139440119263,8,1.7778030543702097,0.9014661593366818,0.4781226716355543,0.1485155729389827,0.6,0.0,SUCCESS,4.820708747096706,111.03933494977218,4.713872814548203,0.0021001967887584,0.0016463988494803,5.57895322084635,192.23914136609292
S. hians,4,800,1.5309885056788737,8,1.6408298404803516,0.6487060023919944,0.352296487196694,0.1203947809621367,0.6,0.0,SUCCESS,3.3562695775125557,106.34891404768092,5.072636550717242,0.0021534859515085,0.0029520944611336,3.704628069496704,249.72471329900603
S. hians,4,200,0.2689541595429126,8,1.7778030543702097,0.9014661593366818,0.4781226716355543,0.1485155729389827,0.6,0.0,SUCCESS,5.254801406961973,118.42217715142776,1.1585478894754786,0.0016623605994961,0.0006081224757469,6.098884743198973,172.7868092051581
S. laxum,1,200,0.3144069715422308,8,0.9305191665371012,0.3384775974353286,0.2525628728610073,0.0794736024196168,0.6,0.0,SUCCESS,1.0836225998767188,71.18411248454768,1.06445537186881,0.1253017517127062,0.0538028175642706,1.3744491961065224,237.03517671772855
S. laxum,2,200,0.4071602554678857,8,0.9305191665371012,0.3384775974353286,0.2525628728610073,0.0794736024196168,0.6,0.0,SUCCESS,1.4508362419483618,106.47855380137749,1.7450944902571948,0.1301293550766141,0.0499211007656225,2.18662288388492,186.7653656421028
S. laxum,1,800,0.2416522661154504,8,1.0924663542247384,0.3767981015992269,0.2885611086738183,0.0666769514253212,0.6,0.0,SUCCESS,1.1371484079979146,95.23690026746236,1.0407469379131626,0.0720506293450248,0.0431076538013607,2.1555454761990696,205.8081093540441
S. laxum,3,800,0.2355073758599489,8,1.0924663542247384,0.3767981015992269,0.2885611086738183,0.0666769514253212,0.6,0.0,SUCCESS,1.0028093442925945,84.3862742306475,0.8354224962624457,0.1405960637903925,0.0463258026025218,1.8719426626886932,222.2537768245043
S. laxum,2,800,0.3421879644581054,8,1.0924663542247384,0.3767981015992269,0.2885611086738183,0.0666769514253212,0.6,0.0,SUCCESS,1.404633422939722,103.68488662963772,1.5495052353668086,0.0229211304618589,0.0111211379283384,2.353894900991403,203.35107692683204
S. laxum,3,200,0.2840000431533616,8,0.9305191665371012,0.3384775974353286,0.2525628728610073,0.0794736024196168,0.6,0.0,SUCCESS,1.486940391536163,97.51521717096084,1.2213480537460055,0.0365173105807295,0.0270406007584285,1.9471778406188052,209.25424748818628
S. laxum,4,200,0.3326187597445315,8,0.9305191665371012,0.3384775974353286,0.2525628728610073,0.0794736024196168,0.6,0.0,SUCCESS,0.9885201365695678,68.01899445430426,1.1390956953959162,0.128470047333135,0.0530558666113258,1.3291261300547326,227.04341873582047
S. laxum,4,800,1.1417510493957432,8,1.0924663542247384,0.3767981015992269,0.2885611086738183,0.0666769514253212,0.6,0.0,SUCCESS,1.0883521908174725,107.58972154466356,5.441116932732314,0.1027791065398167,0.061938133756768,2.569008200705584,163.60712855917447
T. cristatus,1,200,2.326237777708866,8,1.932456293809772,0.8161856504215941,0.4187827774815925,0.0943950549978757,0.6,0.0,SUCCESS,7.719427750373445,189.74879933288048,13.371591938445787,0.0024145060800966,0.0026544789576105,9.84407668146202,138.54806301510314
T. cristatus,2,200,0.9611560735259262,8,1.932456293809772,0.8161856504215941,0.4187827774815925,0.0943950549978757,0.6,0.0,SUCCESS,6.465147059937801,158.4765254847394,5.333659818988863,0.0016786365394981,0.0010773240625032,8.24219549899684,136.7003213635486
T. cristatus,1,800,0.611476439477606,8,1.422182976998262,0.7561359245726862,0.4998875675838674,0.1212551955490179,0.6,0.0,SUCCESS,5.970793579255753,154.97942471020613,2.678758296080588,0.0019112518696829,0.0008858687510148,6.952337685531945,167.96725017410637
T. cristatus,3,200,2.629268874686904,8,1.932456293809772,0.8161856504215941,0.4187827774815925,0.0943950549978757,0.6,0.0,SUCCESS,8.652358862595172,211.5604007792184,13.087174583182032,0.0025486289114781,0.0023042108844129,10.923165692571894,142.11610459547225
T. cristatus,2,800,0.7069038630051894,7,1.422182976998262,0.7561359245726862,0.4998875675838674,0.1212551955490179,0.6,0.0,SUCCESS,5.398192686360476,137.59962700948824,4.144881705789942,0.0018700619012581,0.0011839636465204,6.473551269403411,132.08848941932345
T. cristatus,3,800,0.4072672536543701,8,1.422182976998262,0.7561359245726862,0.4998875675838674,0.1212551955490179,0.6,0.0,SUCCESS,4.267310090738175,114.50361869425,1.6031697395355025,0.0013650004585687,0.00063604878883,4.967456974528586,194.25382800272823
T. cristatus,4,200,1.1612742334479962,8,1.932456293809772,0.8161856504215941,0.4187827774815925,0.0943950549978757,0.6,0.0,SUCCESS,6.006683199143016,150.54054266600926,5.4565843247197705,0.001649697934083,0.001234590553927,7.586571802588995,160.41398892333254
T. cristatus,4,800,0.9505892048315964,8,1.422182976998262,0.7561359245726862,0.4998875675838674,0.1212551955490179,0.6,0.0,SUCCESS,5.896984261690129,166.3954944719444,6.155576874478854,0.007609461428212,0.0038371827814257,7.668708625828898,147.4062990225633
T. cristatus,6,200,1.4689471999914656,8,1.932456293809772,0.8161856504215941,0.4187827774815925,0.0943950549978757,0.6,0.0,SUCCESS,4.582869570433347,121.13183354104967,5.567097471784159,0.0014650951146148,0.0015651397369929,5.734923577203591,209.67653052452576
T. forrestii,1,200,0.7490207072226753,8,2.281661790671401,0.3519372249371659,0.2814788365228409,0.0870707393184862,0.6,0.0,SUCCESS,2.0568613729438585,159.86710508321897,3.471211672371453,0.1571094602740208,0.0393005267003421,3.4487573264462226,172.23262400520198
T. forrestii,1,800,1.4618646253144918,8,1.8579903761298235,0.1805861262875186,0.1983923977579862,0.0750871088328947,0.6,0.0,SUCCESS,1.7783684456807451,174.41641787946708,7.561345981397196,0.1335152497121498,0.0557691370446542,1.997704275430713,156.03627420465597
T. cristatus,6,800,0.281420470732329,8,1.422182976998262,0.7561359245726862,0.4998875675838674,0.1212551955490179,0.6,0.0,SUCCESS,2.2585473690576707,63.75680282134832,1.0813201916365325,0.0007648697764056,0.0003884284523321,2.7637130654975914,194.89461934737693
T. forrestii,2,200,1.333099099167068,8,2.281661790671401,0.3519372249371659,0.2814788365228409,0.0870707393184862,0.6,0.0,SUCCESS,3.268237924301502,191.10842287389636,5.165481654023225,0.0709334592400708,0.055227405401805,3.853428236303265,226.4785270018068
T. forrestii,2,800,0.5013946180601713,8,1.8579903761298235,0.1805861262875186,0.1983923977579862,0.0750871088328947,0.6,0.0,SUCCESS,2.1377175062607474,183.44088407546965,2.3259295079580085,0.1497962952188613,0.0426666718606545,2.031415749703654,182.0962109891422
T. forrestii,3,200,0.4274026130643681,8,2.281661790671401,0.3519372249371659,0.2814788365228409,0.0870707393184862,0.6,0.0,SUCCESS,2.332328617408701,149.38699840947183,1.666378450992454,0.0881132135055721,0.0405190961581128,3.041106492468921,218.57776750031255
T. forrestii,3,800,2.78041308291448,8,1.8579903761298235,0.1805861262875186,0.1983923977579862,0.0750871088328947,0.6,0.0,SUCCESS,1.5334700414021645,124.54726060305316,10.097284814104931,0.1172637122282661,0.0621526968552196,1.326918941172267,213.0872253698789
T. forrestii,4,200,2.6638602210280333,8,2.281661790671401,0.3519372249371659,0.2814788365228409,0.0870707393184862,0.6,0.0,SUCCESS,2.538107578663671,174.24641927420623,11.23700462910604,0.1370605722882369,0.0530546414845259,3.6620789164932495,192.76776038815257
T. forrestii,4,800,0.9601494264491364,8,1.8579903761298235,0.1805861262875186,0.1983923977579862,0.0750871088328947,0.6,0.0,SUCCESS,1.8212693519813667,134.4230945284848,3.261752474269386,0.1193351606926188,0.0585886169023054,1.394885836105704,234.90739849761388
F. angustifolia,1,200,0.6642034001758657,8,2.0379564972435595,0.8681020914262425,0.4573861676715414,0.125061121926343,0.9,0.0,SUCCESS,4.429766495425035,114.09774952537605,2.550681427721265,0.0035401964353646,0.0019604683090488,5.361502520004438,238.4278048770444
F. angustifolia,4,200,0.2986737253514621,8,2.0379564972435595,0.8681020914262425,0.4573861676715414,0.125061121926343,0.9,0.0,SUCCESS,4.786927922264397,114.89850518520318,1.2501787581672872,0.0015272019589101,0.0007156881484839,5.687597290715901,195.70044682123705
F. angustifolia,4,800,0.8733277186816049,8,2.367206810518846,0.8578370039851739,0.4886260319061323,0.1474221516940808,0.9,0.0,SUCCESS,3.818538760768233,123.10142415819134,3.8739962659528047,0.0315691513267305,0.0124723737157726,5.760887413981516,210.5277972383562
F. angustifolia,3,200,0.4279768860063249,8,2.0379564972435595,0.8681020914262425,0.4573861676715414,0.125061121926343,0.9,0.0,SUCCESS,6.763883211770857,159.8382283347826,1.4878829348551932,0.0017703415311206,0.0005970481616223,7.818605661997708,205.26959359327452
F. angustifolia,1,800,0.2889175833728838,8,2.367206810518846,0.8578370039851739,0.4886260319061323,0.1474221516940808,0.9,0.0,SUCCESS,4.989726811953644,142.90943476198646,1.1026007316422124,0.0229367808314021,0.0023227960616337,6.503584056522492,233.60746687600948
F. angustifolia,2,800,0.4019663027390375,8,2.367206810518846,0.8578370039851739,0.4886260319061323,0.1474221516940808,0.9,0.0,SUCCESS,3.940491478481482,121.75141085576308,1.586130795943106,0.0274782972899913,0.0041788516040671,5.575781520913477,228.33970352220396
F. angustifolia,2,200,0.559833378686653,8,2.0379564972435595,0.8681020914262425,0.4573861676715414,0.125061121926343,0.9,0.0,SUCCESS,5.263015301090033,157.29864162009758,2.071780908004854,0.0241965032806923,0.0041459363111755,7.354532093441148,242.6659304335453
F. angustifolia,3,800,0.4515412396902878,8,2.367206810518846,0.8578370039851739,0.4886260319061323,0.1474221516940808,0.9,0.0,SUCCESS,3.966778042304609,115.63327220945536,1.8917898866795184,0.0149818813817897,0.002882573092299,5.318439525794996,224.76408110227447
F. cronquistii,1,200,0.3976651670838557,8,1.1459332336811563,0.0526491343822869,0.0786833529854936,0.0181288707314489,0.9,0.0,SUCCESS,0.4247957053430446,114.38945524528904,1.2200886119721588,0.1077399968745209,0.0631841176050774,0.3548825400784065,264.4421232150411
F. cronquistii,1,800,0.2109420412429447,8,1.7636022704464749,0.0536007554884411,0.0799729580148663,0.0176066275206149,0.9,0.0,SUCCESS,0.3359153542085269,119.98692364750022,0.7950685092466117,0.0609799211278536,0.0730047778376663,0.3963200281274465,226.8789545079896
F. cronquistii,2,200,0.3182241837122346,8,1.1459332336811563,0.0526491343822869,0.0786833529854936,0.0181288707314489,0.9,0.0,SUCCESS,0.3135145680061338,107.93019862075278,1.2705288601804128,0.1063432886466086,0.0647764151268315,0.3601773166024292,203.35713302882004
F. cronquistii,2,800,0.2469368902289749,8,1.7636022704464749,0.0536007554884411,0.0799729580148663,0.0176066275206149,0.9,0.0,SUCCESS,0.4323810047909592,146.97952536399703,0.9198671041468174,0.0800594210159194,0.0705382068968977,0.4887233967140758,221.36021079897145
F. cronquistii,3,200,0.3535745458864348,8,1.1459332336811563,0.0526491343822869,0.0786833529854936,0.0181288707314489,0.9,0.0,SUCCESS,0.5277672092936357,156.7209631099135,1.300417200521153,0.1140634195231866,0.0636112956921579,0.5130597367426478,218.9971833411877
F. cronquistii,3,800,0.7815287951935846,8,1.7636022704464749,0.0536007554884411,0.0799729580148663,0.0176066275206149,0.9,0.0,SUCCESS,0.2320265210021537,104.02618192296532,3.249926642332447,0.1073002857677805,0.0636277332435338,0.3563650502290263,197.1192762070933
F. cronquistii,4,800,0.3542076866069156,8,1.7636022704464749,0.0536007554884411,0.0799729580148663,0.0176066275206149,0.9,0.0,SUCCESS,0.4254985009461968,140.09746909565138,1.2438082196789535,0.1012939653062946,0.0670752901696363,0.4592629545723197,233.17987862097905
F. cronquistii,4,200,0.6643591951287031,8,1.1459332336811563,0.0526491343822869,0.0786833529854936,0.0181288707314489,0.9,0.0,SUCCESS,0.5116786537417506,152.07914828665417,2.3778191813631797,0.1106209655022002,0.0634903677804251,0.4971913916412839,220.11016393164076
F. pringlei,1,200,0.7486384039201324,8,1.4410241959019925,0.0315805733480407,0.0541623953315169,0.0113533809315291,0.9,0.0,SUCCESS,0.285808999021904,138.14016846718462,2.587675124686868,0.0980520383065224,0.0702029788286717,0.2670310541194662,237.8077383043597
F. pringlei,1,800,1.1014728995645129,8,2.228132771295143,0.0138052017677195,0.0495236851093281,0.0068562212040635,0.9,0.0,SUCCESS,0.0754987572315015,111.7114928571111,3.572142657904124,0.098487291397786,0.0693048062629292,0.0933852977827896,250.80673042401435
F. pringlei,2,800,0.2983141461091583,8,2.228132771295143,0.0138052017677195,0.0495236851093281,0.0068562212040635,0.9,0.0,SUCCESS,0.074386113147467,114.13605382760112,1.034417166809753,0.088597301016885,0.0697971175344971,0.0964982770818565,241.18505659143645
F. pringlei,2,200,0.975846732461912,8,1.4410241959019925,0.0315805733480407,0.0541623953315169,0.0113533809315291,0.9,0.0,SUCCESS,0.268535842257083,121.8106504904164,3.07686697448694,0.0969175245151199,0.0697098889764266,0.2279418914458109,265.59295898979343
F. pringlei,3,200,0.7441673821204977,8,1.4410241959019925,0.0315805733480407,0.0541623953315169,0.0113533809315291,0.9,0.0,SUCCESS,0.2842106010543582,131.04901277729746,2.424031573795304,0.090269957747408,0.0725620245382393,0.2483118855314981,254.7980916481281
F. pringlei,4,200,0.6491986600470205,8,1.4410241959019925,0.0315805733480407,0.0541623953315169,0.0113533809315291,0.9,0.0,SUCCESS,0.1644984540390083,87.00372978581589,2.1345313300995628,0.0903230037724664,0.069393646839302,0.1643348229550801,257.51553574446973
F. pringlei,3,800,1.0797037085135708,8,2.228132771295143,0.0138052017677195,0.0495236851093281,0.0068562212040635,0.9,0.0,SUCCESS,0.0553098298678043,91.38223866565954,3.109624944632749,0.1024155567436781,0.0689126049357557,0.0735382638051315,283.9678329322289
F. pringlei,4,800,1.0283914503197382,8,2.228132771295143,0.0138052017677195,0.0495236851093281,0.0068562212040635,0.9,0.0,SUCCESS,0.053299906686857,92.59073965897616,3.062033439863143,0.0966402422347245,0.068506828129684,0.0753939338148551,273.5662098966408
F. sonorensis,1,200,0.3179716383168393,8,2.383434856935553,0.8035283107338936,0.326115179092953,0.1175093557545264,0.9,0.0,SUCCESS,5.799468882317137,149.1382642502025,1.1206170494596677,0.0015869250646604,0.0005860168708537,6.652072348618609,224.5847216100805
F. sonorensis,2,200,0.4106346363040747,8,2.383434856935553,0.8035283107338936,0.326115179092953,0.1175093557545264,0.9,0.0,SUCCESS,3.4196561509217105,90.51785577996304,1.4759468400249889,0.0010879920567114,0.0006036109602633,4.067799858462274,218.3930554344196
F. sonorensis,1,800,0.5638468487877284,8,1.9430792891126965,0.7872488012599169,0.3201844550942671,0.1309322049082482,0.9,0.0,SUCCESS,4.154726176949864,132.6802325023338,2.178200276209168,0.0318316782286144,0.00801849856317,5.662892581980164,231.4628141921941
F. sonorensis,3,200,0.5214993369271171,8,2.383434856935553,0.8035283107338936,0.326115179092953,0.1175093557545264,0.9,0.0,SUCCESS,5.759807460246117,158.49715813940975,1.9221375817360664,0.0063918925016142,0.0015996648103103,6.85938408569806,249.9675054744351
F. sonorensis,2,800,0.5629417490034003,8,1.9430792891126965,0.7872488012599169,0.3201844550942671,0.1309322049082482,0.9,0.0,SUCCESS,4.090288028041893,134.5130959550416,2.286330094340613,0.0415460052484965,0.0104276162322981,5.768056718269707,227.5612462471734
F. sonorensis,3,800,0.3385891671844365,8,1.9430792891126965,0.7872488012599169,0.3201844550942671,0.1309322049082482,0.9,0.0,SUCCESS,4.24990290021335,117.98478626484967,1.3059061184853815,0.0060168250443586,0.0012454055549732,4.946535071709574,246.5194546242272
F. sonorensis,4,800,0.1240909054067431,8,1.9430792891126965,0.7872488012599169,0.3201844550942671,0.1309322049082482,0.9,0.0,SUCCESS,5.250919637183376,143.72662853522618,0.5306676289320507,0.0072150702565465,0.0004741637037419,6.231868688941916,218.3904715873145
F. sonorensis,4,200,0.5802538265440644,8,2.383434856935553,0.8035283107338936,0.326115179092953,0.1175093557545264,0.9,0.0,SUCCESS,4.957782510053028,153.96570461334036,2.622048058521869,0.0162082750403184,0.0034180706685329,6.989537861738466,210.10462352361876
H. aturensis,1,200,0.0904763136792238,8,1.5439481716752956,0.8916162846219234,0.5099544117369806,0.2391994390450564,0.9,0.0,SUCCESS,4.269977965325088,102.15161328183544,0.5004679880855605,0.0031625251371093,0.0012317710885679,4.321643736960747,231.67737645201976
H. aturensis,2,800,0.7761730414221488,8,1.4162813380657395,0.7871807017959385,0.4458581456623429,0.1664281232900816,0.9,0.0,SUCCESS,3.642600653332013,94.77537332718772,2.9893929250505025,0.00186548918401,0.0012726269957294,4.007842960776558,204.71528924723196
H. aturensis,1,800,0.576613256830153,8,1.4162813380657395,0.7871807017959385,0.4458581456623429,0.1664281232900816,0.9,0.0,SUCCESS,3.0640246219130045,86.40003799933581,2.512542993512646,0.009133516903721,0.0040160159717556,3.6289456881040194,210.22485357266072
H. aturensis,3,200,0.2289522204381296,8,1.5439481716752956,0.8916162846219234,0.5099544117369806,0.2391994390450564,0.9,0.0,SUCCESS,4.733618844212776,112.50616308988614,0.8995642931329826,0.0028095616652531,0.0011114742781299,4.870598474260299,212.650472562292
H. aturensis,2,200,0.2648648056332089,8,1.5439481716752956,0.8916162846219234,0.5099544117369806,0.2391994390450564,0.9,0.0,SUCCESS,4.977917492377459,117.65161885495615,1.0640758375214077,0.0026580394943183,0.0009457576931421,5.183973717125375,198.37471672143337
H. aturensis,3,800,0.608397369887478,8,1.4162813380657395,0.7871807017959385,0.4458581456623429,0.1664281232900816,0.9,0.0,SUCCESS,5.020180946391797,129.65432835545693,2.0539799724358474,0.0022412165683726,0.0010571253805565,5.366159882340434,222.29361077826275
H. aturensis,4,800,0.4652232629973287,8,1.4162813380657395,0.7871807017959385,0.4458581456623429,0.1664281232900816,0.9,0.0,SUCCESS,3.3062541431102663,87.41716198025125,1.571874866609832,0.0019413768840946,0.0012330210019873,3.595186202586936,227.5461120453381
H. aturensis,4,200,0.1031155265260217,8,1.5439481716752956,0.8916162846219234,0.5099544117369806,0.2391994390450564,0.9,0.0,SUCCESS,6.124782132621062,145.33183261180648,0.4324461201240837,0.003029112877444,0.000623514313239,6.172048612122477,228.479917326022
H. glutinosa,1,200,0.322474638301059,8,0.5661425882250397,0.0334309223440104,0.0477901133040915,0.0215407576098221,0.9,0.0,SUCCESS,0.3534618697362169,81.81824070279656,1.108258930460252,0.0908091194260065,0.0739191422522601,0.1674843678336145,228.8379321617902
H. glutinosa,1,800,0.476004319012786,8,0.8568603397077003,0.0338163972049261,0.0614031375982746,0.0286610563276531,0.9,0.0,SUCCESS,0.3754992538903727,74.32881230099923,1.7415879385068394,0.0881078829085416,0.0733889386766524,0.1556294339142557,213.6303740303937
H. glutinosa,2,200,0.3215942063435595,8,0.5661425882250397,0.0334309223440104,0.0477901133040915,0.0215407576098221,0.9,0.0,SUCCESS,0.3363694736708203,84.39302670299548,1.2672791353266746,0.0940178900555273,0.0703603393683355,0.1776548680166456,205.86739005110192
H. glutinosa,2,800,0.4308814793339139,8,0.8568603397077003,0.0338163972049261,0.0614031375982746,0.0286610563276531,0.9,0.0,SUCCESS,0.4091274889169657,85.47390990422981,1.8033419468016447,0.0833928086761252,0.0742830993796547,0.1828290104060389,196.34988321135316
H. glutinosa,3,200,0.2560454162869146,8,0.5661425882250397,0.0334309223440104,0.0477901133040915,0.0215407576098221,0.9,0.0,SUCCESS,0.3862909825218027,90.58617541437692,0.9348325515199748,0.0992531949657885,0.0699416462658739,0.186759397183647,222.92106350274716
H. glutinosa,3,800,0.7281444175872271,8,0.8568603397077003,0.0338163972049261,0.0614031375982746,0.0286610563276531,0.9,0.0,SUCCESS,0.4052154774802572,78.42593257150297,2.7778087127198816,0.09276689936488,0.0702420965403118,0.1634045790400547,217.6503818213944
H. glutinosa,4,800,0.3841150986557797,8,0.8568603397077003,0.0338163972049261,0.0614031375982746,0.0286610563276531,0.9,0.0,SUCCESS,0.3253137619759686,62.69675685323432,1.3742773807642514,0.0939603180092111,0.0737034995941629,0.1291921792605383,226.8077025895216
H. glutinosa,4,200,0.2285262229228788,8,0.5661425882250397,0.0334309223440104,0.0477901133040915,0.0215407576098221,0.9,0.0,SUCCESS,0.3019965758791957,72.46506338204638,0.8368145808816578,0.1061557074708091,0.0661091536961524,0.1497666197036953,220.89415682497196
H. isocalycia,1,200,0.1650138299137004,8,0.929642081402902,0.4432680408393645,0.2902453639588172,0.0912340392043224,0.9,0.0,SUCCESS,1.502455461690989,71.43160940534598,0.5395520759196302,0.0090506782184371,0.0018323664232813,1.7142506309581598,270.8395910039722
H. isocalycia,1,800,0.1572575638939159,8,1.1731788211778458,0.3294668344016894,0.2671547615433706,0.0918974492622538,0.9,0.0,SUCCESS,1.8626339488372547,101.84276099130663,0.6049289440007044,0.0038618138899937,0.0009888698272423,1.875074697021108,242.93841936801783
H. isocalycia,3,800,1.3939387728847492,8,1.1731788211778458,0.3294668344016894,0.2671547615433706,0.0918974492622538,0.9,0.0,SUCCESS,1.3957915615284735,92.67620850859382,6.644489841250554,0.0932172996209694,0.066624054195209,1.808313324888616,195.16131175925057
H. isocalycia,2,200,0.2322736488790137,8,0.929642081402902,0.4432680408393645,0.2902453639588172,0.0912340392043224,0.9,0.0,SUCCESS,1.819566551646244,85.77701979423964,1.2982897303332592,0.0044616581970156,0.0013789678561514,2.3030445649834803,177.9522196832576
H. isocalycia,2,800,0.1721648246081186,8,1.1731788211778458,0.3294668344016894,0.2671547615433706,0.0918974492622538,0.9,0.0,SUCCESS,1.5374745146742033,87.92659287331568,0.7160578087904526,0.0060448045453568,0.0015384797106409,1.6737784783003131,215.1478576187375
H. isocalycia,3,200,0.4411451903797029,8,0.929642081402902,0.4432680408393645,0.2902453639588172,0.0912340392043224,0.9,0.0,SUCCESS,1.5847064458312916,81.97706674817698,2.058047469887562,0.0116280612544732,0.0093783035314922,2.127013810873142,205.15904633580936
H. isocalycia,4,800,0.3299108485364524,8,1.1731788211778458,0.3294668344016894,0.2671547615433706,0.0918974492622538,0.9,0.0,SUCCESS,1.328142769160923,74.90514440349065,1.179103216799234,0.0031492855876291,0.0024051955314988,1.3776788604028007,243.820474146982
H. isocalycia,4,200,0.3964490062893798,8,0.929642081402902,0.4432680408393645,0.2902453639588172,0.0912340392043224,0.9,0.0,SUCCESS,1.875792004550846,95.78646280747492,1.9670263091655968,0.0112421913528563,0.0047006281399499,2.5404714418900505,187.59219809010455
S. hians,1,800,1.7587136745896712,8,1.6408298404803516,0.6487060023919944,0.352296487196694,0.1203947809621367,0.9,0.0,SUCCESS,3.270630835523373,103.54098078697932,6.489577472507136,0.0026176052042086,0.0058164184010992,3.725950395907488,222.4268360134249
S. hians,1,200,0.9059389597156274,8,1.7778030543702097,0.9014661593366818,0.4781226716355543,0.1485155729389827,0.9,0.0,SUCCESS,4.605143153219542,108.71874390043172,2.980895739400616,0.0017464483317183,0.0011652874543984,5.173476400770402,236.7012435209381
S. hians,2,800,1.918022220593224,9,1.6408298404803516,0.6487060023919944,0.352296487196694,0.1203947809621367,0.9,0.0,SUCCESS,3.33455871847298,104.9394209996554,7.122754784946906,0.0027418955066326,0.0060054545806944,3.8684952461904287,202.725245778436
S. hians,3,800,2.474326559374262,8,1.6408298404803516,0.6487060023919944,0.352296487196694,0.1203947809621367,0.9,0.0,SUCCESS,3.5428637953532007,112.52896843721032,9.789754220159566,0.0037083043264294,0.0141764198572989,4.147711913406571,202.83514300869925
S. hians,2,200,0.5809948777894306,8,1.7778030543702097,0.9014661593366818,0.4781226716355543,0.1485155729389827,0.9,0.0,SUCCESS,3.927918001659698,91.42689725471124,2.1883034310628418,0.0014292855054198,0.0008100111415939,4.588490597772075,193.11968297850316
S. hians,3,200,1.014179375134148,8,1.7778030543702097,0.9014661593366818,0.4781226716355543,0.1485155729389827,0.9,0.0,SUCCESS,4.528806183852069,105.27360864291384,3.9264774440285777,0.001909499424941,0.001419220119466,5.216442762679956,203.35500953391784
S. hians,4,800,1.415597028372236,8,1.6408298404803516,0.6487060023919944,0.352296487196694,0.1203947809621367,0.9,0.0,SUCCESS,3.1636925189989027,101.15339036646714,4.420973954347886,0.0021691648303275,0.0034079910298317,3.47268864677043,262.2516828685717
S. hians,4,200,0.263703200740301,8,1.7778030543702097,0.9014661593366818,0.4781226716355543,0.1485155729389827,0.9,0.0,SUCCESS,4.910948939275632,111.90536603529732,1.0702548273733896,0.0015888508104508,0.0006025014793585,5.681897904244548,183.91035454401225
S. laxum,1,200,0.3252715679827004,8,0.9305191665371012,0.3384775974353286,0.2525628728610073,0.0794736024196168,0.9,0.0,SUCCESS,1.066736605772313,68.64567434052677,1.07478868864483,0.1208967532850843,0.0549376143932922,1.3123436456327306,245.4257879434196
S. laxum,2,200,0.4107767034862382,8,0.9305191665371012,0.3384775974353286,0.2525628728610073,0.0794736024196168,0.9,0.0,SUCCESS,1.4124030085845904,100.47061183027412,1.7583268369623752,0.1231384156524394,0.0505258756595758,2.0375664653581995,196.73115984658443
S. laxum,1,800,0.2420635606205249,8,1.0924663542247384,0.3767981015992269,0.2885611086738183,0.0666769514253212,0.9,0.0,SUCCESS,1.1138072648558,90.58948803413509,1.0038135687117773,0.0603081562242146,0.0397787056688016,2.0264570883541397,215.35956493984395
S. laxum,2,800,0.2987318828838803,8,1.0924663542247384,0.3767981015992269,0.2885611086738183,0.0666769514253212,0.9,0.0,SUCCESS,1.3585544705097543,98.11438876027492,1.2852845456830693,0.0201778844848493,0.0102657641228599,2.1995051043863323,213.60181916086043
S. laxum,3,800,0.2528600216381516,8,1.0924663542247384,0.3767981015992269,0.2885611086738183,0.0666769514253212,0.9,0.0,SUCCESS,0.9845311364938798,80.8686724085585,0.8529653822815675,0.1275129758611056,0.0503983735273572,1.7739149550181412,231.567954963099
S. laxum,4,800,1.0894771589981544,8,1.0924663542247384,0.3767981015992269,0.2885611086738183,0.0666769514253212,0.9,0.0,SUCCESS,1.051684728799073,101.48757764705748,4.638074195575413,0.1031277404179756,0.0633520068856081,2.3942903910437665,172.90846167553138
S. laxum,3,200,0.2523116035225841,8,0.9305191665371012,0.3384775974353286,0.2525628728610073,0.0794736024196168,0.9,0.0,SUCCESS,1.4501997656824597,92.7073233913588,1.0330579602270973,0.0314615811855483,0.0186637245915998,1.82864375489271,219.27434036134665
S. laxum,4,200,0.3337842962195942,8,0.9305191665371012,0.3384775974353286,0.2525628728610073,0.0794736024196168,0.9,0.0,SUCCESS,0.973946109376484,65.72583207383373,1.0971826015274146,0.128383933378456,0.0537285719438606,1.2726070025424754,234.69015423661335
T. cristatus,1,200,2.005985263249265,8,1.932456293809772,0.8161856504215941,0.4187827774815925,0.0943950549978757,0.9,0.0,SUCCESS,6.838811797561103,170.1421440558852,10.108093411016045,0.0020690926192319,0.001808668425105,8.672971987658107,151.72641216410926
T. cristatus,2,200,0.9364955723293324,8,1.932456293809772,0.8161856504215941,0.4187827774815925,0.0943950549978757,0.9,0.0,SUCCESS,5.854050320903705,145.59935764754226,4.709816386084484,0.001569872179527,0.0010910653286685,7.452810211038035,148.5927176799768
T. cristatus,3,200,2.312794168543739,8,1.932456293809772,0.8161856504215941,0.4187827774815925,0.0943950549978757,0.9,0.0,SUCCESS,7.567405531794374,188.69393205366256,10.743638607978312,0.0024142360209169,0.0025939108766716,9.546424772361323,157.44383505733285
T. cristatus,2,800,0.6898130072814161,7,1.422182976998262,0.7561359245726862,0.4998875675838674,0.1212551955490179,0.9,0.0,SUCCESS,4.957957964590982,127.86110842344404,3.745052385714565,0.0017755485294058,0.0011690239107801,5.9356842963877,141.9730304202606
T. cristatus,1,800,0.5792758566533371,8,1.422182976998262,0.7561359245726862,0.4998875675838674,0.1212551955490179,0.9,0.0,SUCCESS,5.441082748684407,143.21073833595898,2.385568789734052,0.0018385638881354,0.0009324050970996,6.307243267422816,182.3064079492338
T. cristatus,4,200,1.0625447480486188,8,1.932456293809772,0.8161856504215941,0.4187827774815925,0.0943950549978757,0.9,0.0,SUCCESS,5.477753696128199,139.1940878623465,4.4946234316333005,0.0015292666971018,0.0010937946249743,6.901584375310088,172.94954876256782
T. cristatus,4,800,0.7626956325452838,8,1.422182976998262,0.7561359245726862,0.4998875675838674,0.1212551955490179,0.9,0.0,SUCCESS,5.373026317297071,152.22316072880702,4.469793712315209,0.0067408545697866,0.0030520936228693,6.898126192936876,160.19681254497272
T. cristatus,3,800,0.340668699419028,8,1.422182976998262,0.7561359245726862,0.4998875675838674,0.1212551955490179,0.9,0.0,SUCCESS,3.993715789193037,108.35477219498333,1.2791880726140832,0.0012811596954184,0.0005522027078765,4.633281517758717,205.87009036993976
T. cristatus,6,200,1.282784271938229,8,1.932456293809772,0.8161856504215941,0.4187827774815925,0.0943950549978757,0.9,0.0,SUCCESS,4.275473090154392,114.08461343946028,4.55577395284547,0.0012810952735515,0.0011139259898587,5.315626461180706,222.7874109424854
T. forrestii,1,800,1.2871520843650808,8,1.8579903761298235,0.1805861262875186,0.1983923977579862,0.0750871088328947,0.9,0.0,SUCCESS,1.7111746932410796,159.78344631042097,6.111297242991228,0.1356971219323472,0.0531054718126958,1.7985525104136877,169.36931516131298
T. forrestii,1,200,0.5732725677929376,8,2.281661790671401,0.3519372249371659,0.2814788365228409,0.0870707393184862,0.9,0.0,SUCCESS,1.964285601594616,147.54713443744777,2.440001371159497,0.1556691331553427,0.0389148814702579,3.130550542966009,185.23363748719711
T. cristatus,6,800,0.2761061372304079,8,1.422182976998262,0.7561359245726862,0.4998875675838674,0.1212551955490179,0.9,0.0,SUCCESS,2.177461214929315,61.96675105101601,1.0313404254324716,0.0007654158234886,0.000396681123239,2.665112053188716,201.19157334339224
T. forrestii,2,200,1.089368643447498,8,2.281661790671401,0.3519372249371659,0.2814788365228409,0.0870707393184862,0.9,0.0,SUCCESS,3.0996268710115498,174.22893773355787,3.8262385998957313,0.0596555524429269,0.0491579889803189,3.429539931873924,246.70782661193977
T. forrestii,3,800,2.370349312361757,8,1.8579903761298235,0.1805861262875186,0.1983923977579862,0.0750871088328947,0.9,0.0,SUCCESS,1.5096976977595262,117.948002450407,8.194342377727715,0.1202437041702921,0.0601296102881083,1.2365944236586124,226.31339109800783
T. forrestii,2,800,0.4599270381252829,8,1.8579903761298235,0.1805861262875186,0.1983923977579862,0.0750871088328947,0.9,0.0,SUCCESS,2.046228696945274,166.72864778576468,1.8955329927426303,0.1335188853352739,0.0490278718154654,1.8094596214009973,198.1209276738341
T. forrestii,3,200,0.2768288116776343,8,2.281661790671401,0.3519372249371659,0.2814788365228409,0.0870707393184862,0.9,0.0,SUCCESS,2.2559087307392467,138.66403162161646,0.9975307907889004,0.0599963954494623,0.0195054468081022,2.7708722988243077,233.99846472410516
T. forrestii,4,200,2.1787719577527014,8,2.281661790671401,0.3519372249371659,0.2814788365228409,0.0870707393184862,0.9,0.0,SUCCESS,2.4240320445989494,160.0169175679575,8.457530927260592,0.140402749950438,0.0509445002307325,3.2953964066321904,209.11871566835956
T. forrestii,4,800,0.7702719004988501,8,1.8579903761298235,0.1805861262875186,0.1983923977579862,0.0750871088328947,0.9,0.0,SUCCESS,1.7728866991714345,126.09462106879296,2.6023233453217216,0.1174326368890699,0.0587107528748327,1.2859176070171867,249.61556373729664
F. angustifolia,3,200,1.3702280466901655,8,2.0379564972435595,0.8681020914262425,0.4573861676715414,0.125061121926343,0.3,0.1,SUCCESS,10.8487398297841,240.14959923162385,6.354465499032955,0.00301319820731,0.001398529186827,12.860687514600048,135.19487403994123
F. angustifolia,1,200,0.5651978714762496,8,2.0379564972435595,0.8681020914262425,0.4573861676715414,0.125061121926343,0.3,0.1,SUCCESS,5.939330598025884,144.34758426254865,2.93130504127555,0.0039320193283317,0.0019651240909614,7.286673716633391,180.19102429786105
F. angustifolia,4,200,0.4352435424325614,8,2.0379564972435595,0.8681020914262425,0.4573861676715414,0.125061121926343,0.3,0.1,SUCCESS,6.523681679067824,148.87270388027616,2.444221887926645,0.0021036427921824,0.0010378472246464,7.843165163935261,147.38945555919702
F. angustifolia,2,200,1.0785824258165315,8,2.0379564972435595,0.8681020914262425,0.4573861676715414,0.125061121926343,0.3,0.1,SUCCESS,7.569389536138859,231.1657900157897,6.400692632434783,0.0354292362106879,0.0085050947002752,11.901780981187,164.8704104235269
F. angustifolia,1,800,0.5744440350691831,8,2.367206810518846,0.8578370039851739,0.4886260319061323,0.1474221516940808,0.3,0.1,SUCCESS,6.742208756805809,199.4240997304436,3.369507163966034,0.0353438280694559,0.0051675200442293,9.864733131370102,166.59139621340807
F. angustifolia,4,800,0.8764916926841918,8,2.367206810518846,0.8578370039851739,0.4886260319061323,0.1474221516940808,0.3,0.1,SUCCESS,4.759107114465429,163.8155037467346,5.444011532234512,0.0529038317357673,0.0165363046029951,8.19797614020706,157.69328907477217
F. angustifolia,3,800,0.3960013406392642,8,2.367206810518846,0.8578370039851739,0.4886260319061323,0.1474221516940808,0.3,0.1,SUCCESS,5.023720695164659,149.10200227181912,2.127168546236362,0.0228944370532459,0.0031703845051798,7.320051085129322,172.42814667152817
F. angustifolia,2,800,0.380700580957771,8,2.367206810518846,0.8578370039851739,0.4886260319061323,0.1474221516940808,0.3,0.1,SUCCESS,4.914335632999178,160.63454280773928,2.157960806335666,0.0453514635672544,0.0056781448001004,7.879982753263552,173.04395653311636
F. cronquistii,1,800,0.7327952682516371,8,1.7636022704464749,0.0536007554884411,0.0799729580148663,0.0176066275206149,0.3,0.1,SUCCESS,0.3995022592731275,160.23232528883173,3.5399661984762787,0.105726218863009,0.0645119643010347,0.5643610839547328,175.18847685112928
F. cronquistii,3,200,1.4519568968915937,8,1.1459332336811563,0.0526491343822869,0.0786833529854936,0.0181288707314489,0.3,0.1,SUCCESS,0.6524272685077798,242.84030986246057,6.320037803290191,0.1051140983714581,0.0647965839295623,0.8657920765991624,151.6936962071921
F. cronquistii,2,200,0.668517432814893,8,1.1459332336811563,0.0526491343822869,0.0786833529854936,0.0181288707314489,0.3,0.1,SUCCESS,0.3643407890875881,141.9514426569387,3.596795059064249,0.1113750331404067,0.0630029758914464,0.5000892431579047,160.77028889431836
F. cronquistii,1,200,0.9635719824648266,8,1.1459332336811563,0.0526491343822869,0.0786833529854936,0.0181288707314489,0.3,0.1,SUCCESS,0.4822499599072635,150.03421470871544,3.9708683693197457,0.1103026918182935,0.0640810597414508,0.4997130837592314,204.92576812073528
F. cronquistii,2,800,1.1094920787343572,8,1.7636022704464749,0.0536007554884411,0.0799729580148663,0.0176066275206149,0.3,0.1,SUCCESS,0.5390444713364158,217.5464146403555,5.904235801328326,0.1115801421587651,0.0656032346304678,0.7826135681040982,158.87583698819083
F. cronquistii,4,200,1.6643422398524632,8,1.1459332336811563,0.0526491343822869,0.0786833529854936,0.0181288707314489,0.3,0.1,SUCCESS,0.6320542725985719,233.413422880646,8.93869315056645,0.1079237613562863,0.0646688845517898,0.8293809169584053,154.2465449589835
F. cronquistii,3,800,1.693816863561191,8,1.7636022704464749,0.0536007554884411,0.0799729580148663,0.0176066275206149,0.3,0.1,SUCCESS,0.2722024388966383,130.93086527174617,9.277116170241165,0.1056023515263398,0.0666277682659833,0.471145877164925,158.668735169212
F. cronquistii,4,800,1.24400265144416,8,1.7636022704464749,0.0536007554884411,0.0799729580148663,0.0176066275206149,0.3,0.1,SUCCESS,0.5195036985038556,200.4111986871962,6.37552903535618,0.1013049259885003,0.0643461480072678,0.7101852728790035,170.46131239732478
F. pringlei,1,200,1.6982458293988438,8,1.4410241959019925,0.0315805733480407,0.0541623953315169,0.0113533809315291,0.3,0.1,SUCCESS,0.3457037853363995,197.30631115982283,8.673892820176377,0.1079902504986757,0.0669414192274233,0.4118837782488223,175.50785863825098
F. pringlei,1,800,0.8532154168183259,8,2.228132771295143,0.0138052017677195,0.0495236851093281,0.0068562212040635,0.3,0.1,SUCCESS,0.1014304006548334,142.82289289206366,3.5812293000219317,0.0959165816218016,0.0695357109221369,0.1270760762937906,199.12329428443505
F. pringlei,2,200,1.548131480858567,8,1.4410241959019925,0.0315805733480407,0.0541623953315169,0.0113533809315291,0.3,0.1,SUCCESS,0.3132801822158715,162.27106804205852,6.5853608350621045,0.0933261595082415,0.0679521055129703,0.3264680279750007,204.8256013795937
F. pringlei,2,800,0.7861977817692007,8,2.228132771295143,0.0138052017677195,0.0495236851093281,0.0068562212040635,0.3,0.1,SUCCESS,0.0999294146670405,146.7356399615959,3.4411060640057087,0.0979424027872386,0.0664960846048497,0.1320369616165763,190.12379436889776
F. pringlei,3,800,0.9769819725451876,8,2.228132771295143,0.0138052017677195,0.0495236851093281,0.0068562212040635,0.3,0.1,SUCCESS,0.0746714298549705,108.82914772631332,3.4561170856222674,0.0993479351641155,0.0686511953525117,0.0924071605774764,237.56582701973304
F. pringlei,3,200,1.207188926443239,8,1.4410241959019925,0.0315805733480407,0.0541623953315169,0.0113533809315291,0.3,0.1,SUCCESS,0.3370934694435781,181.68954214939964,5.379081166302655,0.0956268883079693,0.0685433757100214,0.3720856021701456,190.58689956221943
F. pringlei,4,200,0.6631966520542459,8,1.4410241959019925,0.0315805733480407,0.0541623953315169,0.0113533809315291,0.3,0.1,SUCCESS,0.1862702799529968,104.4218983857496,2.623939141164122,0.0984500863539734,0.0699626310856091,0.2072475008335714,215.89232238031903
F. pringlei,4,800,0.8618598592332299,8,2.228132771295143,0.0138052017677195,0.0495236851093281,0.0068562212040635,0.3,0.1,SUCCESS,0.0728321447141728,110.79209620112309,3.0320164260747475,0.1016145225696339,0.069257213513093,0.095121681115053,228.29576173905912
F. sonorensis,1,200,1.101511321860384,8,2.383434856935553,0.8035283107338936,0.326115179092953,0.1175093557545264,0.3,0.1,SUCCESS,8.757937406583515,212.5138177249068,5.5611288680791375,0.0028941295622602,0.0017641880300084,10.341236676752402,155.48451785321362
F. sonorensis,2,200,0.3901120350319702,8,2.383434856935553,0.8035283107338936,0.326115179092953,0.1175093557545264,0.3,0.1,SUCCESS,4.219184871806766,107.10320978738986,1.75540496247595,0.0013819715744498,0.0007709265567995,5.057592026606675,178.64195422444212
F. sonorensis,3,200,1.688859451707937,8,2.383434856935553,0.8035283107338936,0.326115179092953,0.1175093557545264,0.3,0.1,SUCCESS,8.695938991048852,227.67407652158,8.89409751908066,0.0082932315361377,0.0053445508281896,10.870658886423534,170.03762913623308
F. sonorensis,1,800,0.4657612182193849,8,1.9430792891126965,0.7872488012599169,0.3201844550942671,0.1309322049082482,0.3,0.1,SUCCESS,5.2474668875385255,182.14691198252643,2.6712978232496027,0.0512994142829688,0.0080072820665439,8.398428381406875,169.36143996938216
F. sonorensis,3,800,0.560616297701163,8,1.9430792891126965,0.7872488012599169,0.3201844550942671,0.1309322049082482,0.3,0.1,SUCCESS,5.546415780434828,151.22294471957898,2.865054372252942,0.0079031263870242,0.0024015026768626,6.806970984399747,188.17781448908136
F. sonorensis,2,800,0.4202266128471432,8,1.9430792891126965,0.7872488012599169,0.3201844550942671,0.1309322049082482,0.3,0.1,SUCCESS,5.106472301772426,186.5440738172959,2.4618736826696197,0.0700540711041026,0.0098049409131595,8.64132098991259,165.76828192626897
F. sonorensis,4,200,0.4458651723224694,8,2.383434856935553,0.8035283107338936,0.326115179092953,0.1175093557545264,0.3,0.1,SUCCESS,7.118906066192573,228.7198741499409,3.115258769418205,0.0287160512308357,0.0032843836826715,11.316891597188643,142.93164960786658
F. sonorensis,4,800,0.5185305438798173,8,1.9430792891126965,0.7872488012599169,0.3201844550942671,0.1309322049082482,0.3,0.1,SUCCESS,7.565545415086915,201.3947193675108,3.3191709653442416,0.0098144298557962,0.0020336549671581,9.480234196031734,153.5086503458577
H. aturensis,1,200,0.2755525733521936,8,1.5439481716752956,0.8916162846219234,0.5099544117369806,0.2391994390450564,0.3,0.1,SUCCESS,5.272183658973798,123.20819089987424,1.2170021110824294,0.0030663643197129,0.0013627000678181,5.508524264725073,186.76299527678947
H. aturensis,2,800,1.01794159472473,8,1.4162813380657395,0.7871807017959385,0.4458581456623429,0.1664281232900816,0.3,0.1,SUCCESS,4.567036343426813,114.9905346015266,4.7699946743364805,0.0023435034647976,0.0017834936865405,5.102539610794602,166.7015585496916
H. aturensis,1,800,0.5476154745987551,8,1.4162813380657395,0.7871807017959385,0.4458581456623429,0.1664281232900816,0.3,0.1,SUCCESS,3.632549702028149,103.63446629285777,3.0628185537719688,0.012501493104456,0.004135972157699,4.563379933031325,172.65504483568614
H. aturensis,2,200,0.3576972932467705,8,1.5439481716752956,0.8916162846219234,0.5099544117369806,0.2391994390450564,0.3,0.1,SUCCESS,6.522856325405734,149.0096049697749,1.768515677930253,0.0033511565102339,0.0010711594564973,6.963531448326952,152.53051178694614
H. aturensis,3,800,1.3045350176898003,8,1.4162813380657395,0.7871807017959385,0.4458581456623429,0.1664281232900816,0.3,0.1,SUCCESS,7.006504910169841,173.42300887573964,6.093028400745965,0.0034559369161582,0.0022990249680817,7.7171026909785665,164.53375577752453
H. aturensis,4,200,0.8327617991280383,8,1.5439481716752956,0.8916162846219234,0.5099544117369806,0.2391994390450564,0.3,0.1,SUCCESS,8.67614292440628,196.8960651640096,4.072224763925291,0.0049952207449198,0.0025427744139535,9.055052125031557,164.75493728730154
H. aturensis,3,200,0.2607144770121543,8,1.5439481716752956,0.8916162846219234,0.5099544117369806,0.2391994390450564,0.3,0.1,SUCCESS,6.061135621107685,139.8055979155867,1.237238167599159,0.0031296330706661,0.0009153585061773,6.41763604721511,166.17838360714944
H. aturensis,4,800,0.5444525150592029,8,1.4162813380657395,0.7871807017959385,0.4458581456623429,0.1664281232900816,0.3,0.1,SUCCESS,4.037442435707272,103.33813513818237,2.263159392836421,0.0021707603740835,0.0013382522971567,4.466568647276407,187.220098808906
H. glutinosa,1,200,0.2863241464180882,8,0.5661425882250397,0.0334309223440104,0.0477901133040915,0.0215407576098221,0.3,0.1,SUCCESS,0.3810977195182508,99.80366434220664,1.213127373375741,0.0617772133487122,0.0763258351685972,0.2138940136299369,191.4853803685122
H. glutinosa,2,800,0.2808433385617144,8,0.8568603397077003,0.0338163972049261,0.0614031375982746,0.0286610563276531,0.3,0.1,SUCCESS,0.4454474186699041,105.69978303208948,1.4343295771855082,0.0454831878398232,0.0725884401841582,0.2356892643585746,163.75993122440303
H. glutinosa,1,800,0.4226943344647486,8,0.8568603397077003,0.0338163972049261,0.0614031375982746,0.0286610563276531,0.3,0.1,SUCCESS,0.4047274475559291,88.14338466779046,1.9398434697377311,0.0840878391534376,0.075027257041724,0.1916181342577965,183.48888675211023
H. glutinosa,2,200,0.2248255414978112,8,0.5661425882250397,0.0334309223440104,0.0477901133040915,0.0215407576098221,0.3,0.1,SUCCESS,0.3668906978932366,104.72593268477746,1.1277599086163548,0.0857111288314203,0.0722473311764596,0.2304250844605491,170.83397010496742
H. glutinosa,3,800,0.7338825819499558,8,0.8568603397077003,0.0338163972049261,0.0614031375982746,0.0286610563276531,0.3,0.1,SUCCESS,0.4378982285697739,94.07949992884852,3.4174201588915167,0.0816201093189649,0.0719883383104242,0.2040975041841175,185.130151954298
H. glutinosa,4,800,0.2588196009425647,8,0.8568603397077003,0.0338163972049261,0.0614031375982746,0.0286610563276531,0.3,0.1,SUCCESS,0.3449453331277156,71.85979847672364,1.050124079529347,0.0704964308252972,0.0770696284019668,0.1531412782369222,199.3137024172887
H. glutinosa,3,200,0.1755309673590705,8,0.5661425882250397,0.0334309223440104,0.0477901133040915,0.0215407576098221,0.3,0.1,SUCCESS,0.4223620019658056,113.92563792413308,0.7972366195055329,0.0969896072448746,0.0681837142585469,0.2470768069725207,182.092687251754
H. glutinosa,4,200,0.2903352134904081,8,0.5661425882250397,0.0334309223440104,0.0477901133040915,0.0215407576098221,0.3,0.1,SUCCESS,0.3232644686773409,86.07869437055615,1.2570606580540795,0.106602537807427,0.065009558087489,0.1850968453522734,188.8316475336092
H. isocalycia,1,200,0.2833379873604849,8,0.929642081402902,0.4432680408393645,0.2902453639588172,0.0912340392043224,0.3,0.1,SUCCESS,1.6767052295422324,82.55040793848869,1.095700903759429,0.0124596476879009,0.0044575339675454,2.0703439262359837,233.12202966192683
H. isocalycia,1,800,0.4609430691789268,8,1.1731788211778458,0.3294668344016894,0.2671547615433706,0.0918974492622538,0.3,0.1,SUCCESS,2.3176396020472683,128.04731405704308,2.169308853692968,0.0066507313394242,0.0036028942936848,2.500311755192316,194.57586605927824
H. isocalycia,2,200,0.2304537897865724,8,0.929642081402902,0.4432680408393645,0.2902453639588172,0.0912340392043224,0.3,0.1,SUCCESS,2.203801831724696,106.16140560953308,1.6358907603106942,0.0069006146351581,0.0015843088250812,2.9675122228455293,147.07875149476197
H. isocalycia,2,800,0.2022154488009904,8,1.1731788211778458,0.3294668344016894,0.2671547615433706,0.0918974492622538,0.3,0.1,SUCCESS,1.8079920664188969,107.59429042197328,1.0702541197056874,0.0111549468490194,0.0024695821345953,2.145301927719168,178.06083267965045
H. isocalycia,3,800,1.577014442130794,8,1.1731788211778458,0.3294668344016894,0.2671547615433706,0.0918974492622538,0.3,0.1,SUCCESS,1.5393617889257445,113.80881961799258,9.24586406210758,0.103657214442466,0.0645068599553743,2.3307107768611206,157.4249224916241
H. isocalycia,3,200,0.4004886218121176,8,0.929642081402902,0.4432680408393645,0.2902453639588172,0.0912340392043224,0.3,0.1,SUCCESS,1.8481025404849047,99.38497720642071,2.2877084433169657,0.0157582782829082,0.0070307572080422,2.691652616875832,171.19913703023818
H. isocalycia,4,800,0.2485298004827927,8,1.1731788211778458,0.3294668344016894,0.2671547615433706,0.0918974492622538,0.3,0.1,SUCCESS,1.5384323557415034,87.3119851066353,1.060163436492033,0.0051495531111278,0.0020423489200915,1.67676333200678,207.9739055316792
H. isocalycia,4,200,0.3658299572748139,8,0.929642081402902,0.4432680408393645,0.2902453639588172,0.0912340392043224,0.3,0.1,SUCCESS,2.2732754967576736,122.14171898292317,2.4067158171926266,0.0172187863434198,0.0053820440568956,3.39691044769582,150.90325360240828
S. hians,1,200,1.5461303948620428,8,1.7778030543702097,0.9014661593366818,0.4781226716355543,0.1485155729389827,0.3,0.1,SUCCESS,6.035258152217217,136.51828734738388,6.287451974015241,0.0025855110948443,0.0022501738748368,6.917713913162672,185.49170007608893
S. hians,1,800,2.277129487327623,8,1.6408298404803516,0.6487060023919944,0.352296487196694,0.1203947809621367,0.3,0.1,SUCCESS,4.178347251802474,128.41761844507255,9.873737622105564,0.003425567940309,0.0066037078694187,4.879846407129919,178.6134581107398
S. hians,2,800,2.4695750692208307,9,1.6408298404803516,0.6487060023919944,0.352296487196694,0.1203947809621367,0.3,0.1,SUCCESS,4.336773385826825,132.54447991622055,11.350481790097431,0.0036789755837431,0.0068868993823435,5.150910885002603,161.2552391513607
S. hians,2,200,0.6975764537289003,8,1.7778030543702097,0.9014661593366818,0.4781226716355543,0.1485155729389827,0.3,0.1,SUCCESS,4.942171923012556,110.47770532096578,3.2765981762819294,0.0017477394818547,0.0009817930890668,5.809718284579217,156.74421275403344
S. hians,3,800,3.369265970178917,8,1.6408298404803516,0.6487060023919944,0.352296487196694,0.1203947809621367,0.3,0.1,SUCCESS,4.592931662722254,142.59023654352896,17.082128145357885,0.0050469833750399,0.0152813682683585,5.5529329612112415,159.65297378259714
S. hians,3,200,1.3353584680267914,8,1.7778030543702097,0.9014661593366818,0.4781226716355543,0.1485155729389827,0.3,0.1,SUCCESS,5.928261464076467,131.97455281556302,6.866101220652851,0.0024284528706595,0.0019639952453066,6.920643961193814,158.8915368626184
S. hians,4,800,2.06802406803701,8,1.6408298404803516,0.6487060023919944,0.352296487196694,0.1203947809621367,0.3,0.1,SUCCESS,4.004441500984525,124.45587245224928,8.017258916609642,0.0031732981633458,0.0062123759477126,4.535005641872863,212.14380459030912
S. hians,4,200,0.2588481393307862,8,1.7778030543702097,0.9014661593366818,0.4781226716355543,0.1485155729389827,0.3,0.1,SUCCESS,6.613521299502404,143.86507321021077,1.357339293802056,0.0019427755584552,0.0005839381261791,7.74180614766995,139.41617318859562
S. laxum,1,200,0.3447215273431279,8,0.9305191665371012,0.3384775974353286,0.2525628728610073,0.0794736024196168,0.3,0.1,SUCCESS,1.1444659865110058,79.21843020415608,1.292614623927264,0.14470072247437,0.0458583714896492,1.5767701818758115,211.86334304065548
S. laxum,1,800,0.2963333567684986,8,1.0924663542247384,0.3767981015992269,0.2885611086738183,0.0666769514253212,0.3,0.1,SUCCESS,1.237277914699447,112.69224762880847,1.3784369829351777,0.1400399568835928,0.0437753538345587,2.644182014751347,177.15374259664472
S. laxum,2,200,0.5184128635734883,8,0.9305191665371012,0.3384775974353286,0.2525628728610073,0.0794736024196168,0.3,0.1,SUCCESS,1.6103483947759374,129.5509868565298,2.8034570272199133,0.1503256010257604,0.0421717819038711,2.764970754869135,156.86798302865802
S. laxum,2,800,0.5744959305187499,8,1.0924663542247384,0.3767981015992269,0.2885611086738183,0.0666769514253212,0.3,0.1,SUCCESS,1.5066794869935505,125.91534125354111,3.195925300096569,0.056654976008078,0.0469107682273776,2.9717733818930925,172.5988502247469
S. laxum,3,200,0.4559904417274579,8,0.9305191665371012,0.3384775974353286,0.2525628728610073,0.0794736024196168,0.3,0.1,SUCCESS,1.6100916518533888,116.30876785690552,2.2298232040527,0.0814296725676127,0.0542534312188221,2.411584264770935,179.19396886870524
S. laxum,3,800,0.3330745185188689,8,1.0924663542247384,0.3767981015992269,0.2885611086738183,0.0666769514253212,0.3,0.1,SUCCESS,1.0929382851899685,96.65267525983012,1.3723824087504823,0.1541003515729631,0.0393086759769703,2.219093498382716,194.3112424087202
S. laxum,4,200,0.4305824978751768,8,0.9305191665371012,0.3384775974353286,0.2525628728610073,0.0794736024196168,0.3,0.1,SUCCESS,1.045724171386088,75.31779875131195,1.748049924051223,0.1350365346336786,0.0501240000748712,1.5135274828900358,204.1032122334417
S. laxum,4,800,1.3775157366104065,8,1.0924663542247384,0.3767981015992269,0.2885611086738183,0.0666769514253212,0.3,0.1,SUCCESS,1.2333577250456274,130.81904140139213,7.619713718904258,0.1187936734244228,0.0607050769573151,3.2415069513207424,135.70312921010373
T. cristatus,1,200,4.071082974841134,8,1.932456293809772,0.8161856504215941,0.4187827774815925,0.0943950549978757,0.3,0.1,SUCCESS,10.099866445239918,237.08957485623543,15.58881340002516,0.0027442673033129,0.0025132054213262,12.991796804006322,99.0130155680848
T. cristatus,3,200,8.96026739950711,8,1.932456293809772,0.8161856504215941,0.4187827774815925,0.0943950549978757,0.3,0.1,SUCCESS,8.596005374064152,226.1774421850605,34.864450849919606,0.0070999913764003,0.0358627517653186,12.444827776769545,96.13291320989048
T. cristatus,2,200,1.153794536107143,8,1.932456293809772,0.8161856504215941,0.4187827774815925,0.0943950549978757,0.3,0.1,SUCCESS,9.278349698996209,217.30799545064252,8.553743946657775,0.0021795271844139,0.0013362833841304,11.873875395932169,101.02313241426398
T. cristatus,1,800,0.8725090905600694,8,1.422182976998262,0.7561359245726862,0.4998875675838674,0.1212551955490179,0.3,0.1,SUCCESS,8.400919472849486,208.9316710626104,5.119315291697646,0.002513357116974,0.0011111137063358,9.925718702469412,124.94977684872406
T. cristatus,2,800,0.7645515150443261,7,1.422182976998262,0.7561359245726862,0.4998875675838674,0.1212551955490179,0.3,0.1,SUCCESS,7.302442805337789,179.50389861126456,5.547278477754773,0.0022990548434216,0.0012071435981659,8.79947627340415,102.43486641651208
T. cristatus,4,200,1.7531093382358436,8,1.932456293809772,0.8161856504215941,0.4187827774815925,0.0943950549978757,0.3,0.1,SUCCESS,8.359419925251482,201.37009866162515,11.05282291868727,0.0023933490770192,0.0018266923791065,10.673234857968565,122.8073094056267
T. cristatus,3,800,0.7013222900566423,8,1.422182976998262,0.7561359245726862,0.4998875675838674,0.1212551955490179,0.3,0.1,SUCCESS,5.360656908648509,139.01890753351657,3.25050794400579,0.0018862381477224,0.0010565084700139,6.306297612945843,159.40504090109363
T. cristatus,4,800,1.5742804749952135,8,1.422182976998262,0.7561359245726862,0.4998875675838674,0.1212551955490179,0.3,0.1,SUCCESS,8.497437140146378,231.96271789978084,11.977196091359346,0.0102655294828687,0.005492090684323,11.265815148888027,109.0347584553351
T. cristatus,6,200,1.8232741941729884,8,1.932456293809772,0.8161856504215941,0.4187827774815925,0.0943950549978757,0.3,0.1,SUCCESS,5.808142540391375,147.21183795979852,8.299414281170272,0.0018089767543889,0.0017790606075387,7.323685196088466,170.34388927064688
T. forrestii,2,200,3.56224346141633,8,2.281661790671401,0.3519372249371659,0.2814788365228409,0.0870707393184862,0.3,0.1,SUCCESS,3.6935496578956473,242.67220678491228,9.109636503276576,0.0712492743763542,0.0658179100193489,5.278892048630285,165.79062817140803
T. forrestii,1,800,2.974850156964532,8,1.8579903761298235,0.1805861262875186,0.1983923977579862,0.0750871088328947,0.3,0.1,SUCCESS,2.0325508950190865,232.42269341499463,15.669507614952948,0.1252068466183254,0.0587458198738363,2.8099681739713733,116.03715133468494
T. cristatus,6,800,0.2677934619977181,8,1.422182976998262,0.7561359245726862,0.4998875675838674,0.1212551955490179,0.3,0.1,SUCCESS,2.5353565173013983,69.53822400983536,1.1745337029297789,0.0008779824492131,0.0004382099872013,3.087327202525567,176.00375735933088
T. forrestii,1,200,1.989416334592412,8,2.281661790671401,0.3519372249371659,0.2814788365228409,0.0870707393184862,0.3,0.1,SUCCESS,2.5218174971047294,212.12503466703475,12.653471086413148,0.1463148369335466,0.0461238237429765,4.818193468096149,133.22958355921668
T. forrestii,2,800,2.0410729968058363,8,1.8579903761298235,0.1805861262875186,0.1983923977579862,0.0750871088328947,0.3,0.1,SUCCESS,2.4048856899372795,244.59648492378847,6.340518039923737,0.1159954639146456,0.0600636232837708,2.885086376815848,134.02206093506652
T. forrestii,3,200,1.064786514121505,8,2.281661790671401,0.3519372249371659,0.2814788365228409,0.0870707393184862,0.3,0.1,SUCCESS,2.709542370286597,193.8508590125068,5.17745715310582,0.1455325235107318,0.0461303499011271,4.181429624062543,172.31567582893496
T. forrestii,3,800,4.15587406876274,8,1.8579903761298235,0.1805861262875186,0.1983923977579862,0.0750871088328947,0.3,0.1,SUCCESS,1.6502836711721982,150.28289441695074,18.8889227377864,0.1130285309762542,0.0636409279059294,1.6828230349533793,173.40872818549215
T. forrestii,4,200,4.896987996872451,8,2.281661790671401,0.3519372249371659,0.2814788365228409,0.0870707393184862,0.3,0.1,SUCCESS,2.8796884311260804,222.81629877875832,22.132151554806867,0.1251833764041947,0.0570446599259583,4.990063651408966,143.71489454753169
T. forrestii,4,800,1.8265050471121973,8,1.8579903761298235,0.1805861262875186,0.1983923977579862,0.0750871088328947,0.3,0.1,SUCCESS,2.0293536474195277,168.0351108902541,8.029787294579663,0.1190471205660095,0.0603164980392071,1.8404752288249115,190.7829027785656
F. angustifolia,4,200,0.3147217612104313,8,2.0379564972435595,0.8681020914262425,0.4573861676715414,0.125061121926343,0.6,0.1,SUCCESS,5.100378216765293,120.94148165022555,1.5177557739574894,0.0017811818955967,0.0009058131077746,6.078532736500554,183.622699005727
F. angustifolia,1,200,0.6257139953713597,8,2.0379564972435595,0.8681020914262425,0.4573861676715414,0.125061121926343,0.6,0.1,SUCCESS,4.691518119872309,119.66988112979836,2.531368308230526,0.003962277805712,0.0018971779809677,5.722232028829254,223.86860973224856
F. angustifolia,4,800,0.860479949753379,8,2.367206810518846,0.8578370039851739,0.4886260319061323,0.1474221516940808,0.6,0.1,SUCCESS,3.98763771528612,130.20471263628184,4.053387075690296,0.0381482072823673,0.0147435792017651,6.193744497655541,197.31917019746012
F. angustifolia,3,200,0.5590272703874458,8,2.0379564972435595,0.8681020914262425,0.4573861676715414,0.125061121926343,0.6,0.1,SUCCESS,7.446627678215145,173.07833286341705,2.241430893105502,0.0020173356352879,0.0008078937943354,8.653581007006455,187.7509137049412
F. angustifolia,2,200,0.5968701303579841,8,2.0379564972435595,0.8681020914262425,0.4573861676715414,0.125061121926343,0.6,0.1,SUCCESS,5.637359299656887,169.76414848489816,2.626707607484676,0.0276708903570593,0.0049799060612314,8.123973855199274,223.2170504310407
F. angustifolia,1,800,0.2749144768470478,8,2.367206810518846,0.8578370039851739,0.4886260319061323,0.1474221516940808,0.6,0.1,SUCCESS,5.295694501722895,152.64230269274643,1.1757923860065915,0.0266287450774537,0.0022764000130645,7.088291206527463,216.85344921035912
F. angustifolia,3,800,0.420996221816205,8,2.367206810518846,0.8578370039851739,0.4886260319061323,0.1474221516940808,0.6,0.1,SUCCESS,4.154654721099956,121.7584759225499,1.850684001323998,0.0179487576699809,0.0030108010931723,5.68999083830539,211.6800974945879
F. angustifolia,2,800,0.37862816535275,8,2.367206810518846,0.8578370039851739,0.4886260319061323,0.1474221516940808,0.6,0.1,SUCCESS,4.119374429260056,128.67730701190766,1.621987743999881,0.0334129053580165,0.0048307881617002,5.992487895160227,214.51576677493205
F. cronquistii,1,200,0.5698208836884004,8,1.1459332336811563,0.0526491343822869,0.0786833529854936,0.0181288707314489,0.6,0.1,SUCCESS,0.4402290227268379,120.68877832245552,1.7849752574715652,0.114525682465071,0.0640701496366656,0.380952396269025,249.56303444146465
F. cronquistii,1,800,0.2567401509830553,8,1.7636022704464749,0.0536007554884411,0.0799729580148663,0.0176066275206149,0.6,0.1,SUCCESS,0.3544845012589396,126.78024941554544,0.9780501597902004,0.1122931918406244,0.0614536501551813,0.4253742954964257,213.9563350937745
F. cronquistii,2,800,0.3619272526119589,8,1.7636022704464749,0.0536007554884411,0.0799729580148663,0.0176066275206149,0.6,0.1,SUCCESS,0.4571501408001239,158.21482229168487,1.456038862052722,0.1120702328230013,0.0626412672409632,0.5362307868378849,205.73911734627623
F. cronquistii,2,200,0.4103746180428095,8,1.1459332336811563,0.0526491343822869,0.0786833529854936,0.0181288707314489,0.6,0.1,SUCCESS,0.3274186114648326,113.7920779915258,1.8148289415135253,0.112109520178658,0.0633201425926289,0.3848136886054084,192.71042199519465
F. cronquistii,3,200,0.5871363678797793,8,1.1459332336811563,0.0526491343822869,0.0786833529854936,0.0181288707314489,0.6,0.1,SUCCESS,0.5545980846213706,170.9817022059446,2.42846816209682,0.1124129026821479,0.0638646092210629,0.5714277883369107,202.1713115576888
F. cronquistii,3,800,1.0694958122067777,8,1.7636022704464749,0.0536007554884411,0.0799729580148663,0.0176066275206149,0.6,0.1,SUCCESS,0.2466001656072805,108.29046551959917,4.717304680353649,0.1116073036554696,0.0657164939852831,0.3754786143548226,187.506640947623
F. cronquistii,4,200,0.8867716363465469,8,1.1459332336811563,0.0526491343822869,0.0786833529854936,0.0181288707314489,0.6,0.1,SUCCESS,0.5357079381196743,165.0218756579826,3.6551163761401,0.1090800051934024,0.0634191162340862,0.5505040006508481,203.64425918847644
F. cronquistii,4,800,0.5052527082867517,8,1.7636022704464749,0.0536007554884411,0.0799729580148663,0.0176066275206149,0.6,0.1,SUCCESS,0.4493336761532066,150.00907919582187,1.9332313424213936,0.1113920122050498,0.0643161977900672,0.5011406603712706,217.50023706506545
F. pringlei,1,200,0.8999718893219024,8,1.4410241959019925,0.0315805733480407,0.0541623953315169,0.0113533809315291,0.6,0.1,SUCCESS,0.3007315669111516,147.97900983454744,3.392490581733512,0.0984540939668988,0.068339485836401,0.2914421002720319,222.2327683878325
F. pringlei,1,800,0.87923259365873,8,2.228132771295143,0.0138052017677195,0.0495236851093281,0.0068562212040635,0.6,0.1,SUCCESS,0.0876733284287829,116.8701372288684,2.9453614137105504,0.1000078596716298,0.0696948983887153,0.0991970654983927,237.8858713891195
F. pringlei,3,200,0.7304283469486628,8,1.4410241959019925,0.0315805733480407,0.0541623953315169,0.0113533809315291,0.6,0.1,SUCCESS,0.2984792024909677,139.77329780777342,2.496285339164288,0.085957141118658,0.0712468400049881,0.2698873851314909,238.7452936266509
F. pringlei,2,200,0.9772915010419028,8,1.4410241959019925,0.0315805733480407,0.0541623953315169,0.0113533809315291,0.6,0.1,SUCCESS,0.2815875709586133,128.95776150793426,3.3151976831623884,0.0957977347317938,0.068917888342306,0.2456068474897524,250.4011195872435
F. pringlei,2,800,0.2825607743105878,8,2.228132771295143,0.0138052017677195,0.0495236851093281,0.0068562212040635,0.6,0.1,SUCCESS,0.08620913485748,119.37347788537352,1.0186916942509257,0.1005182957848921,0.0670862888858582,0.1024740492668028,228.4197410358018
F. pringlei,3,800,0.9206573183146188,8,2.228132771295143,0.0138052017677195,0.0495236851093281,0.0068562212040635,0.6,0.1,SUCCESS,0.0665406501046981,94.27355199798932,2.690999304517547,0.0975282546705717,0.0698952534751293,0.0768692114146512,272.36733145410494
F. pringlei,4,200,0.5369833312975403,8,1.4410241959019925,0.0315805733480407,0.0541623953315169,0.0113533809315291,0.6,0.1,SUCCESS,0.1729821593168014,89.90055077446327,1.7733758178600567,0.0942382354733504,0.0710208015178223,0.1718824620125994,247.10973240343208
F. pringlei,4,800,0.8316178556530802,8,2.228132771295143,0.0138052017677195,0.0495236851093281,0.0068562212040635,0.6,0.1,SUCCESS,0.0640688286060643,95.3223087998729,2.592272814291043,0.0988669539507612,0.0694243722134056,0.0786322447715876,262.2485978572454
F. sonorensis,1,200,0.417872757202919,8,2.383434856935553,0.8035283107338936,0.326115179092953,0.1175093557545264,0.6,0.1,SUCCESS,6.29959220985063,159.53850892637436,1.6390468253673165,0.0018916096297534,0.0008454460535688,7.267474944356001,207.30967067086377
F. sonorensis,2,200,0.3507560304492528,8,2.383434856935553,0.8035283107338936,0.326115179092953,0.1175093557545264,0.6,0.1,SUCCESS,3.56088410374632,93.092978490734,1.3708931488524172,0.0011964966697373,0.0006500007807539,4.234695002256792,208.45528013192524
F. sonorensis,3,200,0.7430415089952245,8,2.383434856935553,0.8035283107338936,0.326115179092953,0.1175093557545264,0.6,0.1,SUCCESS,6.219858845171466,170.23405049952305,2.999458145802805,0.0073234228300127,0.0024821028209339,7.543849501478239,229.98503638988456
F. sonorensis,3,800,0.3505859612940788,8,1.9430792891126965,0.7872488012599169,0.3201844550942671,0.1309322049082482,0.6,0.1,SUCCESS,4.473435020669853,124.0959295068556,1.420586022254028,0.006954504198091,0.0014407780618282,5.29352235356706,231.93404459044075
F. sonorensis,1,800,0.5260613756350472,8,1.9430792891126965,0.7872488012599169,0.3201844550942671,0.1309322049082482,0.6,0.1,SUCCESS,4.332323068943761,141.2511477433365,2.2384971339269413,0.0381619102519046,0.0079469692492805,6.142856328580316,215.9374706364911
F. sonorensis,2,800,0.5063396706949267,8,1.9430792891126965,0.7872488012599169,0.3201844550942671,0.1309322049082482,0.6,0.1,SUCCESS,4.256462007507604,143.51219677773116,2.161327743365689,0.0505986154401384,0.0111087951067349,6.270433848001868,212.1130051669473
F. sonorensis,4,200,0.5257685362434501,8,2.383434856935553,0.8035283107338936,0.326115179092953,0.1175093557545264,0.6,0.1,SUCCESS,5.280650678681538,166.42761885678493,2.612657990027514,0.019792340494074,0.0036698333715299,7.714397115341389,193.31138004468067
F. sonorensis,4,800,0.1265284767898716,8,1.9430792891126965,0.7872488012599169,0.3201844550942671,0.1309322049082482,0.6,0.1,SUCCESS,5.625932213891075,153.79658081337033,0.6066489192069184,0.0082869515004749,0.0005165433973927,6.802664256941449,202.1700162769503
H. aturensis,1,200,0.1191989817898294,8,1.5439481716752956,0.8916162846219234,0.5099544117369806,0.2391994390450564,0.6,0.1,SUCCESS,4.473797594370032,106.0465440264786,0.5922406404277325,0.0034332780425058,0.0014493951890251,4.547525385036779,220.44878115821217
H. aturensis,1,800,0.5648008787990009,8,1.4162813380657395,0.7871807017959385,0.4458581456623429,0.1664281232900816,0.6,0.1,SUCCESS,3.168745307473632,89.7664580232135,2.6379737143475523,0.0108651910203292,0.0042231815344721,3.8143404394730966,200.83240138841708
H. aturensis,2,800,0.7762332598335205,8,1.4162813380657395,0.7871807017959385,0.4458581456623429,0.1664281232900816,0.6,0.1,SUCCESS,3.8051489245399415,98.05013353836384,3.1612455530952346,0.0019946961053526,0.001384184489263,4.195628637507387,195.21185657284684
H. aturensis,2,200,0.2376794429630862,8,1.5439481716752956,0.8916162846219234,0.5099544117369806,0.2391994390450564,0.6,0.1,SUCCESS,5.267259938366921,123.37239119053125,1.0315612570393782,0.0028090498511126,0.000881893817283,5.514814743315258,186.9136654878116
H. aturensis,3,200,0.1997088495809201,8,1.5439481716752956,0.8916162846219234,0.5099544117369806,0.2391994390450564,0.6,0.1,SUCCESS,4.983928376021926,117.4784627718122,0.8106074282767679,0.0029027242501555,0.0010955242933634,5.159255177096723,201.0324503235064
H. aturensis,3,800,0.6754060488941644,8,1.4162813380657395,0.7871807017959385,0.4458581456623429,0.1664281232900816,0.6,0.1,SUCCESS,5.37852388080297,137.3838485105403,2.5277777771253227,0.0024035755101814,0.0012087368050736,5.787204153702868,207.8536470280782
H. aturensis,4,800,0.4725030759443621,8,1.4162813380657395,0.7871807017959385,0.4458581456623429,0.1664281232900816,0.6,0.1,SUCCESS,3.451714194444378,90.34458889788212,1.6885703694003809,0.0021024667609024,0.0014436652011375,3.761181009354457,217.46460873623008
H. aturensis,4,200,0.2014923012460934,8,1.5439481716752956,0.8916162846219234,0.5099544117369806,0.2391994390450564,0.6,0.1,SUCCESS,6.578265789566338,154.45567418005146,0.8216779735480202,0.0033201542324104,0.0008871733469506,6.68750349481116,212.54867231634188
H. glutinosa,1,200,0.2713515145331114,8,0.5661425882250397,0.0334309223440104,0.0477901133040915,0.0215407576098221,0.6,0.1,SUCCESS,0.3598623731766633,85.2970044061426,1.0039674180536124,0.0771328369993593,0.0742147173236343,0.1765854238466687,219.4997942134707
H. glutinosa,1,800,0.4011291338979008,8,0.8568603397077003,0.0338163972049261,0.0614031375982746,0.0286610563276531,0.6,0.1,SUCCESS,0.3821424226170302,76.69701626385627,1.561497189830888,0.08329887755095,0.0728064460608034,0.1620817130260847,206.09500221082288
H. glutinosa,2,800,0.3464773500323378,8,0.8568603397077003,0.0338163972049261,0.0614031375982746,0.0286610563276531,0.6,0.1,SUCCESS,0.4181249985636976,89.12315545064597,1.5094320317032768,0.0779577134021839,0.0753776098702534,0.1925953335650811,188.2023952146156
H. glutinosa,2,200,0.2737573804475505,8,0.5661425882250397,0.0334309223440104,0.0477901133040915,0.0215407576098221,0.6,0.1,SUCCESS,0.3434055499561918,88.2508319969743,1.1740499405435187,0.0955335543376872,0.0711081040085098,0.1878069111757771,197.1090350645683
H. glutinosa,3,800,0.652275456350112,8,0.8568603397077003,0.0338163972049261,0.0614031375982746,0.0286610563276531,0.6,0.1,SUCCESS,0.4126886730653148,81.14793116308869,2.525352861653438,0.0911901523691784,0.0728851494483166,0.1707656728292262,209.52032435462027
H. glutinosa,3,200,0.220730252962482,8,0.5661425882250397,0.0334309223440104,0.0477901133040915,0.0215407576098221,0.6,0.1,SUCCESS,0.3944560399373853,95.06095489959624,0.8274509196404338,0.0959763813710217,0.0682339217560677,0.1984342819172094,212.7139694399989
H. glutinosa,4,800,0.3006153529380872,8,0.8568603397077003,0.0338163972049261,0.0614031375982746,0.0286610563276531,0.6,0.1,SUCCESS,0.3313227302643844,64.36436282086645,1.1175549821275403,0.0842339058963879,0.0736736995715921,0.1337348370043887,219.93420254646333
H. glutinosa,4,200,0.2570180545590458,8,0.5661425882250397,0.0334309223440104,0.0477901133040915,0.0215407576098221,0.6,0.1,SUCCESS,0.3069623749932602,75.00611946595438,0.9692746613859526,0.1060146697011195,0.0658962092195254,0.1565394244025926,212.87852950213124
H. isocalycia,1,800,0.2029571131399736,8,1.1731788211778458,0.3294668344016894,0.2671547615433706,0.0918974492622538,0.6,0.1,SUCCESS,1.9580121129547132,106.79350307365792,0.8226785805764223,0.0051677038861887,0.0014851288505633,1.994700466295248,230.84778104083296
H. isocalycia,1,200,0.1754487918888645,8,0.929642081402902,0.4432680408393645,0.2902453639588172,0.0912340392043224,0.6,0.1,SUCCESS,1.5405854836639985,73.58245533445765,0.5764895135229011,0.0109977097043162,0.0024599527252529,1.785108066221584,261.4102006684609
H. isocalycia,3,800,1.3901860030361195,8,1.1731788211778458,0.3294668344016894,0.2671547615433706,0.0918974492622538,0.6,0.1,SUCCESS,1.434682692310568,96.39674681177964,6.541804641790691,0.0926333237105196,0.0652070695585377,1.9033781134690324,185.72721444234395
H. isocalycia,2,200,0.2242248085209424,8,0.929642081402902,0.4432680408393645,0.2902453639588172,0.0912340392043224,0.6,0.1,SUCCESS,1.8792835546968412,89.79114420679743,1.3468119797603677,0.0055326061750971,0.0014969803501002,2.4348537953065312,170.2338526361337
H. isocalycia,2,800,0.1606364148084432,8,1.1731788211778458,0.3294668344016894,0.2671547615433706,0.0918974492622538,0.6,0.1,SUCCESS,1.5899125405995609,91.59139037476172,0.6770979818608964,0.0081425637148138,0.001696017400378,1.7635022976819656,205.87610138396573
H. isocalycia,3,200,0.4306549662468479,8,0.929642081402902,0.4432680408393645,0.2902453639588172,0.0912340392043224,0.6,0.1,SUCCESS,1.6275460487915798,85.4095362589463,2.0731414894805624,0.01408240488483,0.0089988604368448,2.239572227908525,196.66906900941652
H. isocalycia,4,800,0.3220449680155481,8,1.1731788211778458,0.3294668344016894,0.2671547615433706,0.0918974492622538,0.6,0.1,SUCCESS,1.3746107096260505,77.29509018832978,1.1829698112141287,0.0046935588236265,0.0030176174057891,1.4368227983668589,234.8588319931563
H. isocalycia,4,200,0.3918593301367463,8,0.929642081402902,0.4432680408393645,0.2902453639588172,0.0912340392043224,0.6,0.1,SUCCESS,1.9398933105565856,100.91584258304412,2.040365258352665,0.0137669848101733,0.0055463199094662,2.70789012151206,178.4199619681805
S. hians,1,800,1.798216305045347,8,1.6408298404803516,0.6487060023919944,0.352296487196694,0.1203947809621367,0.6,0.1,SUCCESS,3.4412841816917363,107.82384728842376,6.657406170654305,0.0027484335175304,0.0056664665350235,3.932186401067178,211.4734915377536
S. hians,1,200,0.9428866682015348,8,1.7778030543702097,0.9014661593366818,0.4781226716355543,0.1485155729389827,0.6,0.1,SUCCESS,4.876796667969918,113.67506414083032,3.1295074712165345,0.0019079510348348,0.0012341891015258,5.492974273654036,223.89885765972585
S. hians,2,800,1.915213785529608,9,1.6408298404803516,0.6487060023919944,0.352296487196694,0.1203947809621367,0.6,0.1,SUCCESS,3.530978236678527,109.72464959029617,7.486654875597715,0.0027774561189539,0.0045218571728635,4.097556615169713,192.3577441216672
S. hians,3,800,2.4971626609665973,8,1.6408298404803516,0.6487060023919944,0.352296487196694,0.1203947809621367,0.6,0.1,SUCCESS,3.785393777400097,118.29284666161789,10.564215327593786,0.0035581713899615,0.0112877993139872,4.419292784604592,192.03960070217371
S. hians,2,200,0.5401697587876322,8,1.7778030543702097,0.9014661593366818,0.4781226716355543,0.1485155729389827,0.6,0.1,SUCCESS,4.119114619259598,94.67206028534795,2.193012237299662,0.0014651290296475,0.0007815638115609,4.806187460315744,184.02581542238573
S. hians,3,200,0.9984164174483138,8,1.7778030543702097,0.9014661593366818,0.4781226716355543,0.1485155729389827,0.6,0.1,SUCCESS,4.788866625133745,109.97514768760644,4.0903569963899855,0.0020465196971269,0.0014931763304536,5.525485222712818,192.23914136609292
S. hians,4,800,1.4145400816352565,8,1.6408298404803516,0.6487060023919944,0.352296487196694,0.1203947809621367,0.6,0.1,SUCCESS,3.328745155213278,105.17274314020752,4.610351819232868,0.0021595766025699,0.0028828507167935,3.663656557964412,249.72471329900603
S. hians,4,200,0.2299456163649391,8,1.7778030543702097,0.9014661593366818,0.4781226716355543,0.1485155729389827,0.6,0.1,SUCCESS,5.22383978507397,117.52234683873642,0.9736618564875243,0.001652981557783,0.0006025544953615,6.05254239839878,172.7868092051581
S. laxum,1,200,0.3359037836653357,8,0.9305191665371012,0.3384775974353286,0.2525628728610073,0.0794736024196168,0.6,0.1,SUCCESS,1.091966604432993,70.52384907677154,1.132529007499869,0.1289065063393593,0.052890452861486,1.3617005858006277,237.03517671772855
S. laxum,1,800,0.2266131180479454,8,1.0924663542247384,0.3767981015992269,0.2885611086738183,0.0666769514253212,0.6,0.1,SUCCESS,1.1343692412308803,94.7335522676751,0.9144020936260304,0.1053590333038558,0.0489954716338382,2.1441529434638777,205.8081093540441
S. laxum,2,200,0.425521053728729,8,0.9305191665371012,0.3384775974353286,0.2525628728610073,0.0794736024196168,0.6,0.1,SUCCESS,1.4589044317806896,105.79112917613168,1.9248086954957917,0.1325548172261533,0.048489592550169,2.1725060654003974,186.7653656421028
S. laxum,2,800,0.3498135311794065,8,1.0924663542247384,0.3767981015992269,0.2885611086738183,0.0666769514253212,0.6,0.1,SUCCESS,1.3794550300951007,103.45029385477876,1.5792561585195273,0.0303620063022628,0.0208991239827287,2.348569083946124,203.35107692683204
S. laxum,3,800,0.2716724697540764,8,1.0924663542247384,0.3767981015992269,0.2885611086738183,0.0666769514253212,0.6,0.1,SUCCESS,1.0186245120327104,83.65192576866019,0.997229914704107,0.1471165690459024,0.0436853045019312,1.8556525938616637,222.2537768245043
S. laxum,3,200,0.2748017302749305,8,0.9305191665371012,0.3384775974353286,0.2525628728610073,0.0794736024196168,0.6,0.1,SUCCESS,1.4809905627503066,97.11140001407064,1.1613457517885166,0.0478763423011,0.0339299255111627,1.9391144445420696,209.25424748818628
S. laxum,4,800,1.1369164059512915,8,1.0924663542247384,0.3767981015992269,0.2885611086738183,0.0666769514253212,0.6,0.1,SUCCESS,1.1006270002980103,106.54862783565868,5.276885276338348,0.1040829132081476,0.0617684846829667,2.5441491506240554,163.60712855917447
S. laxum,4,200,0.365645252322363,8,0.9305191665371012,0.3384775974353286,0.2525628728610073,0.0794736024196168,0.6,0.1,SUCCESS,0.9976623054465216,67.39767729214071,1.2696989864390955,0.1371414304125601,0.05163989514473,1.3169852731969058,227.04341873582047
T. cristatus,1,200,2.1667756943812706,8,1.932456293809772,0.8161856504215941,0.4187827774815925,0.0943950549978757,0.6,0.1,SUCCESS,7.643496052538836,187.5958886399089,12.113890931441944,0.0023844667274581,0.0020370039261036,9.73238470752351,138.54806301510314
T. cristatus,2,200,0.9017907771542262,8,1.932456293809772,0.8161856504215941,0.4187827774815925,0.0943950549978757,0.6,0.1,SUCCESS,6.419936294401498,157.2169933011106,5.11487356363422,0.0017071810329533,0.0011107147277815,8.176688570049519,136.7003213635486
T. cristatus,3,200,2.644534025221417,8,1.932456293809772,0.8161856504215941,0.4187827774815925,0.0943950549978757,0.6,0.1,SUCCESS,8.540162398095273,209.2651468899973,13.410731555974664,0.0026588220435782,0.0023811589884188,10.804658455649772,142.11610459547225
T. cristatus,1,800,0.572557664050799,8,1.422182976998262,0.7561359245726862,0.4998875675838674,0.1212551955490179,0.6,0.1,SUCCESS,5.952171942789699,154.40295542509887,2.4924189220743784,0.0019620995800524,0.0008916817188544,6.9264774196102135,167.96725017410637
T. cristatus,2,800,0.6329784550780087,7,1.422182976998262,0.7561359245726862,0.4998875675838674,0.1212551955490179,0.6,0.1,SUCCESS,5.381933819298863,136.88074219517338,3.734723385078994,0.0018118316220099,0.0010695733460626,6.439730409540601,132.08848941932345
T. cristatus,3,800,0.3641351828443199,8,1.422182976998262,0.7561359245726862,0.4998875675838674,0.1212551955490179,0.6,0.1,SUCCESS,4.251525135017228,113.81767359894468,1.3957340282890698,0.0013726375607381,0.0005901812139198,4.937698939047484,194.25382800272823
T. cristatus,4,800,0.9426642128894058,8,1.422182976998262,0.7561359245726862,0.4998875675838674,0.1212551955490179,0.6,0.1,SUCCESS,5.878671913330692,166.50090719962282,6.1455268519139565,0.008029773107426,0.0038896879587259,7.673566807215269,147.4062990225633
T. cristatus,4,200,1.1318812462405583,8,1.932456293809772,0.8161856504215941,0.4187827774815925,0.0943950549978757,0.6,0.1,SUCCESS,5.963268898832077,149.15416881987906,5.442068978193973,0.0016481492936897,0.0013033565618937,7.516704745232671,160.41398892333254
T. cristatus,6,200,1.328646286489514,8,1.932456293809772,0.8161856504215941,0.4187827774815925,0.0943950549978757,0.6,0.1,SUCCESS,4.572567179278273,120.21028347304416,5.1526180424805545,0.0014168831458029,0.0012657484979357,5.691293269149289,209.67653052452576
T. forrestii,1,800,1.6543831640156283,8,1.8579903761298235,0.1805861262875186,0.1983923977579862,0.0750871088328947,0.6,0.1,SUCCESS,1.77696600251147,172.08202908996586,8.739358644398735,0.1315696687735336,0.0550348974553733,1.970967007678048,156.03627420465597
T. forrestii,1,200,0.8905659760415188,8,2.281661790671401,0.3519372249371659,0.2814788365228409,0.0870707393184862,0.6,0.1,SUCCESS,2.0712966676793627,157.69952217075547,4.12949712206148,0.1556667120182989,0.0403998986903808,3.401996815920016,172.23262400520198
T. cristatus,6,800,0.2242150688882593,8,1.422182976998262,0.7561359245726862,0.4998875675838674,0.1212551955490179,0.6,0.1,SUCCESS,2.248630830899311,63.047023150123344,0.8556564656225945,0.000754789265189,0.0003550975093752,2.7329457235954937,194.89461934737693
T. forrestii,2,200,1.3441170367285415,8,2.281661790671401,0.3519372249371659,0.2814788365228409,0.0870707393184862,0.6,0.1,SUCCESS,3.267729120003096,189.9432878821846,5.280689964322917,0.0868569486670886,0.0557322112398397,3.829934954277022,226.4785270018068
T. forrestii,2,800,0.5815696897262466,8,1.8579903761298235,0.1805861262875186,0.1983923977579862,0.0750871088328947,0.6,0.1,SUCCESS,2.142910672652853,181.90731036004087,2.55138591636873,0.1487889929397526,0.0440653788202024,2.0144330262799497,182.0962109891422
T. forrestii,3,800,2.888709652432715,8,1.8579903761298235,0.1805861262875186,0.1983923977579862,0.0750871088328947,0.6,0.1,SUCCESS,1.5519483487655137,123.91505888750672,10.299388131424962,0.1123791371907885,0.0619924069916444,1.320183502536858,213.0872253698789
T. forrestii,3,200,0.3997392785690158,8,2.281661790671401,0.3519372249371659,0.2814788365228409,0.0870707393184862,0.6,0.1,SUCCESS,2.3336329670588247,148.24417789392413,1.5523415598129446,0.1251548573906586,0.0438901637171842,3.0178418246828227,218.57776750031255
T. forrestii,4,200,2.716644139052231,8,2.281661790671401,0.3519372249371659,0.2814788365228409,0.0870707393184862,0.6,0.1,SUCCESS,2.552901395535143,172.409774320616,11.037294306728455,0.1366230345649336,0.0534596714713468,3.623478761668592,192.76776038815257
T. forrestii,4,800,0.9988911233891452,8,1.8579903761298235,0.1805861262875186,0.1983923977579862,0.0750871088328947,0.6,0.1,SUCCESS,1.8311094118675315,133.2409884434885,3.586666310572596,0.1259936529752396,0.0559719081646876,1.3826193201434018,234.90739849761388
F. angustifolia,4,200,0.2964395474642673,8,2.0379564972435595,0.8681020914262425,0.4573861676715414,0.125061121926343,0.9,0.1,SUCCESS,4.749481359258497,114.1275742337349,1.3316557395136783,0.0017590520459498,0.0008959197002015,5.649435394842389,195.70044682123705
F. angustifolia,1,200,0.6630619533941703,8,2.0379564972435595,0.8681020914262425,0.4573861676715414,0.125061121926343,0.9,0.1,SUCCESS,4.383057097265713,113.81232343808882,2.557910695959862,0.0041856395384181,0.0020226901163128,5.348090224909827,238.4278048770444
F. angustifolia,3,200,0.3571102638208429,8,2.0379564972435595,0.8681020914262425,0.4573861676715414,0.125061121926343,0.9,0.1,SUCCESS,6.739913913784969,159.10772332968924,1.3708407944580756,0.0017830305467665,0.0006000285073428,7.782872467076541,205.26959359327452
F. angustifolia,4,800,0.8595335658699863,8,2.367206810518846,0.8578370039851739,0.4886260319061323,0.1474221516940808,0.9,0.1,SUCCESS,3.8051348723000182,122.59063032378047,3.7821646039086687,0.0354937862147304,0.0138897853249957,5.736983338200757,210.5277972383562
F. angustifolia,2,200,0.5674005939256309,8,2.0379564972435595,0.8681020914262425,0.4573861676715414,0.125061121926343,0.9,0.1,SUCCESS,5.240806710098176,157.03145522617513,2.1288909512588816,0.0266020131267156,0.0046817537717123,7.342039735663645,242.6659304335453
F. angustifolia,1,800,0.2878445896615282,8,2.367206810518846,0.8578370039851739,0.4886260319061323,0.1474221516940808,0.9,0.1,SUCCESS,4.969953924565545,142.29623534760867,1.0990747424030047,0.0252628645529755,0.0025225453646032,6.475678313689919,233.60746687600948
F. angustifolia,3,800,0.4486584586847465,8,2.367206810518846,0.8578370039851739,0.4886260319061323,0.1474221516940808,0.9,0.1,SUCCESS,3.9422374774553104,115.10500307524616,1.846158289268992,0.0168203999607187,0.0033391732395731,5.294142302427083,224.76408110227447
F. angustifolia,2,800,0.4001111795697701,8,2.367206810518846,0.8578370039851739,0.4886260319061323,0.1474221516940808,0.9,0.1,SUCCESS,3.928595615376216,121.24057634112314,1.5563052566812274,0.0310986991199426,0.0049957487593947,5.552387117292573,228.33970352220396
F. cronquistii,1,200,0.478301363262705,8,1.1459332336811563,0.0526491343822869,0.0786833529854936,0.0181288707314489,0.9,0.1,SUCCESS,0.4300156678800836,113.68701583895724,1.4802800615821212,0.1061697650802906,0.0635474485079871,0.3527032878017379,264.4421232150411
F. cronquistii,1,800,0.1702140172211174,8,1.7636022704464749,0.0536007554884411,0.0799729580148663,0.0176066275206149,0.9,0.1,SUCCESS,0.3436208647983219,118.82280857942374,0.6399580763836141,0.105533458159358,0.0645723806703622,0.3924749248236977,226.8789545079896
F. cronquistii,2,200,0.3738651106892606,8,1.1459332336811563,0.0526491343822869,0.0786833529854936,0.0181288707314489,0.9,0.1,SUCCESS,0.3185891287051271,107.02324207322708,1.5502219415999363,0.1087996854234119,0.0617353458558538,0.3571506829101236,203.35713302882004
F. cronquistii,2,800,0.214955172908738,8,1.7636022704464749,0.0536007554884411,0.0799729580148663,0.0176066275206149,0.9,0.1,SUCCESS,0.4401859370112046,145.79101743982304,0.7897940371803855,0.111760864640692,0.0625958909896362,0.4847714746467986,221.36021079897145
F. cronquistii,3,800,0.9369193565081162,8,1.7636022704464749,0.0536007554884411,0.0799729580148663,0.0176066275206149,0.9,0.1,SUCCESS,0.2410746233907891,102.79678158913086,3.970934714045569,0.1025154180131596,0.0643651329644728,0.3521534632648625,197.1192762070933
F. cronquistii,3,200,0.3938267507295856,8,1.1459332336811563,0.0526491343822869,0.0786833529854936,0.0181288707314489,0.9,0.1,SUCCESS,0.5330032711349966,155.96181921219204,1.4625755635419182,0.1188158570031895,0.0615190096122235,0.510574516127703,218.9971833411877
F. cronquistii,4,200,0.7402103226175407,8,1.1459332336811563,0.0526491343822869,0.0786833529854936,0.0181288707314489,0.9,0.1,SUCCESS,0.5163711111438782,151.1769939538451,2.672938448247237,0.1066543511880542,0.063383157639861,0.4942419842224635,220.11016393164076
F. cronquistii,4,800,0.3579085558209399,8,1.7636022704464749,0.0536007554884411,0.0799729580148663,0.0176066275206149,0.9,0.1,SUCCESS,0.4341951798128159,139.03748592859876,1.2590170832748555,0.1089440094228609,0.0632957718353904,0.4557881523204307,233.17987862097905
F. pringlei,1,200,0.7087077795155008,8,1.4410241959019925,0.0315805733480407,0.0541623953315169,0.0113533809315291,0.9,0.1,SUCCESS,0.2907302673409812,137.19933479243957,2.493714791390332,0.1000994191660491,0.0692882138624274,0.2652123810231036,237.8077383043597
F. pringlei,1,800,0.8985910273414917,8,2.228132771295143,0.0138052017677195,0.0495236851093281,0.0068562212040635,0.9,0.1,SUCCESS,0.0841660994120587,110.46230874238464,3.02767007804421,0.0987771387481612,0.067415109810877,0.0923410414797387,250.80673042401435
F. pringlei,2,200,0.846247738350942,8,1.4410241959019925,0.0315805733480407,0.0541623953315169,0.0113533809315291,0.9,0.1,SUCCESS,0.2731003613982955,120.81405278150828,2.613247067170292,0.0904473923218384,0.070598045823802,0.2260769776154972,265.59295898979343
F. pringlei,2,800,0.2018053929949249,8,2.228132771295143,0.0138052017677195,0.0495236851093281,0.0068562212040635,0.9,0.1,SUCCESS,0.0827881224051408,112.70451824277906,0.6669284768283461,0.1059890857067378,0.0682303061602668,0.0952879608593826,241.18505659143645
F. pringlei,3,200,0.6360796802213826,8,1.4410241959019925,0.0315805733480407,0.0541623953315169,0.0113533809315291,0.9,0.1,SUCCESS,0.2893835708813481,130.24810151647733,2.047539046821853,0.0874568932669217,0.0739060551835998,0.2467943175536635,254.7980916481281
F. pringlei,3,800,0.8915934478834094,8,2.228132771295143,0.0138052017677195,0.0495236851093281,0.0068562212040635,0.9,0.1,SUCCESS,0.0642341157878672,90.35478440880256,2.584294880632953,0.0995611869517912,0.0684379487724484,0.0727114379001009,283.9678329322289
F. pringlei,4,200,0.5252324725164912,8,1.4410241959019925,0.0315805733480407,0.0541623953315169,0.0113533809315291,0.9,0.1,SUCCESS,0.1694180089980382,86.06478663344353,1.682026266292418,0.0937800467040872,0.0717394782323316,0.162561323622467,257.51553574446973
F. pringlei,4,800,0.8423848247646252,8,2.228132771295143,0.0138052017677195,0.0495236851093281,0.0068562212040635,0.9,0.1,SUCCESS,0.0617844864184419,91.29011972904546,2.502365644360175,0.1012427896950852,0.0675655631997299,0.0743348770098588,273.5662098966408
F. sonorensis,1,200,0.2700288923663421,8,2.383434856935553,0.8035283107338936,0.326115179092953,0.1175093557545264,0.9,0.1,SUCCESS,5.75852147519381,147.9330369244436,0.9961923796218456,0.0017294313755028,0.0006764993766255,6.598315122679395,224.5847216100805
F. sonorensis,2,200,0.3422903356609338,8,2.383434856935553,0.8035283107338936,0.326115179092953,0.1175093557545264,0.9,0.1,SUCCESS,3.385206011298185,89.31137870063975,1.2402690586741656,0.0011227978124118,0.000623012738868,4.013581745911758,218.3930554344196
F. sonorensis,3,200,0.5117160399167097,8,2.383434856935553,0.8035283107338936,0.326115179092953,0.1175093557545264,0.9,0.1,SUCCESS,5.692906570925422,157.94168125907146,1.93451667620694,0.007381987868043,0.0017647149324866,6.83534435326567,249.9675054744351
F. sonorensis,1,800,0.5716510445764809,8,1.9430792891126965,0.7872488012599169,0.3201844550942671,0.1309322049082482,0.9,0.1,SUCCESS,4.127813022661904,132.1243215255052,2.198769227802273,0.0355925423400002,0.0092908181064748,5.639165881419334,231.4628141921941
F. sonorensis,2,800,0.5772537725167697,8,1.9430792891126965,0.7872488012599169,0.3201844550942671,0.1309322049082482,0.9,0.1,SUCCESS,4.06224586118126,133.9139275213133,2.2328230653327807,0.0470172620220023,0.0127763277673994,5.742363773764908,227.5612462471734
F. sonorensis,3,800,0.330451311624923,8,1.9430792891126965,0.7872488012599169,0.3201844550942671,0.1309322049082482,0.9,0.1,SUCCESS,4.2133242026279785,117.54006883525442,1.3133148270125048,0.0068989374639802,0.0013673655422969,4.927890207128853,246.5194546242272
F. sonorensis,4,200,0.5957673608786143,8,2.383434856935553,0.8035283107338936,0.326115179092953,0.1175093557545264,0.9,0.1,SUCCESS,4.881267048958424,153.44032532308177,2.655288853685008,0.018385669112031,0.0039527729237844,6.9656873656149445,210.10462352361876
F. sonorensis,4,800,0.124586710700705,8,1.9430792891126965,0.7872488012599169,0.3201844550942671,0.1309322049082482,0.9,0.1,SUCCESS,5.2005646658787725,143.26904569546588,0.5216539767358341,0.0081037416167895,0.0004879076646489,6.212028272445954,218.3904715873145
H. aturensis,1,200,0.0925604225531524,8,1.5439481716752956,0.8916162846219234,0.5099544117369806,0.2391994390450564,0.9,0.1,SUCCESS,4.2878030040388575,101.61513242698476,0.6280850339861672,0.0040846406832411,0.0017802277672992,4.298947285559944,231.67737645201976
H. aturensis,2,800,0.6952903693313438,8,1.4162813380657395,0.7871807017959385,0.4458581456623429,0.1664281232900816,0.9,0.1,SUCCESS,3.622017177961717,94.00338850660998,2.6981986466960137,0.0018260751543407,0.0012340506505428,3.97519741351717,204.71528924723196
H. aturensis,1,800,0.5758108865034586,8,1.4162813380657395,0.7871807017959385,0.4458581456623429,0.1664281232900816,0.9,0.1,SUCCESS,3.0545079108949627,86.22409059924058,2.536603817182595,0.0103659539815657,0.0042625416244272,3.621555603866862,210.22485357266072
H. aturensis,3,200,0.2232260488156922,8,1.5439481716752956,0.8916162846219234,0.5099544117369806,0.2391994390450564,0.9,0.1,SUCCESS,4.725313104202023,111.84370957950988,0.9163827880065228,0.0030824513377315,0.0013521223659716,4.841919644867378,212.650472562292
H. aturensis,2,200,0.2289635500782946,8,1.5439481716752956,0.8916162846219234,0.5099544117369806,0.2391994390450564,0.9,0.1,SUCCESS,4.9597275860808105,116.93870671903863,0.8783174744284636,0.0027811755789823,0.0009489584482487,5.152561333588415,198.37471672143337
H. aturensis,3,800,0.5538274180025224,8,1.4162813380657395,0.7871807017959385,0.4458581456623429,0.1664281232900816,0.9,0.1,SUCCESS,5.007039777328688,129.16335681848986,1.9718860259865565,0.0022525351295492,0.0010444741948264,5.345839451866099,222.29361077826275
H. aturensis,4,800,0.4647245162228697,8,1.4162813380657395,0.7871807017959385,0.4458581456623429,0.1664281232900816,0.9,0.1,SUCCESS,3.2938865174071856,86.8010289167037,1.5634997585192425,0.0020964379930673,0.0013906888154074,3.5698466349454674,227.5461120453381
H. aturensis,4,200,0.0932030171079144,8,1.5439481716752956,0.8916162846219234,0.5099544117369806,0.2391994390450564,0.9,0.1,SUCCESS,6.1098020909820505,144.75948206908646,0.4523011763851059,0.0031316996915876,0.0008855953210609,6.147741649846164,228.479917326022
H. glutinosa,1,200,0.2774533998824003,8,0.5661425882250397,0.0334309223440104,0.0477901133040915,0.0215407576098221,0.9,0.1,SUCCESS,0.3539728452715219,81.42888045049892,1.0059863321301634,0.0833438443303797,0.074190150027309,0.1666873358373816,228.8379321617902
H. glutinosa,1,800,0.4008519367592436,8,0.8568603397077003,0.0338163972049261,0.0614031375982746,0.0286610563276531,0.9,0.1,SUCCESS,0.375579690609975,73.54601070931162,1.5101919343700132,0.081395592982982,0.073832436402404,0.1539904063984093,213.6303740303937
H. glutinosa,2,800,0.3745005062302186,8,0.8568603397077003,0.0338163972049261,0.0614031375982746,0.0286610563276531,0.9,0.1,SUCCESS,0.4103667576562637,84.78998767731413,1.5749846032728172,0.0854974532196688,0.0750077476897647,0.1813660982252133,196.34988321135316
H. glutinosa,2,200,0.2897725579596407,8,0.5661425882250397,0.0334309223440104,0.0477901133040915,0.0215407576098221,0.9,0.1,SUCCESS,0.3373879056624417,84.02562051681073,1.1204848919049866,0.0970548954313608,0.0711425202870208,0.1768814451396007,205.86739005110192
H. glutinosa,3,800,0.6471481355597954,8,0.8568603397077003,0.0338163972049261,0.0614031375982746,0.0286610563276531,0.9,0.1,SUCCESS,0.4056938046674587,77.66656752800833,2.472730928566037,0.0940558280431749,0.0708468376217063,0.161822401803503,217.6503818213944
H. glutinosa,3,200,0.2461917925990983,8,0.5661425882250397,0.0334309223440104,0.0477901133040915,0.0215407576098221,0.9,0.1,SUCCESS,0.3871870231382159,90.26696142994156,0.8596731074207611,0.0932475007593413,0.0670542779453554,0.1861012811848974,222.92106350274716
H. glutinosa,4,800,0.3044041371572482,8,0.8568603397077003,0.0338163972049261,0.0614031375982746,0.0286610563276531,0.9,0.1,SUCCESS,0.3278757309585388,62.3551260440556,1.0657728983482784,0.084430939599431,0.0745098179426304,0.1284882189449568,226.8077025895216
H. glutinosa,4,200,0.2551318583323047,8,0.5661425882250397,0.0334309223440104,0.0477901133040915,0.0215407576098221,0.9,0.1,SUCCESS,0.302143096595543,71.946944483988,0.9076616608898932,0.1016875234075744,0.06501627965288,0.1486958014038795,220.89415682497196
H. isocalycia,1,800,0.1563931483004961,8,1.1731788211778458,0.3294668344016894,0.2671547615433706,0.0918974492622538,0.9,0.1,SUCCESS,1.8674761680838492,101.45898809253222,0.548824460945589,0.0050393340680029,0.0010900872845257,1.8680088747192576,242.93841936801783
H. isocalycia,1,200,0.1627537143102159,8,0.929642081402902,0.4432680408393645,0.2902453639588172,0.0912340392043224,0.9,0.1,SUCCESS,1.5031725028614855,71.11902132396783,0.5155476150270246,0.0107298148610013,0.0021454211548414,1.706748989595276,270.8395910039722
H. isocalycia,3,800,1.361479755244107,8,1.1731788211778458,0.3294668344016894,0.2671547615433706,0.0918974492622538,0.9,0.1,SUCCESS,1.398799087754229,91.56776094692984,6.13493046552712,0.1002001958939324,0.0660625063509988,1.7866851149310257,195.16131175925057
H. isocalycia,2,200,0.2380539033484138,8,0.929642081402902,0.4432680408393645,0.2902453639588172,0.0912340392043224,0.9,0.1,SUCCESS,1.79441895645643,85.55530027343627,1.3055592972575596,0.0051966147409089,0.001558956186715,2.2970915726953147,177.9522196832576
H. isocalycia,2,800,0.1720166055594812,8,1.1731788211778458,0.3294668344016894,0.2671547615433706,0.0918974492622538,0.9,0.1,SUCCESS,1.5303634444799823,87.5311257037028,0.7052621072395553,0.0077817262709616,0.0018201467742386,1.6662503299240183,215.1478576187375
H. isocalycia,3,200,0.4307380885120455,8,0.929642081402902,0.4432680408393645,0.2902453639588172,0.0912340392043224,0.9,0.1,SUCCESS,1.5737928673505797,81.78525437181116,1.8744093711721703,0.0135049118871522,0.010459250556068,2.1220369607635887,205.15904633580936
H. isocalycia,4,800,0.3440741704797981,8,1.1731788211778458,0.3294668344016894,0.2671547615433706,0.0918974492622538,0.9,0.1,SUCCESS,1.329590579900572,74.4934151671695,1.2175368888205185,0.0045461689284105,0.0039465481737319,1.3701062074213988,243.820474146982
H. isocalycia,4,200,0.4133983237430126,8,0.929642081402902,0.4432680408393645,0.2902453639588172,0.0912340392043224,0.9,0.1,SUCCESS,1.85737208305411,95.56509708558858,2.037434519121369,0.0128141699379996,0.0060852575764272,2.5346003273485733,187.59219809010455
S. hians,1,800,1.6271385880740143,8,1.6408298404803516,0.6487060023919944,0.352296487196694,0.1203947809621367,0.9,0.1,SUCCESS,3.259081676946084,102.43838041445836,5.841188584108274,0.0023708144125098,0.0041593530118826,3.686273021178207,222.4268360134249
S. hians,2,800,1.8033095204751357,9,1.6408298404803516,0.6487060023919944,0.352296487196694,0.1203947809621367,0.9,0.1,SUCCESS,3.3307865499040523,104.17529639362408,6.454173135861659,0.0026051091482797,0.0049718565501046,3.8403264953266425,202.725245778436
S. hians,2,200,0.4913460794764691,8,1.7778030543702097,0.9014661593366818,0.4781226716355543,0.1485155729389827,0.9,0.1,SUCCESS,3.9036826707945904,90.52045347927682,1.8816869114144763,0.0013746029730916,0.0007487589919042,4.542998419147633,193.11968297850316
S. hians,3,800,2.2944872319981533,8,1.6408298404803516,0.6487060023919944,0.352296487196694,0.1203947809621367,0.9,0.1,SUCCESS,3.5350302313680757,111.03066642342569,9.24564980867617,0.00323710274369,0.0089811760243535,4.092485910726885,202.83514300869925
S. hians,1,200,0.7903044798696718,8,1.7778030543702097,0.9014661593366818,0.4781226716355543,0.1485155729389827,0.9,0.1,SUCCESS,4.586638742178309,107.98710112003673,2.571832417957239,0.0016978578544784,0.0010346931086106,5.138660539931959,236.7012435209381
S. hians,3,200,0.9454808852186388,8,1.7778030543702097,0.9014661593366818,0.4781226716355543,0.1485155729389827,0.9,0.1,SUCCESS,4.503147497121402,104.35430018190344,3.683138613669136,0.0018761356283807,0.0013871017054327,5.170889845572552,203.35500953391784
S. hians,4,800,1.278081382068898,8,1.6408298404803516,0.6487060023919944,0.352296487196694,0.1203947809621367,0.9,0.1,SUCCESS,3.154850035370346,100.37775968925511,3.941073078909106,0.0019806754904983,0.0028812930052537,3.446060534385045,262.2516828685717
S. hians,4,200,0.2450670328278061,8,1.7778030543702097,0.9014661593366818,0.4781226716355543,0.1485155729389827,0.9,0.1,SUCCESS,4.884132508174469,111.13862786973648,1.0378674374491157,0.0017365856886335,0.0007244739491083,5.642967438884821,183.91035454401225
S. laxum,1,200,0.3378455444627054,8,0.9305191665371012,0.3384775974353286,0.2525628728610073,0.0794736024196168,0.9,0.1,SUCCESS,1.0770392314007635,68.11431627192911,1.0831020699021323,0.1296778853811294,0.0525356269181032,1.3021853306102773,245.4257879434196
S. laxum,1,800,0.2315902302741101,8,1.0924663542247384,0.3767981015992269,0.2885611086738183,0.0666769514253212,0.9,0.1,SUCCESS,1.109787109630179,90.0710266767197,0.9155914678958011,0.0902075007772289,0.0469695031569476,2.0148592781051597,215.35956493984395
S. laxum,2,200,0.4009219462521255,8,0.9305191665371012,0.3384775974353286,0.2525628728610073,0.0794736024196168,0.9,0.1,SUCCESS,1.4188431518648368,99.80152504399504,1.704039842214037,0.1325582796000876,0.0504365656257183,2.023997235776523,196.73115984658443
S. laxum,2,800,0.2964654911932532,8,1.0924663542247384,0.3767981015992269,0.2885611086738183,0.0666769514253212,0.9,0.1,SUCCESS,1.3436178267677823,97.8776758424784,1.301502687670535,0.025473600283903,0.0144219100912019,2.194198530319609,213.60181916086043
S. laxum,3,200,0.2511892716795341,8,0.9305191665371012,0.3384775974353286,0.2525628728610073,0.0794736024196168,0.9,0.1,SUCCESS,1.4429288532802405,92.28704864885232,0.9875721580942952,0.0440036362486161,0.0304089024985388,1.8203538727657145,219.27434036134665
S. laxum,3,800,0.2694543647771443,8,1.0924663542247384,0.3767981015992269,0.2885611086738183,0.0666769514253212,0.9,0.1,SUCCESS,0.9999293880343136,80.21144992422688,0.9396471321998732,0.1419423757352602,0.0465573160820321,1.7594982871168805,231.567954963099
S. laxum,4,800,1.0764640537427568,8,1.0924663542247384,0.3767981015992269,0.2885611086738183,0.0666769514253212,0.9,0.1,SUCCESS,1.064230692439457,100.43550930468206,4.700277308381139,0.1038684670405396,0.0628396202789254,2.369470041782589,172.90846167553138
S. laxum,4,200,0.3515134588552627,8,0.9305191665371012,0.3384775974353286,0.2525628728610073,0.0794736024196168,0.9,0.1,SUCCESS,0.9838445471933585,65.13688085184206,1.1780371535190284,0.1334410777614577,0.0522219388579872,1.261203518925553,234.69015423661335
T. cristatus,1,200,1.852700901768947,8,1.932456293809772,0.8161856504215941,0.4187827774815925,0.0943950549978757,0.9,0.1,SUCCESS,6.81661808225633,169.19470020717085,9.303260899036005,0.0020500214699908,0.0018679336882343,8.624676170032346,151.72641216410926
T. cristatus,2,200,0.8670938091985531,8,1.932456293809772,0.8161856504215941,0.4187827774815925,0.0943950549978757,0.9,0.1,SUCCESS,5.820664479063673,144.55436375109934,4.650418994145653,0.0015972104032907,0.0010496170734456,7.399319994407167,148.5927176799768
T. cristatus,1,800,0.5307666520557056,8,1.422182976998262,0.7561359245726862,0.4998875675838674,0.1212551955490179,0.9,0.1,SUCCESS,5.428316213446176,142.62410597890067,2.2058411904693718,0.0017753944047849,0.0008371112959337,6.281406985678158,182.3064079492338
T. cristatus,3,200,2.3027509261303774,8,1.932456293809772,0.8161856504215941,0.4187827774815925,0.0943950549978757,0.9,0.1,SUCCESS,7.513692753709497,187.31199328254087,10.856351740494802,0.0024533189293605,0.002496879995901,9.476509569604454,157.44383505733285
T. cristatus,2,800,0.6066227717655759,7,1.422182976998262,0.7561359245726862,0.4998875675838674,0.1212551955490179,0.9,0.1,SUCCESS,4.940363667328467,127.15550545367996,3.313636878289728,0.0017628470854551,0.001085857137324,5.902928155613112,141.9730304202606
T. cristatus,3,800,0.2885674439872757,8,1.422182976998262,0.7561359245726862,0.4998875675838674,0.1212551955490179,0.9,0.1,SUCCESS,3.9775512004243354,107.630059373975,1.030749572299925,0.0012796603164026,0.0004969602006727,4.602292587126126,205.87009036993976
T. cristatus,4,200,0.9320572903919266,8,1.932456293809772,0.8161856504215941,0.4187827774815925,0.0943950549978757,0.9,0.1,SUCCESS,5.458969572987196,137.9699760296537,3.8941236699596544,0.0014243325746786,0.0009115055448353,6.840889907406396,172.94954876256782
T. cristatus,4,800,0.7780018754643863,8,1.422182976998262,0.7561359245726862,0.4998875675838674,0.1212551955490179,0.9,0.1,SUCCESS,5.331352153028762,152.29666199697058,4.682700482061989,0.0074196862363273,0.0031284331248597,6.9014569674438935,160.19681254497272
T. cristatus,6,200,1.183939671515008,8,1.932456293809772,0.8161856504215941,0.4187827774815925,0.0943950549978757,0.9,0.1,SUCCESS,4.246262645637571,112.88765953871884,4.303232067670734,0.001282606924679,0.001156935352998,5.259855927050169,222.7874109424854
T. forrestii,1,800,1.392703684728612,8,1.8579903761298235,0.1805861262875186,0.1983923977579862,0.0750871088328947,0.9,0.1,SUCCESS,1.712002686706073,157.66460136932702,6.654167904535655,0.1290810382036588,0.0554494993368078,1.7747023934211037,169.36931516131298
T. forrestii,1,200,0.6957496332578146,8,2.281661790671401,0.3519372249371659,0.2814788365228409,0.0870707393184862,0.9,0.1,SUCCESS,1.9807680124742455,145.63778497490728,2.888664979172816,0.1572484399678651,0.0397068450292014,3.0900393190818067,185.23363748719711
T. cristatus,6,800,0.2218023219166472,8,1.422182976998262,0.7561359245726862,0.4998875675838674,0.1212551955490179,0.9,0.1,SUCCESS,2.168771334055027,61.263090237151125,0.8374473730766994,0.0007418139323351,0.0003530270896765,2.6348484862825856,201.19157334339224
T. forrestii,2,200,1.0100404244589558,8,2.281661790671401,0.3519372249371659,0.2814788365228409,0.0870707393184862,0.9,0.1,SUCCESS,3.113008893858201,173.297460461785,3.4930053435025314,0.0710020190543961,0.0517072599183239,3.411204639581301,246.70782661193977
T. forrestii,3,800,2.5524637785018767,8,1.8579903761298235,0.1805861262875186,0.1983923977579862,0.0750871088328947,0.9,0.1,SUCCESS,1.516123602996268,116.53978704440604,8.820205928049099,0.1180773778675671,0.0603404972111179,1.2218303642240056,226.31339109800783
T. forrestii,2,800,0.5072083856033357,8,1.8579903761298235,0.1805861262875186,0.1983923977579862,0.0750871088328947,0.9,0.1,SUCCESS,2.053490707100417,165.339850295136,2.096345800222849,0.1463556824767862,0.0457669238995177,1.7943873886745336,198.1209276738341
T. forrestii,3,200,0.2713765684582058,8,2.281661790671401,0.3519372249371659,0.2814788365228409,0.0870707393184862,0.9,0.1,SUCCESS,2.256860553480831,137.7670784507289,0.975763365800958,0.0951405289697788,0.0347531997937812,2.7529488137972966,233.99846472410516
T. forrestii,4,200,2.3183049112795358,8,2.281661790671401,0.3519372249371659,0.2814788365228409,0.0870707393184862,0.9,0.1,SUCCESS,2.437009791925017,158.03956428988073,8.918098869006826,0.1371821978246349,0.0522450409783828,3.2546746942891858,209.11871566835956
T. forrestii,4,800,0.8131015055779558,8,1.8579903761298235,0.1805861262875186,0.1983923977579862,0.0750871088328947,0.9,0.1,SUCCESS,1.7839709265993042,125.00090035980134,2.7137868278817763,0.1244192778358606,0.0559608622295454,1.2747638027951629,249.61556373729664
F. angustifolia,3,200,1.338183986867592,8,2.0379564972435595,0.8681020914262425,0.4573861676715414,0.125061121926343,0.3,0.2,SUCCESS,10.825169248793296,239.85462633912812,6.205383444428207,0.0030964797342229,0.001489491896975,12.844890885299804,135.19487403994123
F. angustifolia,4,200,0.4265451422560773,8,2.0379564972435595,0.8681020914262425,0.4573861676715414,0.125061121926343,0.3,0.2,SUCCESS,6.472669901939179,148.05818427708758,2.5836093694323665,0.0023294703941347,0.0012218672308559,7.800253255905373,147.38945555919702
F. angustifolia,1,200,0.5580554624349265,8,2.0379564972435595,0.8681020914262425,0.4573861676715414,0.125061121926343,0.3,0.2,SUCCESS,5.867624873355567,143.91495020007852,2.932868066679589,0.0045130417875673,0.0018880897776764,7.264834326192415,180.19102429786105
F. angustifolia,2,200,1.0805376703729952,8,2.0379564972435595,0.8681020914262425,0.4573861676715414,0.125061121926343,0.3,0.2,SUCCESS,7.516140562154014,230.8068978220888,6.317058971468754,0.0374665180070492,0.0090548446154612,11.88330309012451,164.8704104235269
F. angustifolia,3,800,0.3984166793594083,8,2.367206810518846,0.8578370039851739,0.4886260319061323,0.1474221516940808,0.3,0.2,SUCCESS,4.972250519644875,148.60250623274314,2.212527437175396,0.0252854003556882,0.0034837044077962,7.295528701344092,172.42814667152817
F. angustifolia,4,800,0.8426651685554265,8,2.367206810518846,0.8578370039851739,0.4886260319061323,0.1474221516940808,0.3,0.2,SUCCESS,4.728012383458424,163.50047020379174,5.061985947229374,0.0583523382180394,0.0171291653547956,8.182210614909751,157.69328907477217
F. angustifolia,1,800,0.5923467142048533,8,2.367206810518846,0.8578370039851739,0.4886260319061323,0.1474221516940808,0.3,0.2,SUCCESS,6.68320570929708,198.78025318654772,3.5197515070424714,0.0380600010494385,0.0060160681301534,9.832884551676512,166.59139621340807
F. angustifolia,2,800,0.3822788162852579,8,2.367206810518846,0.8578370039851739,0.4886260319061323,0.1474221516940808,0.3,0.2,SUCCESS,4.875540610840024,159.84584658054592,2.1740001338781525,0.0496167041009847,0.0063103059518002,7.841292988539124,173.04395653311636
F. cronquistii,1,800,0.807657151624164,8,1.7636022704464749,0.0536007554884411,0.0799729580148663,0.0176066275206149,0.3,0.2,SUCCESS,0.4075819781048939,158.79364545160217,3.924336857146983,0.1103049786479884,0.0633354674875822,0.5592938485455287,175.18847685112928
F. cronquistii,1,200,1.025727249054864,8,1.1459332336811563,0.0526491343822869,0.0786833529854936,0.0181288707314489,0.3,0.2,SUCCESS,0.4862823411003298,148.9026986043305,4.320262165727911,0.1104393239984039,0.0642538986555124,0.4959443873792543,204.92576812073528
F. cronquistii,3,200,1.4790591227851635,8,1.1459332336811563,0.0526491343822869,0.0786833529854936,0.0181288707314489,0.3,0.2,SUCCESS,0.659218477394677,242.3285858000324,6.225282862081627,0.1015630350805389,0.0654269657942407,0.863967640454659,151.6936962071921
F. cronquistii,2,200,0.7535542627687843,8,1.1459332336811563,0.0526491343822869,0.0786833529854936,0.0181288707314489,0.3,0.2,SUCCESS,0.3693404581699779,140.84923396432475,4.114650790224587,0.108902149720836,0.0636114174035918,0.4962062061096411,160.77028889431836
F. cronquistii,2,800,1.1853512546748433,8,1.7636022704464749,0.0536007554884411,0.0799729580148663,0.0176066275206149,0.3,0.2,SUCCESS,0.5450494524846221,215.28022444715987,6.6509598499296345,0.1081911294033973,0.0632882592831265,0.7744610494977523,158.87583698819083
F. cronquistii,4,200,1.746123118286403,8,1.1459332336811563,0.0526491343822869,0.0786833529854936,0.0181288707314489,0.3,0.2,SUCCESS,0.6368325012747362,232.34283376088587,9.584123279164146,0.1070094696400771,0.0643198715683871,0.8255768247392256,154.2465449589835
F. cronquistii,3,800,1.8039384499946247,8,1.7636022704464749,0.0536007554884411,0.0799729580148663,0.0176066275206149,0.3,0.2,SUCCESS,0.2808346227558275,129.35150396696207,9.73126612083825,0.1006123548860734,0.0646080423501755,0.4654626521609624,158.668735169212
F. cronquistii,4,800,1.3258317347841762,8,1.7636022704464749,0.0536007554884411,0.0799729580148663,0.0176066275206149,0.3,0.2,SUCCESS,0.5263381719461907,198.79968966693284,6.601129581205584,0.1116230983606962,0.0652085015651938,0.7044746639868876,170.46131239732478
F. pringlei,1,200,1.702457737301445,8,1.4410241959019925,0.0315805733480407,0.0541623953315169,0.0113533809315291,0.3,0.2,SUCCESS,0.351120065617012,196.37487955345316,8.565679290585791,0.1031746375096792,0.0683208858397468,0.4099393824159836,175.50785863825098
F. pringlei,2,200,1.4808643280847946,8,1.4410241959019925,0.0315805733480407,0.0541623953315169,0.0113533809315291,0.3,0.2,SUCCESS,0.3183839408422121,161.3357242515169,6.192649728348627,0.0986153924529962,0.0701409357196221,0.3245862393945641,204.8256013795937
F. pringlei,2,800,0.9052729649287072,8,2.228132771295143,0.0138052017677195,0.0495236851093281,0.0068562212040635,0.3,0.2,SUCCESS,0.108093353496258,144.8789632018063,4.019165813350412,0.1008880930924542,0.0662198373831795,0.1303662703098775,190.12379436889776
F. pringlei,1,800,0.6847315000669584,8,2.228132771295143,0.0138052017677195,0.0495236851093281,0.0068562212040635,0.3,0.2,SUCCESS,0.1092405112919751,140.77796076797932,2.933937148618597,0.100914983316975,0.0693928176386168,0.1252566064220233,199.12329428443505
F. pringlei,3,200,1.1462918718236952,8,1.4410241959019925,0.0315805733480407,0.0541623953315169,0.0113533809315291,0.3,0.2,SUCCESS,0.3414709587319544,180.39174982511943,5.167899089733254,0.0971127764516855,0.0698288726113474,0.3694278276347542,190.58689956221943
F. pringlei,4,200,0.5789678474336697,8,1.4410241959019925,0.0315805733480407,0.0541623953315169,0.0113533809315291,0.3,0.2,SUCCESS,0.1914886041681079,103.48129322796646,2.242102093300573,0.0906859294248515,0.0689034550859185,0.2053806695344353,215.89232238031903
F. pringlei,3,800,0.7998520242446179,8,2.228132771295143,0.0138052017677195,0.0495236851093281,0.0068562212040635,0.3,0.2,SUCCESS,0.0831833655344608,107.42207639647572,2.720267710506022,0.0960729983092464,0.0687422964245105,0.0912124120286111,237.56582701973304
F. pringlei,4,800,0.7387645022347289,8,2.228132771295143,0.0138052017677195,0.0495236851093281,0.0068562212040635,0.3,0.2,SUCCESS,0.0809070325563231,109.0589515355796,2.7067485905871536,0.096364640269456,0.0694731956300629,0.0936336721337733,228.29576173905912
F. sonorensis,1,200,1.0405964240298913,8,2.383434856935553,0.8035283107338936,0.326115179092953,0.1175093557545264,0.3,0.2,SUCCESS,8.687254835188643,210.9892344961629,5.386401406374958,0.0029720381248996,0.0017936152598344,10.267048201995168,155.48451785321362
F. sonorensis,2,200,0.374865125496998,8,2.383434856935553,0.8035283107338936,0.326115179092953,0.1175093557545264,0.3,0.2,SUCCESS,4.15470971081714,105.98511186881018,1.8816514278978216,0.0017210112576413,0.0010102577494294,5.004793579863579,178.64195422444212
F. sonorensis,3,200,1.7227292978907016,8,2.383434856935553,0.8035283107338936,0.326115179092953,0.1175093557545264,0.3,0.2,SUCCESS,8.591165852169931,227.64134136781055,9.406686091242875,0.0093712576607961,0.0058316246498213,10.869095894730943,170.03762913623308
F. sonorensis,1,800,0.4761450960676558,8,1.9430792891126965,0.7872488012599169,0.3201844550942671,0.1309322049082482,0.3,0.2,SUCCESS,5.192636832435437,181.522713711702,2.6901851101415133,0.0557857643600098,0.0086315281244128,8.369647852457692,169.36143996938216
F. sonorensis,3,800,0.5522961650272067,8,1.9430792891126965,0.7872488012599169,0.3201844550942671,0.1309322049082482,0.3,0.2,SUCCESS,5.495086513966447,150.66331326630106,2.7415158523317302,0.0085772850565667,0.0025035033274145,6.781780395289846,188.17781448908136
F. sonorensis,2,800,0.4375677821368293,8,1.9430792891126965,0.7872488012599169,0.3201844550942671,0.1309322049082482,0.3,0.2,SUCCESS,5.054844134044712,185.9406855533252,2.483887982135016,0.0767049150682911,0.0112388982024837,8.613370106435992,165.76828192626897
F. sonorensis,4,200,0.4372344438515324,8,2.383434856935553,0.8035283107338936,0.326115179092953,0.1175093557545264,0.3,0.2,SUCCESS,7.014928611375385,228.06125002088527,3.1334953897970763,0.0309273620691405,0.00341915500329,11.284303358411773,142.93164960786658
F. sonorensis,4,800,0.5347549817546551,8,1.9430792891126965,0.7872488012599169,0.3201844550942671,0.1309322049082482,0.3,0.2,SUCCESS,7.492774098202386,201.201819831682,3.449433657216062,0.0107147560964995,0.0022430373160033,9.47115385479088,153.5086503458577
H. aturensis,1,200,0.2652967317010816,8,1.5439481716752956,0.8916162846219234,0.5099544117369806,0.2391994390450564,0.3,0.2,SUCCESS,5.256708956787043,122.4674851125489,1.1794279705513304,0.0034067452103512,0.0015538824436932,5.4754079940233975,186.76299527678947
H. aturensis,1,800,0.5663276482215419,8,1.4162813380657395,0.7871807017959385,0.4458581456623429,0.1664281232900816,0.3,0.2,SUCCESS,3.6048847364939514,103.34706479441738,3.0761961311892563,0.0138903760674653,0.0046292519629212,4.550724662274203,172.65504483568614
H. aturensis,2,800,0.942329994427622,8,1.4162813380657395,0.7871807017959385,0.4458581456623429,0.1664281232900816,0.3,0.2,SUCCESS,4.535305120927745,114.0858302171062,4.404030304745177,0.0024477282681942,0.0017881013511726,5.062394654746165,166.7015585496916
H. aturensis,3,800,1.251789435752436,8,1.4162813380657395,0.7871807017959385,0.4458581456623429,0.1664281232900816,0.3,0.2,SUCCESS,6.969520086600147,172.54623349861726,5.920264524514039,0.0035239539873908,0.0022643296532331,7.678087305038498,164.53375577752453
H. aturensis,2,200,0.3099708821508221,8,1.5439481716752956,0.8916162846219234,0.5099544117369806,0.2391994390450564,0.3,0.2,SUCCESS,6.478518005470958,148.12023866869237,1.5755851969574763,0.0032628302375916,0.0009525822384974,6.921969495270795,152.53051178694614
H. aturensis,4,200,0.783248873574463,8,1.5439481716752956,0.8916162846219234,0.5099544117369806,0.2391994390450564,0.3,0.2,SUCCESS,8.620467490194086,195.96050161807227,3.843653815452399,0.004844199645863,0.002317135321316,9.012026497944062,164.75493728730154
H. aturensis,3,200,0.2185663429411477,8,1.5439481716752956,0.8916162846219234,0.5099544117369806,0.2391994390450564,0.3,0.2,SUCCESS,6.033726114972771,139.14859088005468,1.0337984494865964,0.0031421347833499,0.0009456126906701,6.38747679681764,166.17838360714944
H. aturensis,4,800,0.5207128810831998,8,1.4162813380657395,0.7871807017959385,0.4458581456623429,0.1664281232900816,0.3,0.2,SUCCESS,4.025044307950836,102.86228745415976,2.11484705698026,0.00235962505437,0.0015684362307343,4.446001154515942,187.220098808906
H. glutinosa,1,200,0.2381245829250584,8,0.5661425882250397,0.0334309223440104,0.0477901133040915,0.0215407576098221,0.3,0.2,SUCCESS,0.3816354506515444,99.38440117534904,1.002651899968619,0.0576014399836094,0.0757459091323193,0.2129954706544117,191.4853803685122
H. glutinosa,1,800,0.3542098644413267,8,0.8568603397077003,0.0338163972049261,0.0614031375982746,0.0286610563276531,0.3,0.2,SUCCESS,0.405634371521881,87.43197022574455,1.5841529563810113,0.078836052883974,0.0752500791300919,0.1900715643299151,183.48888675211023
H. glutinosa,2,800,0.2211480852518428,8,0.8568603397077003,0.0338163972049261,0.0614031375982746,0.0286610563276531,0.3,0.2,SUCCESS,0.4466625203172101,104.8711427514626,1.1533057301389036,0.0479796972992166,0.0743479345641016,0.2338415631376596,163.75993122440303
H. glutinosa,2,200,0.2078620658670665,8,0.5661425882250397,0.0334309223440104,0.0477901133040915,0.0215407576098221,0.3,0.2,SUCCESS,0.3673208953841812,104.11810450209526,0.9872629193966064,0.0950669693928023,0.0698396163929175,0.2290876997580073,170.83397010496742
H. glutinosa,3,800,0.6422113100204199,8,0.8568603397077003,0.0338163972049261,0.0614031375982746,0.0286610563276531,0.3,0.2,SUCCESS,0.4386908845250401,93.26326070356032,2.9984256247900944,0.0851734911025219,0.075056334917161,0.2023267423409477,185.130151954298
H. glutinosa,3,200,0.167620840370437,8,0.5661425882250397,0.0334309223440104,0.0477901133040915,0.0215407576098221,0.3,0.2,SUCCESS,0.4233034960832989,113.4950892239544,0.7729971555126198,0.1023451074209668,0.065701835635368,0.2461430522881084,182.092687251754
H. glutinosa,4,800,0.2018558924804724,8,0.8568603397077003,0.0338163972049261,0.0614031375982746,0.0286610563276531,0.3,0.2,SUCCESS,0.3459833907410328,71.2129416196019,0.8469934904865042,0.0649814981974719,0.0745068138351043,0.1517627538319584,199.3137024172887
H. glutinosa,4,200,0.3265128302087649,8,0.5661425882250397,0.0334309223440104,0.0477901133040915,0.0215407576098221,0.3,0.2,SUCCESS,0.3238761942911803,85.59470001567827,1.44306553693243,0.1080565596321525,0.064562905902628,0.1840561020079268,188.8316475336092
H. isocalycia,1,800,0.4716221491911398,8,1.1731788211778458,0.3294668344016894,0.2671547615433706,0.0918974492622538,0.3,0.2,SUCCESS,2.301400221709702,127.5486893630396,2.31310676953251,0.0079732958832703,0.0047479976711294,2.490575376159089,194.57586605927824
H. isocalycia,1,200,0.2758680087670796,8,0.929642081402902,0.4432680408393645,0.2902453639588172,0.0912340392043224,0.3,0.2,SUCCESS,1.6716241370642613,82.26692362197684,1.0709598062079024,0.0144975271630959,0.0051498131506879,2.0632342093062888,233.12202966192683
H. isocalycia,3,800,1.5962883595026636,8,1.1731788211778458,0.3294668344016894,0.2671547615433706,0.0918974492622538,0.3,0.2,SUCCESS,1.5484981712693764,112.94853427783812,9.108052597823594,0.1062279274375951,0.0635213648588584,2.313092842502397,157.4249224916241
H. isocalycia,2,200,0.231498353008868,8,0.929642081402902,0.4432680408393645,0.2902453639588172,0.0912340392043224,0.3,0.2,SUCCESS,2.1672352116992872,105.88345770606706,1.5932843477595782,0.0078443823207753,0.0017139140484543,2.959742791043888,147.07875149476197
H. isocalycia,3,200,0.4047579056310912,8,0.929642081402902,0.4432680408393645,0.2902453639588172,0.0912340392043224,0.3,0.2,SUCCESS,1.8164878655111776,99.11048025133653,2.289308928862553,0.0187354828845957,0.0090880751271116,2.6842183902125583,171.19913703023818
H. isocalycia,2,800,0.2075657098151884,8,1.1731788211778458,0.3294668344016894,0.2671547615433706,0.0918974492622538,0.3,0.2,SUCCESS,1.7870769315031043,107.16288550206671,1.1268804227718618,0.0137746766120431,0.0031800477592766,2.1367002277342206,178.06083267965045
H. isocalycia,4,800,0.249452996597595,8,1.1731788211778458,0.3294668344016894,0.2671547615433706,0.0918974492622538,0.3,0.2,SUCCESS,1.5268810489865987,86.86839206893782,1.0804580096200382,0.006787010227232,0.0026342571781305,1.6682444495299218,207.9739055316792
H. isocalycia,4,200,0.368731815316089,8,0.929642081402902,0.4432680408393645,0.2902453639588172,0.0912340392043224,0.3,0.2,SUCCESS,2.237873950406768,121.766866621286,2.402393166549196,0.0193677614529876,0.0058959056346335,3.386485345493297,150.90325360240828
S. hians,1,800,2.160906778235216,8,1.6408298404803516,0.6487060023919944,0.352296487196694,0.1203947809621367,0.3,0.2,SUCCESS,4.193045829308712,127.79887883587584,9.626387491685628,0.0030908408688515,0.0053064128599858,4.85633441325052,178.6134581107398
S. hians,1,200,1.42682232244051,8,1.7778030543702097,0.9014661593366818,0.4781226716355543,0.1485155729389827,0.3,0.2,SUCCESS,5.996807990115017,135.4745959938774,5.973042845360155,0.0025922473325904,0.0020911094090692,6.864827531876424,185.49170007608893
S. hians,3,800,3.0325427092276818,8,1.6408298404803516,0.6487060023919944,0.352296487196694,0.1203947809621367,0.3,0.2,SUCCESS,4.668048079124272,141.86929030983222,14.75160576139433,0.0039872450409512,0.0083348021367493,5.524856942814753,159.65297378259714
S. hians,3,200,1.2494333560522128,8,1.7778030543702097,0.9014661593366818,0.4781226716355543,0.1485155729389827,0.3,0.2,SUCCESS,5.881874969271975,130.77584176226603,6.389137129386839,0.0024284500508485,0.0018287503720792,6.857784476276221,158.8915368626184
S. hians,2,800,2.2448467578394387,9,1.6408298404803516,0.6487060023919944,0.352296487196694,0.1203947809621367,0.3,0.2,SUCCESS,4.322666814960755,130.526910580719,10.398345503002012,0.0031140932681174,0.0045199597352085,5.072504603141214,161.2552391513607
S. hians,2,200,0.5891826285975491,8,1.7778030543702097,0.9014661593366818,0.4781226716355543,0.1485155729389827,0.3,0.2,SUCCESS,4.899957651047958,109.23366461614977,2.691834613113585,0.0016533744674418,0.0008339038056922,5.744297609805672,156.74421275403344
S. hians,4,800,1.8973834124791964,8,1.6408298404803516,0.6487060023919944,0.352296487196694,0.1203947809621367,0.3,0.2,SUCCESS,3.994707878317955,123.2108314063388,7.234981273862012,0.0027548921153143,0.004800045093394,4.489638010307438,212.14380459030912
S. hians,4,200,0.2140513724317705,8,1.7778030543702097,0.9014661593366818,0.4781226716355543,0.1485155729389827,0.3,0.2,SUCCESS,6.570352410074182,142.83506397291558,1.1135681386840446,0.0019444027095758,0.0005922976102179,7.686378296645974,139.41617318859562
S. laxum,1,200,0.3927562489742205,8,0.9305191665371012,0.3384775974353286,0.2525628728610073,0.0794736024196168,0.3,0.2,SUCCESS,1.1526510697600791,78.47161865728769,1.506376327789695,0.142008577339366,0.0470613380457537,1.5619055831259008,211.86334304065548
S. laxum,1,800,0.3137787320495337,8,1.0924663542247384,0.3767981015992269,0.2885611086738183,0.0666769514253212,0.3,0.2,SUCCESS,1.248988797047193,111.81175506174718,1.5283125295269429,0.1488199737049308,0.0410217390743811,2.623522362832659,177.15374259664472
S. laxum,2,200,0.5414701169560621,8,0.9305191665371012,0.3384775974353286,0.2525628728610073,0.0794736024196168,0.3,0.2,SUCCESS,1.616417595270286,128.6183669130606,2.8358236179604503,0.1501305986241148,0.0427846086370724,2.745066106269617,156.86798302865802
S. laxum,2,800,0.5440748392605089,8,1.0924663542247384,0.3767981015992269,0.2885611086738183,0.0666769514253212,0.3,0.2,SUCCESS,1.4908663812994818,125.48873100673856,2.8219304461295067,0.0710020350520149,0.0504023258882578,2.961704799595897,172.5988502247469
S. laxum,3,800,0.406375064752745,8,1.0924663542247384,0.3767981015992269,0.2885611086738183,0.0666769514253212,0.3,0.2,SUCCESS,1.1091191784846268,95.76213625881128,1.6677921493667895,0.151245802573058,0.0425686566230049,2.198647201351572,194.3112424087202
S. laxum,3,200,0.4362652520049203,8,0.9305191665371012,0.3384775974353286,0.2525628728610073,0.0794736024196168,0.3,0.2,SUCCESS,1.610185192819542,115.6975834891608,2.147880763269626,0.0921138913632128,0.0531748226329376,2.3989117669766107,179.19396886870524
S. laxum,4,200,0.4861661297109915,8,0.9305191665371012,0.3384775974353286,0.2525628728610073,0.0794736024196168,0.3,0.2,SUCCESS,1.052914211501294,74.53350507243435,1.919459669964617,0.1391485359637664,0.0503172126730137,1.4977669315022073,204.1032122334417
S. laxum,4,800,1.3926087211892204,8,1.0924663542247384,0.3767981015992269,0.2885611086738183,0.0666769514253212,0.3,0.2,SUCCESS,1.245562583216448,129.27517892920622,8.00422309004557,0.1151928998905656,0.0592338408677611,3.2032522685019105,135.70312921010373
T. cristatus,1,200,3.959307803911452,8,1.932456293809772,0.8161856504215941,0.4187827774815925,0.0943950549978757,0.3,0.2,SUCCESS,10.10232505735351,237.17644556913507,15.17726518058329,0.0027902883133794,0.0026482887613957,12.99655705823047,99.0130155680848
T. cristatus,3,200,8.881681853225562,8,1.932456293809772,0.8161856504215941,0.4187827774815925,0.0943950549978757,0.3,0.2,SUCCESS,8.65663405350015,224.9940591965285,37.45002771959328,0.0066670066529058,0.0282199329952506,12.379715193728703,96.13291320989048
T. cristatus,1,800,0.812691084691274,8,1.422182976998262,0.7561359245726862,0.4998875675838674,0.1212551955490179,0.3,0.2,SUCCESS,8.353808447441251,207.851176278954,4.821060765845985,0.0025346731370685,0.0010899366134552,9.874387627446108,124.94977684872406
T. cristatus,2,200,1.0903843343939734,8,1.932456293809772,0.8161856504215941,0.4187827774815925,0.0943950549978757,0.3,0.2,SUCCESS,9.198055713391584,215.83704462112848,7.946420883574092,0.0023050647749204,0.0013208534701063,11.793501515408478,101.02313241426398
T. cristatus,2,800,0.7396246167035048,7,1.422182976998262,0.7561359245726862,0.4998875675838674,0.1212551955490179,0.3,0.2,SUCCESS,7.275190995618999,178.89342190125004,5.640732155508886,0.0023532308713203,0.0012282015439475,8.769550041345692,102.43486641651208
T. cristatus,3,800,0.6453335792087359,8,1.422182976998262,0.7561359245726862,0.4998875675838674,0.1212551955490179,0.3,0.2,SUCCESS,5.345994324913531,138.3360608287374,3.033160283906483,0.001814472198171,0.0009795427421936,6.2753217218188135,159.40504090109363
T. cristatus,4,800,1.601614072145162,8,1.422182976998262,0.7561359245726862,0.4998875675838674,0.1212551955490179,0.3,0.2,SUCCESS,8.455228229946517,230.95378146391192,12.381254666692698,0.0103645759343156,0.0058311798015894,11.216813777088324,109.0347584553351
T. cristatus,4,200,1.6749546421420354,8,1.932456293809772,0.8161856504215941,0.4187827774815925,0.0943950549978757,0.3,0.2,SUCCESS,8.283127294755301,199.21873901657997,10.271763019426572,0.0023473864716273,0.0017518010563629,10.559206176907493,122.8073094056267
T. cristatus,6,200,1.683609414807494,8,1.932456293809772,0.8161856504215941,0.4187827774815925,0.0943950549978757,0.3,0.2,SUCCESS,5.782337022738252,146.02139158278965,7.814883076716029,0.0017651704864268,0.0015682354298185,7.264461327757863,170.34388927064688
T. forrestii,1,200,2.1392568597764816,8,2.281661790671401,0.3519372249371659,0.2814788365228409,0.0870707393184862,0.3,0.2,SUCCESS,2.5163750626333035,208.7504504480946,13.37262049452582,0.1463301743790749,0.0482697652937956,4.7415433939228695,133.22958355921668
T. forrestii,2,200,3.460938333032504,8,2.281661790671401,0.3519372249371659,0.2814788365228409,0.0870707393184862,0.3,0.2,SUCCESS,3.720181306611504,242.5278665225479,8.365632207842069,0.0729663877978936,0.06311839995164,5.2757521890089984,165.79062817140803
T. forrestii,1,800,3.086779544701641,8,1.8579903761298235,0.1805861262875186,0.1983923977579862,0.0750871088328947,0.3,0.2,SUCCESS,2.031695935475391,230.0428826118145,16.679184869242135,0.1255354094073871,0.0586824446672251,2.7811964885616813,116.03715133468494
T. cristatus,6,800,0.2193138781341705,8,1.422182976998262,0.7561359245726862,0.4998875675838674,0.1212551955490179,0.3,0.2,SUCCESS,2.524092703828739,68.79985765239583,0.997989768587658,0.0008551034157042,0.0004104121804743,3.054545540738657,176.00375735933088
T. forrestii,2,800,1.9590370289566856,8,1.8579903761298235,0.1805861262875186,0.1983923977579862,0.0750871088328947,0.3,0.2,SUCCESS,2.425690860534404,244.9394251799609,6.068359186474311,0.1230662144810185,0.0574797774709773,2.8891314564557,134.02206093506652
T. forrestii,3,800,4.20612249395249,8,1.8579903761298235,0.1805861262875186,0.1983923977579862,0.0750871088328947,0.3,0.2,SUCCESS,1.652491429306897,148.38222932269107,19.057606967374028,0.1152871538596799,0.0641538253523403,1.6615399540361462,173.40872818549215
T. forrestii,3,200,1.1337514537170716,8,2.281661790671401,0.3519372249371659,0.2814788365228409,0.0870707393184862,0.3,0.2,SUCCESS,2.713613441803923,191.4972934008692,5.4369310268204885,0.1477710644954033,0.0445253838392635,4.130662405279976,172.31567582893496
T. forrestii,4,200,4.900716013862473,8,2.281661790671401,0.3519372249371659,0.2814788365228409,0.0870707393184862,0.3,0.2,SUCCESS,2.898889714351031,221.19144009923227,21.569905724886382,0.1247103174868619,0.0587986462197832,4.953674265714026,143.71489454753169
T. forrestii,4,800,1.903002746851976,8,1.8579903761298235,0.1805861262875186,0.1983923977579862,0.0750871088328947,0.3,0.2,SUCCESS,2.032887959064205,166.41475318784458,8.4757754692925,0.1197349962313479,0.0596241376456285,1.8227275795549436,190.7829027785656
F. angustifolia,4,200,0.3111510795671109,8,2.0379564972435595,0.8681020914262425,0.4573861676715414,0.125061121926343,0.6,0.2,SUCCESS,5.041172226117795,120.36882183158504,1.576601293732054,0.0022472511090007,0.0011224246391165,6.049750788346882,183.622699005727
F. angustifolia,1,200,0.6198546037020927,8,2.0379564972435595,0.8681020914262425,0.4573861676715414,0.125061121926343,0.6,0.2,SUCCESS,4.641294022121612,119.42269824911328,2.603761800278676,0.0046492146156566,0.0020056622160113,5.710412531864096,223.86860973224856
F. angustifolia,4,800,0.8607176735505189,8,2.367206810518846,0.8578370039851739,0.4886260319061323,0.1474221516940808,0.6,0.2,SUCCESS,3.958800620697884,129.54315889650405,4.002773455496097,0.0434041316317648,0.0175012744255915,6.1622748622430485,197.31917019746012
F. angustifolia,3,200,0.485119101483704,8,2.0379564972435595,0.8681020914262425,0.4573861676715414,0.125061121926343,0.6,0.2,SUCCESS,7.415401108625252,172.23743050600507,1.970043975523751,0.0020150768222586,0.0007511403346366,8.611537519826637,187.7509137049412
F. angustifolia,3,800,0.4121893402208735,8,2.367206810518846,0.8578370039851739,0.4886260319061323,0.1474221516940808,0.6,0.2,SUCCESS,4.129259672358026,121.20608663009632,1.808630868093616,0.0199997888159661,0.0033967311642586,5.664176701019061,211.6800974945879
F. angustifolia,2,800,0.369060002053694,8,2.367206810518846,0.8578370039851739,0.4886260319061323,0.1474221516940808,0.6,0.2,SUCCESS,4.104602886091193,128.04182227596044,1.5244393140806878,0.0374303881172192,0.0054805127969937,5.962893441591422,214.51576677493205
F. angustifolia,2,200,0.583672971953189,8,2.0379564972435595,0.8681020914262425,0.4573861676715414,0.125061121926343,0.6,0.2,SUCCESS,5.614363536625706,169.16391545360042,2.377125899574409,0.0294679891818919,0.0049608990527999,8.095250019826437,223.2170504310407
F. angustifolia,1,800,0.2784338186590027,8,2.367206810518846,0.8578370039851739,0.4886260319061323,0.1474221516940808,0.6,0.2,SUCCESS,5.268967624598453,152.0120687921399,1.150795630073219,0.0292459434692324,0.0026096388933838,7.059024867269485,216.85344921035912
F. cronquistii,1,200,0.6382640172517626,8,1.1459332336811563,0.0526491343822869,0.0786833529854936,0.0181288707314489,0.6,0.2,SUCCESS,0.445701556154416,120.02388449867678,2.140674151676869,0.1095062241767252,0.0628366666295738,0.3788536684589195,249.56303444146465
F. cronquistii,1,800,0.3321922095967141,8,1.7636022704464749,0.0536007554884411,0.0799729580148663,0.0176066275206149,0.6,0.2,SUCCESS,0.3627145451530088,125.47593185565884,1.285848049987841,0.1123484572287138,0.061432151446157,0.4209980368465326,213.9563350937745
F. cronquistii,2,200,0.4963412467504742,8,1.1459332336811563,0.0526491343822869,0.0786833529854936,0.0181288707314489,0.6,0.2,SUCCESS,0.3326091463721488,112.8798908846234,2.1156350974851463,0.1127895871170589,0.0624836218935283,0.3817289212692187,192.71042199519465
F. cronquistii,3,200,0.6349766350005176,8,1.1459332336811563,0.0526491343822869,0.0786833529854936,0.0181288707314489,0.6,0.2,SUCCESS,0.5592808800642546,170.03164029386622,2.72502976888282,0.1096816958896244,0.0609780130528119,0.5682526428669692,202.1713115576888
F. cronquistii,2,800,0.4406277844035262,8,1.7636022704464749,0.0536007554884411,0.0799729580148663,0.0176066275206149,0.6,0.2,SUCCESS,0.4652685927242949,156.9073024444739,1.7769103460408218,0.1134193473693827,0.0612912065995357,0.53179926527549,205.73911734627623
F. cronquistii,3,800,1.1967546446537851,8,1.7636022704464749,0.0536007554884411,0.0799729580148663,0.0176066275206149,0.6,0.2,SUCCESS,0.2566330343579522,107.30773207555043,5.360597922392607,0.1079164485787742,0.0648425431772715,0.3720711547037717,187.506640947623
F. cronquistii,4,200,0.9551638173468078,8,1.1459332336811563,0.0526491343822869,0.0786833529854936,0.0181288707314489,0.6,0.2,SUCCESS,0.5410892985667253,164.26505555234792,3.8440053386314617,0.1086458073681113,0.0648103754986372,0.5479792899465026,203.64425918847644
F. cronquistii,4,800,0.5805222099040865,8,1.7636022704464749,0.0536007554884411,0.0799729580148663,0.0176066275206149,0.6,0.2,SUCCESS,0.4574842925118262,148.74593319398363,2.1168435401968964,0.1115704342931887,0.0638877007105723,0.4969208236460535,217.50023706506545
F. pringlei,1,200,0.8862630771339743,8,1.4410241959019925,0.0315805733480407,0.0541623953315169,0.0113533809315291,0.6,0.2,SUCCESS,0.3053492433186848,146.87747342782606,3.388469750488227,0.0959073550895605,0.0673748184027745,0.2892726433723004,222.2327683878325
F. pringlei,1,800,0.6814760616564053,8,2.228132771295143,0.0138052017677195,0.0495236851093281,0.0068562212040635,0.6,0.2,SUCCESS,0.0959548654986399,115.33153659106728,2.336487353496608,0.0931592574498475,0.0692913029648973,0.0978911316485425,237.8858713891195
F. pringlei,2,200,0.916527946770644,8,1.4410241959019925,0.0315805733480407,0.0541623953315169,0.0113533809315291,0.6,0.2,SUCCESS,0.2862690376611169,127.95233422867442,3.054945415666687,0.099069775746784,0.0710643119311038,0.2436919582922999,250.4011195872435
F. pringlei,3,200,0.6330981587839145,8,1.4410241959019925,0.0315805733480407,0.0541623953315169,0.0113533809315291,0.6,0.2,SUCCESS,0.3033230083473853,138.79821876234666,2.186622174348855,0.0994098995147137,0.0716675879144685,0.2680046111110292,238.7452936266509
F. pringlei,4,200,0.4322010914712161,8,1.4410241959019925,0.0315805733480407,0.0541623953315169,0.0113533809315291,0.6,0.2,SUCCESS,0.1779941998026601,88.96911837891378,1.4346525846580107,0.0933593609970972,0.0704969260544218,0.1701016398489291,247.10973240343208
F. pringlei,3,800,0.7358335538298435,8,2.228132771295143,0.0138052017677195,0.0495236851093281,0.0068562212040635,0.6,0.2,SUCCESS,0.0748130815100822,92.84778258558696,2.18112411824788,0.098106314344653,0.069193906068604,0.0757066608575995,272.36733145410494
F. pringlei,2,800,0.3825596030623878,8,2.228132771295143,0.0138052017677195,0.0495236851093281,0.0068562212040635,0.6,0.2,SUCCESS,0.0946220581149676,117.88024254849444,1.3810207244636672,0.105006811683735,0.0665262205786791,0.1011922078210404,228.4197410358018
F. pringlei,4,800,0.6617714900743852,8,2.228132771295143,0.0138052017677195,0.0495236851093281,0.0068562212040635,0.6,0.2,SUCCESS,0.0726127604195979,94.01600134642572,2.016473665948425,0.0961407444882251,0.0679677325412996,0.0775546597999304,262.2485978572454
F. sonorensis,2,200,0.3190702277674213,8,2.383434856935553,0.8035283107338936,0.326115179092953,0.1175093557545264,0.6,0.2,SUCCESS,3.5126081132286817,91.87151694656328,1.2683881584570216,0.0013930230221914,0.0008013902430404,4.179132088915659,208.45528013192524
F. sonorensis,1,200,0.3900077324068568,8,2.383434856935553,0.8035283107338936,0.326115179092953,0.1175093557545264,0.6,0.2,SUCCESS,6.25398394593419,158.32435838315615,1.507000945557948,0.001995519969018,0.0009752386697168,7.212166613402585,207.30967067086377
F. sonorensis,1,800,0.5095894962300037,8,1.9430792891126965,0.7872488012599169,0.3201844550942671,0.1309322049082482,0.6,0.2,SUCCESS,4.306509968366953,140.86752515777323,2.2424573963642587,0.0426528442520116,0.0092327197400168,6.126173006248693,215.9374706364911
F. sonorensis,3,200,0.7296700200375467,8,2.383434856935553,0.8035283107338936,0.326115179092953,0.1175093557545264,0.6,0.2,SUCCESS,6.1472524856616815,169.75181151960453,3.0503802394246406,0.0083561933831256,0.0026094117672132,7.522479286309319,229.98503638988456
F. sonorensis,2,800,0.5202461257296,8,1.9430792891126965,0.7872488012599169,0.3201844550942671,0.1309322049082482,0.6,0.2,SUCCESS,4.220750387627137,142.84825238206844,2.2923731565130083,0.0573497379438066,0.0138232655410716,6.241424331701295,212.1130051669473
F. sonorensis,4,800,0.1260420231102443,8,1.9430792891126965,0.7872488012599169,0.3201844550942671,0.1309322049082482,0.6,0.2,SUCCESS,5.569079995103397,153.3396063742483,0.5772511139118137,0.0092258790616335,0.0005251396312057,6.782451559969182,202.1700162769503
F. sonorensis,3,800,0.3430435505041234,8,1.9430792891126965,0.7872488012599169,0.3201844550942671,0.1309322049082482,0.6,0.2,SUCCESS,4.427249352246912,123.6031636238658,1.4005845044389318,0.0079697779967546,0.001468402743941,5.27250258904257,231.93404459044075
F. sonorensis,4,200,0.5431603093469319,8,2.383434856935553,0.8035283107338936,0.326115179092953,0.1175093557545264,0.6,0.2,SUCCESS,5.206370981248073,165.8781797912423,2.655209305419106,0.0220028908179698,0.0041724816151394,7.688929039961873,193.31138004468067
H. aturensis,1,200,0.1186868283729329,8,1.5439481716752956,0.8916162846219234,0.5099544117369806,0.2391994390450564,0.6,0.2,SUCCESS,4.485178508880254,105.47543307034805,0.6950588458928664,0.0044303281424606,0.001888146725535,4.523034803146359,220.44878115821217
H. aturensis,1,800,0.5733522206660423,8,1.4162813380657395,0.7871807017959385,0.4458581456623429,0.1664281232900816,0.6,0.2,SUCCESS,3.149459468674202,89.3627822527674,2.649262832812859,0.0122117130283725,0.0048029885614721,3.797187520113732,200.83240138841708
H. aturensis,2,200,0.1909069439066112,8,1.5439481716752956,0.8916162846219234,0.5099544117369806,0.2391994390450564,0.6,0.2,SUCCESS,5.238298241819361,122.6009697266084,0.8228008928736585,0.0028080926586762,0.0008492462256613,5.480331773329035,186.9136654878116
H. aturensis,2,800,0.6738243830197844,8,1.4162813380657395,0.7871807017959385,0.4458581456623429,0.1664281232900816,0.6,0.2,SUCCESS,3.789349982955989,97.4110714835558,2.662612863215209,0.0018213045743186,0.0010984350231751,4.168282758806999,195.21185657284684
H. aturensis,4,800,0.4577278789595691,8,1.4162813380657395,0.7871807017959385,0.4458581456623429,0.1664281232900816,0.6,0.2,SUCCESS,3.436898605496589,89.69830809073666,1.6321654926217306,0.0022545256872571,0.0014922313434214,3.734275368095817,217.46460873623008
H. aturensis,3,800,0.6559885521898099,8,1.4162813380657395,0.7871807017959385,0.4458581456623429,0.1664281232900816,0.6,0.2,SUCCESS,5.364769190365822,136.89288647187607,2.436965101019851,0.0024422266012584,0.0012562108388762,5.766522701113846,207.8536470280782
H. aturensis,3,200,0.1928787651846248,8,1.5439481716752956,0.8916162846219234,0.5099544117369806,0.2391994390450564,0.6,0.2,SUCCESS,4.977153214032765,116.900356806131,0.8337159343479428,0.0031715279505336,0.0013402307487706,5.133866726090648,201.0324503235064
H. aturensis,4,200,0.1720386946151755,8,1.5439481716752956,0.8916162846219234,0.5099544117369806,0.2391994390450564,0.6,0.2,SUCCESS,6.555613176910139,153.84282687994113,0.7195650857452591,0.0033862735921688,0.0009522463257076,6.660968901744051,212.54867231634188
H. glutinosa,1,200,0.2337547599296553,8,0.5661425882250397,0.0334309223440104,0.0477901133040915,0.0215407576098221,0.6,0.2,SUCCESS,0.3605257201567327,84.86328462259824,0.8803908881423155,0.0795608232330497,0.0751888816004158,0.1756875190217444,219.4997942134707
H. glutinosa,1,800,0.3316604037783683,8,0.8568603397077003,0.0338163972049261,0.0614031375982746,0.0286610563276531,0.6,0.2,SUCCESS,0.3834941730801924,76.07082648232907,1.291629586712986,0.0832745161412894,0.0763729287294861,0.1607584032362984,206.09500221082288
H. glutinosa,2,800,0.2957941560178595,8,0.8568603397077003,0.0338163972049261,0.0614031375982746,0.0286610563276531,0.6,0.2,SUCCESS,0.4191683702930318,88.41572981899354,1.29510476476991,0.0767845222797638,0.074678998210758,0.1910665852301319,188.2023952146156
H. glutinosa,2,200,0.2510778991596306,8,0.5661425882250397,0.0334309223440104,0.0477901133040915,0.0215407576098221,0.6,0.2,SUCCESS,0.3439924326518597,87.80021768717074,1.0156521201252176,0.092166994651836,0.0688365496641622,0.1868479572515953,197.1090350645683
H. glutinosa,3,800,0.576062755034339,8,0.8568603397077003,0.0338163972049261,0.0614031375982746,0.0286610563276531,0.6,0.2,SUCCESS,0.4149252712118229,80.64035914004057,2.2304755542964543,0.0978889915187089,0.0726464071672495,0.1696975509833236,209.52032435462027
H. glutinosa,3,200,0.2221322623485527,8,0.5661425882250397,0.0334309223440104,0.0477901133040915,0.0215407576098221,0.6,0.2,SUCCESS,0.3952871931826044,94.63636982681862,0.84856225769893,0.1029072051592705,0.0664328121773084,0.1975479849710196,212.7139694399989
H. glutinosa,4,800,0.2344211149831044,8,0.8568603397077003,0.0338163972049261,0.0614031375982746,0.0286610563276531,0.6,0.2,SUCCESS,0.3327101533053823,63.81179619709759,0.855039675234508,0.0770293277598462,0.0746856796764822,0.1325867264021062,219.93420254646333
H. glutinosa,4,200,0.2845942764982041,8,0.5661425882250397,0.0334309223440104,0.0477901133040915,0.0215407576098221,0.6,0.2,SUCCESS,0.3080996727874179,74.68720659304167,1.1046489917497695,0.1053129402979557,0.064610118478378,0.1558738462082295,212.87852950213124
H. isocalycia,1,200,0.1769333551101262,8,0.929642081402902,0.4432680408393645,0.2902453639588172,0.0912340392043224,0.6,0.2,SUCCESS,1.5414726454983392,73.32230422219375,0.5891483822832981,0.0132280783820361,0.0029925990350845,1.7787968083704022,261.4102006684609
H. isocalycia,1,800,0.196357985106184,8,1.1731788211778458,0.3294668344016894,0.2671547615433706,0.0918974492622538,0.6,0.2,SUCCESS,1.9580559225416208,106.3445318345874,0.7473000807367143,0.0064941883222487,0.0015741478436801,1.9863145334982928,230.84778104083296
H. isocalycia,3,800,1.419529003018141,8,1.1731788211778458,0.3294668344016894,0.2671547615433706,0.0918974492622538,0.6,0.2,SUCCESS,1.4360388210030357,95.1612219403927,6.607400090858583,0.097652079310576,0.0655934202646416,1.878982362817444,185.72721444234395
H. isocalycia,2,200,0.2228127672319386,8,0.929642081402902,0.4432680408393645,0.2902453639588172,0.0912340392043224,0.6,0.2,SUCCESS,1.8513874613649104,89.47846057808935,1.2149273135867915,0.006365415086176,0.0016820195301604,2.4263747974408107,170.2338526361337
H. isocalycia,2,800,0.1593549383938387,8,1.1731788211778458,0.3294668344016894,0.2671547615433706,0.0918974492622538,0.6,0.2,SUCCESS,1.582001894991552,91.2108012875226,0.6959840281776621,0.0103406904886664,0.0020740809905205,1.7561744284677014,205.87610138396573
H. isocalycia,3,200,0.4263948058817435,8,0.929642081402902,0.4432680408393645,0.2902453639588172,0.0912340392043224,0.6,0.2,SUCCESS,1.6091882287606616,85.10135663656304,2.045191716204513,0.0167709600134762,0.0116990786033051,2.2314912740276336,196.66906900941652
H. isocalycia,4,800,0.3201923713391172,8,1.1731788211778458,0.3294668344016894,0.2671547615433706,0.0918974492622538,0.6,0.2,SUCCESS,1.37507047429016,76.83769128122451,1.1782135321619194,0.0061768744049216,0.0039104270992113,1.4283203025928624,234.8588319931563
H. isocalycia,4,200,0.3898466271957324,8,0.929642081402902,0.4432680408393645,0.2902453639588172,0.0912340392043224,0.6,0.2,SUCCESS,1.9155309276056864,100.66366969695474,2.0485332319316427,0.015906458117906,0.0065649261623715,2.701123528183637,178.4199619681805
S. hians,1,800,1.6826238826325066,8,1.6408298404803516,0.6487060023919944,0.352296487196694,0.1203947809621367,0.6,0.2,SUCCESS,3.415854760553335,106.664478797993,6.472350660506557,0.0027267086571289,0.0058055945387845,3.889905837661729,211.4734915377536
S. hians,1,200,0.8782746755505876,8,1.7778030543702097,0.9014661593366818,0.4781226716355543,0.1485155729389827,0.6,0.2,SUCCESS,4.854601059647287,112.87864766120774,3.058928422842172,0.0018860529281763,0.0012012641875449,5.454490061951623,223.89885765972585
S. hians,3,800,2.3939659784491734,8,1.6408298404803516,0.6487060023919944,0.352296487196694,0.1203947809621367,0.6,0.2,SUCCESS,3.756040364904568,117.08842915113564,9.51403561848629,0.0035710176335636,0.0108799792441669,4.374297049326098,192.03960070217371
S. hians,2,800,1.7824134565093357,9,1.6408298404803516,0.6487060023919944,0.352296487196694,0.1203947809621367,0.6,0.2,SUCCESS,3.5312208416704687,108.81833607443632,6.548797637881826,0.0024929479007078,0.0037666987629404,4.063711249008184,192.3577441216672
S. hians,2,200,0.4502028957725016,8,1.7778030543702097,0.9014661593366818,0.4781226716355543,0.1485155729389827,0.6,0.2,SUCCESS,4.092311646204645,93.74980117437347,1.6827545927379362,0.0014439402935538,0.0007143507151924,4.759367414771498,184.02581542238573
S. hians,3,200,0.957927801318376,8,1.7778030543702097,0.9014661593366818,0.4781226716355543,0.1485155729389827,0.6,0.2,SUCCESS,4.766002491123938,109.06449091018052,4.1268406880298585,0.0019541143296551,0.0013620257581835,5.479731062137162,192.23914136609292
S. hians,4,800,1.3002133326204768,8,1.6408298404803516,0.6487060023919944,0.352296487196694,0.1203947809621367,0.6,0.2,SUCCESS,3.325800654235226,104.61181936140063,4.113334140726664,0.0020163547621712,0.002678358696732,3.6441169698602542,249.72471329900603
S. hians,4,200,0.2116225011113287,8,1.7778030543702097,0.9014661593366818,0.4781226716355543,0.1485155729389827,0.6,0.2,SUCCESS,5.196636206302905,116.75195633330048,0.9944570009466532,0.0017787617014236,0.0007525262727314,6.01286635956105,172.7868092051581
S. laxum,1,200,0.3770614405906116,8,0.9305191665371012,0.3384775974353286,0.2525628728610073,0.0794736024196168,0.6,0.2,SUCCESS,1.1015822049257242,69.93095614808772,1.306397375037335,0.13350646856365,0.0507355883909707,1.3502527896455008,237.03517671772855
S. laxum,1,800,0.2201268215159016,8,1.0924663542247384,0.3767981015992269,0.2885611086738183,0.0666769514253212,0.6,0.2,SUCCESS,1.141182951880924,94.06801598649112,0.8755023479355515,0.1361386289637966,0.0452262758110654,2.129089520398621,205.8081093540441
S. laxum,2,200,0.4355701901492799,8,0.9305191665371012,0.3384775974353286,0.2525628728610073,0.0794736024196168,0.6,0.2,SUCCESS,1.463507496966954,105.05812811802434,1.8868571645163712,0.1456561180833557,0.0456710759397446,2.1574532981496404,186.7653656421028
S. laxum,2,800,0.3433732813301094,8,1.0924663542247384,0.3767981015992269,0.2885611086738183,0.0666769514253212,0.6,0.2,SUCCESS,1.3601729092301698,103.15125234326736,1.5486064404120157,0.0409159820674975,0.0329965199834254,2.341780126442165,203.35107692683204
S. laxum,3,200,0.2703205677545464,8,0.9305191665371012,0.3384775974353286,0.2525628728610073,0.0794736024196168,0.6,0.2,SUCCESS,1.4745149688042545,96.74282937129792,1.138687513531572,0.071357281361488,0.0462867280159066,1.9317548486848264,209.25424748818628
S. laxum,3,800,0.3302276087871419,8,1.0924663542247384,0.3767981015992269,0.2885611086738183,0.0666769514253212,0.6,0.2,SUCCESS,1.037027855196636,82.97693176643439,1.1713199622804569,0.1448276108067261,0.0447097214954503,1.84067918638106,222.2537768245043
S. laxum,4,200,0.4033365448357384,8,0.9305191665371012,0.3384775974353286,0.2525628728610073,0.0794736024196168,0.6,0.2,SUCCESS,1.0073050891452249,66.75921178013954,1.3540874380213452,0.13630804634349,0.052311298367622,1.3045093287648013,227.04341873582047
S. laxum,4,800,1.1370479165783842,8,1.0924663542247384,0.3767981015992269,0.2885611086738183,0.0666769514253212,0.6,0.2,SUCCESS,1.107794398182843,105.72606554147949,5.159352114842776,0.1166407662649962,0.0617192026072788,2.5245081547278034,163.60712855917447
T. cristatus,1,200,2.0599671164696263,8,1.932456293809772,0.8161856504215941,0.4187827774815925,0.0943950549978757,0.6,0.2,SUCCESS,7.604833562754179,185.93290766506837,11.660209847171515,0.002274974915526,0.0019136083893044,9.646110052328332,138.54806301510314
T. cristatus,1,800,0.5260876208107292,8,1.422182976998262,0.7561359245726862,0.4998875675838674,0.1212551955490179,0.6,0.2,SUCCESS,5.927025431492596,153.59278094547577,2.4210549417923914,0.0019423189811242,0.0009022274082719,6.890133197936451,167.96725017410637
T. cristatus,3,200,2.627539298974164,8,1.932456293809772,0.8161856504215941,0.4187827774815925,0.0943950549978757,0.6,0.2,SUCCESS,8.482643334995677,208.4813674167731,13.693765691404948,0.0028360649612421,0.0028064174954376,10.764190801868954,142.11610459547225
T. cristatus,2,200,0.8466748453319264,8,1.932456293809772,0.8161856504215941,0.4187827774815925,0.0943950549978757,0.6,0.2,SUCCESS,6.389189342120072,155.94883878806397,4.685455997504931,0.0016483187638206,0.0010151886849051,8.110733202921837,136.7003213635486
T. cristatus,3,800,0.3279115170633192,8,1.422182976998262,0.7561359245726862,0.4998875675838674,0.1212551955490179,0.6,0.2,SUCCESS,4.24051738164819,113.24906077544544,1.3675394975254846,0.0013810800392026,0.000617707435218,4.91303107467684,194.25382800272823
T. cristatus,2,800,0.6075405228356521,7,1.422182976998262,0.7561359245726862,0.4998875675838674,0.1212551955490179,0.6,0.2,SUCCESS,5.353006487214596,136.00119113703013,3.660447829391387,0.0018289912213672,0.0011309818086235,6.398350799779336,132.08848941932345
T. cristatus,4,200,1.049232211539152,8,1.932456293809772,0.8161856504215941,0.4187827774815925,0.0943950549978757,0.6,0.2,SUCCESS,5.930417589621532,148.06847184414676,4.968917666917207,0.001663246407088,0.0011500846199458,7.461990460852011,160.41398892333254
T. cristatus,4,800,0.9409320585697932,8,1.422182976998262,0.7561359245726862,0.4998875675838674,0.1212551955490179,0.6,0.2,SUCCESS,5.825102545502677,166.08924239374744,6.531064383627353,0.0086166415373195,0.0041425719636467,7.654594313652356,147.4062990225633
T. cristatus,6,200,1.215513179220396,8,1.932456293809772,0.8161856504215941,0.4187827774815925,0.0943950549978757,0.6,0.2,SUCCESS,4.535796954352322,118.9433959344166,4.630099593830508,0.0014435716053815,0.0012638765893974,5.631313138389701,209.67653052452576
T. forrestii,1,200,1.0597686946740068,8,2.281661790671401,0.3519372249371659,0.2814788365228409,0.0870707393184862,0.6,0.2,SUCCESS,2.0913362812994043,155.73519873024583,4.85072668110368,0.1512288319823001,0.0431253085318907,3.359621151123676,172.23262400520198
T. forrestii,1,800,1.7729455966854937,8,1.8579903761298235,0.1805861262875186,0.1983923977579862,0.0750871088328947,0.6,0.2,SUCCESS,1.780394048648883,170.05608360809745,9.015230453813686,0.1255545936933097,0.0571407720491871,1.9477625410336576,156.03627420465597
T. cristatus,6,800,0.1879167326913626,8,1.422182976998262,0.7561359245726862,0.4998875675838674,0.1212551955490179,0.6,0.2,SUCCESS,2.2384342063160343,62.34182722371372,0.7300983408846733,0.0007648007813289,0.0003529769274566,2.702377076654161,194.89461934737693
T. forrestii,2,200,1.3108711281968364,8,2.281661790671401,0.3519372249371659,0.2814788365228409,0.0870707393184862,0.6,0.2,SUCCESS,3.2708810248274105,188.53028723430597,5.015582005900612,0.1012133096229721,0.0563916746318554,3.801443815516261,226.4785270018068
T. forrestii,2,800,0.6865352000909098,8,1.8579903761298235,0.1805861262875186,0.1983923977579862,0.0750871088328947,0.6,0.2,SUCCESS,2.146963020267401,180.28927788488028,3.1659765187826707,0.1469146948922268,0.0447212104356152,1.996515010510788,182.0962109891422
T. forrestii,3,800,2.998908832570427,8,1.8579903761298235,0.1805861262875186,0.1983923977579862,0.0750871088328947,0.6,0.2,SUCCESS,1.5489539546569633,121.8249133140956,11.307449442548617,0.1118706397780804,0.0628451680331355,1.297915218692335,213.0872253698789
T. forrestii,3,200,0.4023782576875954,8,2.281661790671401,0.3519372249371659,0.2814788365228409,0.0870707393184862,0.6,0.2,SUCCESS,2.347213280433972,146.90574522190977,1.4950560795480214,0.1516591624080829,0.0386131662632085,2.9905950339183502,218.57776750031255
T. forrestii,4,200,2.8846325724369355,8,2.281661790671401,0.3519372249371659,0.2814788365228409,0.0870707393184862,0.6,0.2,SUCCESS,2.5569034100671595,169.90000143986683,12.052279744803144,0.1340309691342824,0.055595028919464,3.570731701556473,192.76776038815257
T. forrestii,4,800,1.0916499378921476,8,1.8579903761298235,0.1805861262875186,0.1983923977579862,0.0750871088328947,0.6,0.2,SUCCESS,1.8398210115224505,132.05536936927828,3.749521561632093,0.1266807447308582,0.0570669891066884,1.3703163504830649,234.90739849761388
F. angustifolia,4,200,0.3075476981207135,8,2.0379564972435595,0.8681020914262425,0.4573861676715414,0.125061121926343,0.9,0.2,SUCCESS,4.68058325142445,113.67753682745796,1.454052618565278,0.0023745628344139,0.0011335795350062,5.627158068183215,195.70044682123705
F. angustifolia,1,200,0.6510434559913433,8,2.0379564972435595,0.8681020914262425,0.4573861676715414,0.125061121926343,0.9,0.2,SUCCESS,4.342773494581568,113.34466345916468,2.4449461413768745,0.0047524951800487,0.0021237901367721,5.32611468055477,238.4278048770444
F. angustifolia,3,200,0.3099780718378244,8,2.0379564972435595,0.8681020914262425,0.4573861676715414,0.125061121926343,0.9,0.2,SUCCESS,6.707045861664746,158.17923938874685,1.1469691868274907,0.0018340974013027,0.0006187181465657,7.737454985455555,205.26959359327452
F. angustifolia,4,800,0.8791946779616295,8,2.367206810518846,0.8578370039851739,0.4886260319061323,0.1474221516940808,0.9,0.2,SUCCESS,3.779850124558829,121.73708564393934,3.721791397896361,0.0403257115262866,0.0172098584380367,5.697039244645438,210.5277972383562
F. angustifolia,2,200,0.5450807021487197,8,2.0379564972435595,0.8681020914262425,0.4573861676715414,0.125061121926343,0.9,0.2,SUCCESS,5.224785538005476,156.37826696963836,2.074988746193327,0.0284235101824664,0.0050335408804858,7.311499777109134,242.6659304335453
F. angustifolia,1,800,0.2926150619266082,8,2.367206810518846,0.8578370039851739,0.4886260319061323,0.1474221516940808,0.9,0.2,SUCCESS,4.953879431322149,141.69745031076457,1.1102238308863832,0.0279346974388291,0.0027962588672188,6.448428546553204,233.60746687600948
F. angustifolia,2,800,0.4001117079704229,8,2.367206810518846,0.8578370039851739,0.4886260319061323,0.1474221516940808,0.9,0.2,SUCCESS,3.910603596982463,120.53067897524193,1.5539890655603088,0.0356134870684802,0.0060318075385909,5.519876343194729,228.33970352220396
F. angustifolia,3,800,0.4479693266190557,8,2.367206810518846,0.8578370039851739,0.4886260319061323,0.1474221516940808,0.9,0.2,SUCCESS,3.9179281062460265,114.74426062026714,1.8238752286981423,0.01939451702591,0.0037620294832672,5.277550305205752,224.76408110227447
F. cronquistii,1,200,0.576118312397456,8,1.1459332336811563,0.0526491343822869,0.0786833529854936,0.0181288707314489,0.9,0.2,SUCCESS,0.4357751112529211,113.08507971402798,1.7581191023069138,0.1142559432732506,0.0641027725752386,0.3508358375151552,264.4421232150411
F. cronquistii,1,800,0.2331540721085726,8,1.7636022704464749,0.0536007554884411,0.0799729580148663,0.0176066275206149,0.9,0.2,SUCCESS,0.3520505782134011,117.64091075825084,0.8475219471728508,0.1199111474506338,0.0583376407096706,0.3885710846093497,226.8789545079896
F. cronquistii,2,200,0.4372108337037237,8,1.1459332336811563,0.0526491343822869,0.0786833529854936,0.0181288707314489,0.9,0.2,SUCCESS,0.3238583965924272,106.16939104444572,1.7463218650112893,0.1135108153033455,0.0651358895282879,0.3543012693423295,203.35713302882004
F. cronquistii,2,800,0.2840680146969856,8,1.7636022704464749,0.0536007554884411,0.0799729580148663,0.0176066275206149,0.9,0.2,SUCCESS,0.448300109610605,144.54006110541798,1.0740804293843098,0.1173002460828937,0.0585100308486059,0.4806119046156847,221.36021079897145
F. cronquistii,3,800,1.0527876939745198,8,1.7636022704464749,0.0536007554884411,0.0799729580148663,0.0176066275206149,0.9,0.2,SUCCESS,0.2489450464351236,101.26596199905102,4.376225926138794,0.1033577868465843,0.0650315819986289,0.3469092969403273,197.1192762070933
F. cronquistii,3,200,0.4585963116878638,8,1.1459332336811563,0.0526491343822869,0.0786833529854936,0.0181288707314489,0.9,0.2,SUCCESS,0.5381413915003871,155.17302430117866,1.7017722276666234,0.1144935861755142,0.0626954933884341,0.5079922265516452,218.9971833411877
F. cronquistii,4,200,0.827202359334474,8,1.1459332336811563,0.0526491343822869,0.0786833529854936,0.0181288707314489,0.9,0.2,SUCCESS,0.52170176506744,150.4387818905714,3.0574010555248066,0.1053408966323785,0.0636962620559566,0.4918285522220842,220.11016393164076
F. cronquistii,4,800,0.4112007858646132,8,1.7636022704464749,0.0536007554884411,0.0799729580148663,0.0176066275206149,0.9,0.2,SUCCESS,0.4427551634252695,137.9306987091388,1.472833908330145,0.1145903996701889,0.0613654035206388,0.452159918550233,233.17987862097905
F. pringlei,1,200,0.6826657791328761,8,1.4410241959019925,0.0315805733480407,0.0541623953315169,0.0113533809315291,0.9,0.2,SUCCESS,0.2954641780112002,136.18736934287878,2.325910003523603,0.0987004995220092,0.0691748262683856,0.2632562070606194,237.8077383043597
F. pringlei,3,200,0.5293418637284871,8,1.4410241959019925,0.0315805733480407,0.0541623953315169,0.0113533809315291,0.9,0.2,SUCCESS,0.2942739300507124,129.348555540506,1.6719434467392915,0.0832497551265231,0.0717171796408835,0.2450898563548958,254.7980916481281
F. pringlei,1,800,0.7016041487723705,8,2.228132771295143,0.0138052017677195,0.0495236851093281,0.0068562212040635,0.9,0.2,SUCCESS,0.0925089899626297,109.01426703304466,2.2768972003601107,0.0975339115067737,0.0687844086126572,0.0911305500363778,250.80673042401435
F. pringlei,2,200,0.782164006572219,8,1.4410241959019925,0.0315805733480407,0.0541623953315169,0.0113533809315291,0.9,0.2,SUCCESS,0.2785738649205196,120.12249654963333,2.410467105535893,0.0936661184084835,0.0705934614216597,0.224782881944059,265.59295898979343
F. pringlei,2,800,0.26357836886022,8,2.228132771295143,0.0138052017677195,0.0495236851093281,0.0068562212040635,0.9,0.2,SUCCESS,0.0912423971608706,111.28191259252088,0.9064134449551772,0.1010253363747723,0.0657448773365543,0.0940851946026818,241.18505659143645
F. pringlei,3,800,0.7209913402802127,8,2.228132771295143,0.0138052017677195,0.0495236851093281,0.0068562212040635,0.9,0.2,SUCCESS,0.0726082437501602,89.02162427336424,2.052075865065632,0.0981054809680385,0.0689100631485841,0.0716386005176305,283.9678329322289
F. pringlei,4,200,0.4078075950288273,8,1.4410241959019925,0.0315805733480407,0.0541623953315169,0.0113533809315291,0.9,0.2,SUCCESS,0.174439879443873,85.16153763129569,1.3151460935756774,0.0909643932888075,0.0721677656785267,0.1608552442943998,257.51553574446973
F. pringlei,4,800,0.6601955950929925,8,2.228132771295143,0.0138052017677195,0.0495236851093281,0.0068562212040635,0.9,0.2,SUCCESS,0.0703246208740212,90.01556300517203,1.949219184841368,0.0994843666999547,0.0697232757654887,0.0732970427119915,273.5662098966408
F. sonorensis,1,200,0.2564745609027462,8,2.383434856935553,0.8035283107338936,0.326115179092953,0.1175093557545264,0.9,0.2,SUCCESS,5.724361331258837,147.08758772410602,0.9888986559087698,0.0020109411606777,0.0009390925067868,6.560605221226524,224.5847216100805
F. sonorensis,2,200,0.3101647678415061,8,2.383434856935553,0.8035283107338936,0.326115179092953,0.1175093557545264,0.9,0.2,SUCCESS,3.341973089023836,88.1885369082643,1.187645266254954,0.0013374035438859,0.0008058406143846,3.963122136095068,218.3930554344196
F. sonorensis,1,800,0.5688555999164846,8,1.9430792891126965,0.7872488012599169,0.3201844550942671,0.1309322049082482,0.9,0.2,SUCCESS,4.099367188379672,131.71687139306528,2.200420705728732,0.0410950414278257,0.0105650869303764,5.621775601880291,231.4628141921941
F. sonorensis,3,800,0.336858771216054,8,1.9430792891126965,0.7872488012599169,0.3201844550942671,0.1309322049082482,0.9,0.2,SUCCESS,4.174851396825043,117.02896875293598,1.2710233999456475,0.0079102697366604,0.0015334228994862,4.906462236944066,246.5194546242272
F. sonorensis,2,800,0.5667533133234883,8,1.9430792891126965,0.7872488012599169,0.3201844550942671,0.1309322049082482,0.9,0.2,SUCCESS,4.0304178785021785,133.23425545322854,2.2597892185340958,0.0542137269682173,0.0161842971747913,5.713218752525884,227.5612462471734
F. sonorensis,3,200,0.5187171321844539,8,2.383434856935553,0.8035283107338936,0.326115179092953,0.1175093557545264,0.9,0.2,SUCCESS,5.636248181034709,157.50243874638733,1.9260894212949609,0.0084271559225402,0.0018185777390231,6.816334970784392,249.9675054744351
F. sonorensis,4,200,0.5894182321396458,8,2.383434856935553,0.8035283107338936,0.326115179092953,0.1175093557545264,0.9,0.2,SUCCESS,4.822494833311586,152.9067905140788,2.6435637618788377,0.0204659276818104,0.0043609584759773,6.941466635696896,210.10462352361876
F. sonorensis,4,800,0.1218825663659745,8,1.9430792891126965,0.7872488012599169,0.3201844550942671,0.1309322049082482,0.9,0.2,SUCCESS,5.149708777131679,142.7999529186974,0.5192877219619874,0.0091045001083069,0.0005236628263134,6.191688794524952,218.3904715873145
H. aturensis,1,200,0.0970599340456975,8,1.5439481716752956,0.8916162846219234,0.5099544117369806,0.2391994390450564,0.9,0.2,SUCCESS,4.296017608765046,101.01691420787752,0.3763722421410875,0.0050084199749501,0.0006212811204797,4.273638962598779,231.67737645201976
H. aturensis,1,800,0.5720653617309011,8,1.4162813380657395,0.7871807017959385,0.4458581456623429,0.1664281232900816,0.9,0.2,SUCCESS,3.033980479220551,85.75589547407958,2.4641767412486786,0.0118216559610404,0.0047319858592699,3.601890627785979,210.22485357266072
H. aturensis,2,800,0.6159972705566388,8,1.4162813380657395,0.7871807017959385,0.4458581456623429,0.1664281232900816,0.9,0.2,SUCCESS,3.595461234520384,93.10152887837808,2.3945064797686726,0.0017289294875998,0.0010085730571096,3.9370597450941753,204.71528924723196
H. aturensis,2,200,0.2002809567449256,8,1.5439481716752956,0.8916162846219234,0.5099544117369806,0.2391994390450564,0.9,0.2,SUCCESS,4.938709452778136,116.27285452917609,0.8258290811448319,0.0028101766777728,0.0009647414799873,5.123222508629334,198.37471672143337
H. aturensis,3,200,0.2193977078511109,8,1.5439481716752956,0.8916162846219234,0.5099544117369806,0.2391994390450564,0.9,0.2,SUCCESS,4.7250002752507,111.18498429543048,0.8927573511769964,0.0036449590260615,0.0016091978302777,4.8134022172396085,212.650472562292
H. aturensis,4,800,0.4462123631156643,8,1.4162813380657395,0.7871807017959385,0.4458581456623429,0.1664281232900816,0.9,0.2,SUCCESS,3.287087649559135,86.33986225432903,1.5623168191296628,0.0023458574978251,0.0016045478577247,3.550880336061994,227.5461120453381
H. aturensis,3,800,0.4993198218118477,8,1.4162813380657395,0.7871807017959385,0.4458581456623429,0.1664281232900816,0.9,0.2,SUCCESS,4.981809762220722,128.41298018708682,1.720512594552467,0.0022123581604903,0.0009815439701876,5.314782710242778,222.29361077826275
H. aturensis,4,200,0.0970627816345257,8,1.5439481716752956,0.8916162846219234,0.5099544117369806,0.2391994390450564,0.9,0.2,SUCCESS,6.138460126070421,144.14757561768633,0.6027631555928394,0.0039238397420496,0.0014346644472503,6.121754801017245,228.479917326022
H. glutinosa,1,200,0.2480643594703782,8,0.5661425882250397,0.0334309223440104,0.0477901133040915,0.0215407576098221,0.9,0.2,SUCCESS,0.3550497631945333,81.05768732713803,0.9005258230427557,0.0927810794776906,0.0729435776417068,0.1659274924934492,228.8379321617902
H. glutinosa,1,800,0.3308781282477891,8,0.8568603397077003,0.0338163972049261,0.0614031375982746,0.0286610563276531,0.9,0.2,SUCCESS,0.3774217188939236,73.00605486328193,1.2365613680873295,0.0831973089980498,0.0749793538878961,0.1528598485426481,213.6303740303937
H. glutinosa,2,800,0.3122910100981032,8,0.8568603397077003,0.0338163972049261,0.0614031375982746,0.0286610563276531,0.9,0.2,SUCCESS,0.4120779637199517,84.18570527476768,1.3112166168689967,0.0885676587580746,0.0727036210007647,0.180073535924189,196.34988321135316
H. glutinosa,2,200,0.274835181107531,8,0.5661425882250397,0.0334309223440104,0.0477901133040915,0.0215407576098221,0.9,0.2,SUCCESS,0.3381050349408616,83.61998896924752,1.097000489478866,0.0933344311163479,0.0686338471162311,0.1760275544585692,205.86739005110192
H. glutinosa,3,200,0.2506409659332994,8,0.5661425882250397,0.0334309223440104,0.0477901133040915,0.0215407576098221,0.9,0.2,SUCCESS,0.3878436317049736,89.80910967606717,0.9035161791398352,0.1012743426737241,0.0674581314377527,0.1851573389424756,222.92106350274716
H. glutinosa,3,800,0.5651439740296813,8,0.8568603397077003,0.0338163972049261,0.0614031375982746,0.0286610563276531,0.9,0.2,SUCCESS,0.4073017820918866,77.18512453161512,2.1377815762896475,0.0847715662504232,0.0718664595721651,0.1608192898534386,217.6503818213944
H. glutinosa,4,200,0.2826856104986219,8,0.5661425882250397,0.0334309223440104,0.0477901133040915,0.0215407576098221,0.9,0.2,SUCCESS,0.3033037985321074,71.61704508710109,1.0392242122678184,0.1085407666613454,0.0659828172431803,0.1480139843294425,220.89415682497196
H. glutinosa,4,800,0.2459515132242838,8,0.8568603397077003,0.0338163972049261,0.0614031375982746,0.0286610563276531,0.9,0.2,SUCCESS,0.3292796838823266,61.73364249069322,0.8594454964521496,0.091514191219055,0.0745597178334217,0.127207597447717,226.8077025895216
H. isocalycia,1,800,0.158346381497308,8,1.1731788211778458,0.3294668344016894,0.2671547615433706,0.0918974492622538,0.9,0.2,SUCCESS,1.8719625797993984,100.97889283044766,0.5621474413292447,0.006250080987121,0.0012393493057964,1.859169616343581,242.93841936801783
H. isocalycia,1,200,0.1647641253643926,8,0.929642081402902,0.4432680408393645,0.2902453639588172,0.0912340392043224,0.9,0.2,SUCCESS,1.5058259347426015,70.86407064532179,0.5285555642640247,0.0131662242664234,0.0030214589290428,1.7006305587581363,270.8395910039722
H. isocalycia,2,200,0.2330082559956789,8,0.929642081402902,0.4432680408393645,0.2902453639588172,0.0912340392043224,0.9,0.2,SUCCESS,1.7661323710426062,85.33397295002811,1.215490400771877,0.0061552981883145,0.0017300010223905,2.2911491105943904,177.9522196832576
H. isocalycia,3,800,1.3575605539559432,8,1.1731788211778458,0.3294668344016894,0.2671547615433706,0.0918974492622538,0.9,0.2,SUCCESS,1.406536715960786,90.57186338544848,6.05375100931775,0.0993256532102567,0.0656237987526556,1.7672529989690977,195.16131175925057
H. isocalycia,2,800,0.1741399221732832,8,1.1731788211778458,0.3294668344016894,0.2671547615433706,0.0918974492622538,0.9,0.2,SUCCESS,1.5255080246434185,87.08561511950904,0.7109672801420075,0.0098864691297102,0.0024547306709737,1.657769550636313,215.1478576187375
H. isocalycia,4,800,0.3492181483985532,8,1.1731788211778458,0.3294668344016894,0.2671547615433706,0.0918974492622538,0.9,0.2,SUCCESS,1.3346128775187758,74.11295088147132,1.2559680737541328,0.0063521493205768,0.0049679082740136,1.3631085891974597,243.820474146982
H. isocalycia,3,200,0.4321733724429853,8,0.929642081402902,0.4432680408393645,0.2902453639588172,0.0912340392043224,0.9,0.2,SUCCESS,1.5562217684146948,81.45608881401999,1.966142495066244,0.0163553910563819,0.0137962387282801,2.113496283288066,205.15904633580936
H. isocalycia,4,200,0.4106663876858148,8,0.929642081402902,0.4432680408393645,0.2902453639588172,0.0912340392043224,0.9,0.2,SUCCESS,1.8270341686801024,95.42911673903242,2.0464703876670995,0.0157805178395243,0.0081991521108272,2.5309938241229704,187.59219809010455
S. hians,1,800,1.4793426088745714,8,1.6408298404803516,0.6487060023919944,0.352296487196694,0.1203947809621367,0.9,0.2,SUCCESS,3.253298506441588,101.82708806420747,5.192912061214933,0.0023377602862295,0.0034519246350097,3.664275499451825,222.4268360134249
S. hians,3,800,2.23189377820879,8,1.6408298404803516,0.6487060023919944,0.352296487196694,0.1203947809621367,0.9,0.2,SUCCESS,3.479475820886349,109.66193201036783,8.77927761402178,0.0035976898687493,0.010546840748736,4.042035647917471,202.83514300869925
S. hians,2,200,0.4152808062051774,8,1.7778030543702097,0.9014661593366818,0.4781226716355543,0.1485155729389827,0.9,0.2,SUCCESS,3.880496958759821,89.65741552949225,1.5287552762987031,0.0013448010634612,0.0006341085981138,4.499684671913332,193.11968297850316
S. hians,1,200,0.7168343421202338,8,1.7778030543702097,0.9014661593366818,0.4781226716355543,0.1485155729389827,0.9,0.2,SUCCESS,4.5589773999468886,107.05943517926266,2.3093736848298008,0.0016744580927875,0.0009320580325769,5.094516745769029,236.7012435209381
S. hians,3,200,0.8766257152632058,8,1.7778030543702097,0.9014661593366818,0.4781226716355543,0.1485155729389827,0.9,0.2,SUCCESS,4.488795452922479,103.6658425253726,3.5969174741995005,0.0018279046481447,0.0013255175511562,5.136775882860363,203.35500953391784
S. hians,2,800,1.6935293144775951,9,1.6408298404803516,0.6487060023919944,0.352296487196694,0.1203947809621367,0.9,0.2,SUCCESS,3.29947479062911,102.72319042780563,6.048704842776317,0.0025094868892672,0.0035602580909469,3.786795944345693,202.725245778436
S. hians,4,800,1.1755176232284783,8,1.6408298404803516,0.6487060023919944,0.352296487196694,0.1203947809621367,0.9,0.2,SUCCESS,3.1471319349771028,99.69697578526832,3.551698290942184,0.0018112535386233,0.0021762144793718,3.4226885986969378,262.2516828685717
S. hians,4,200,0.2297369166525886,8,1.7778030543702097,0.9014661593366818,0.4781226716355543,0.1485155729389827,0.9,0.2,SUCCESS,4.859619496214248,110.43281724191644,1.014867639746683,0.0018609435408044,0.0008539635082374,5.6071305164110665,183.91035454401225
S. laxum,1,200,0.3651541680198629,8,0.9305191665371012,0.3384775974353286,0.2525628728610073,0.0794736024196168,0.9,0.2,SUCCESS,1.0887369518895942,67.63021684396881,1.1736712501826787,0.1312852548622043,0.0529042273966621,1.2929304895115268,245.4257879434196
S. laxum,2,200,0.4451425314377866,8,0.9305191665371012,0.3384775974353286,0.2525628728610073,0.0794736024196168,0.9,0.2,SUCCESS,1.4264634920538937,99.13398999024116,1.866589955512893,0.13888843851332,0.0491398798900186,2.010459475677304,196.73115984658443
S. laxum,1,800,0.2149286214985501,8,1.0924663542247384,0.3767981015992269,0.2885611086738183,0.0666769514253212,0.9,0.2,SUCCESS,1.1152703558811,89.55317439659011,0.8387100136546053,0.129542950095496,0.048230716429306,2.0032750927149787,215.35956493984395
S. laxum,3,800,0.3186828362147141,8,1.0924663542247384,0.3767981015992269,0.2885611086738183,0.0666769514253212,0.9,0.2,SUCCESS,1.0162156352354257,79.46041804640637,1.1212884336076954,0.1438287392309652,0.0466025624460798,1.743023839842287,231.567954963099
S. laxum,3,200,0.2378419058651051,8,0.9305191665371012,0.3384775974353286,0.2525628728610073,0.0794736024196168,0.9,0.2,SUCCESS,1.4432642229402466,91.9499333898307,0.9321037282936544,0.0600162388712965,0.0378819840117441,1.8137043040958636,219.27434036134665
S. laxum,2,800,0.2912774261112977,8,1.0924663542247384,0.3767981015992269,0.2885611086738183,0.0666769514253212,0.9,0.2,SUCCESS,1.324958782507094,97.44033353398972,1.2164239876350609,0.0340164167707705,0.0219438010390486,2.1843942941414145,213.60181916086043
S. laxum,4,200,0.397087455811678,8,0.9305191665371012,0.3384775974353286,0.2525628728610073,0.0794736024196168,0.9,0.2,SUCCESS,0.9956332622804858,64.63293137071341,1.3860175297843398,0.1343706499160301,0.0506586426923036,1.2514458693321402,234.69015423661335
S. laxum,4,800,1.069528309189736,8,1.0924663542247384,0.3767981015992269,0.2885611086738183,0.0666769514253212,0.9,0.2,SUCCESS,1.077807882597967,99.5628800715908,4.721678318771396,0.1069843420129555,0.0613839098545538,2.348883011959094,172.90846167553138
T. cristatus,1,200,1.8878540130752743,8,1.932456293809772,0.8161856504215941,0.4187827774815925,0.0943950549978757,0.9,0.2,SUCCESS,6.767290358586732,168.20893227763997,10.1549502495114,0.0021659914854282,0.0023645379388588,8.574426787749115,151.72641216410926
T. cristatus,2,200,0.7941651005022339,8,1.932456293809772,0.8161856504215941,0.4187827774815925,0.0943950549978757,0.9,0.2,SUCCESS,5.778317808222246,143.25887964241196,4.129742634907245,0.001613578538558,0.0010389963936358,7.333007907942918,148.5927176799768
T. cristatus,1,800,0.5010775932014255,8,1.422182976998262,0.7561359245726862,0.4998875675838674,0.1212551955490179,0.9,0.2,SUCCESS,5.405116092551223,141.9353769534031,2.1181344203618977,0.0018890818882381,0.0009290511601772,6.251074193880398,182.3064079492338
T. cristatus,2,800,0.5735318897620952,7,1.422182976998262,0.7561359245726862,0.4998875675838674,0.1212551955490179,0.9,0.2,SUCCESS,4.909137180198371,126.19483223309292,3.224554778660206,0.0017882381979173,0.001123146842919,5.858330912403597,141.9730304202606
T. cristatus,3,200,2.129665061228956,8,1.932456293809772,0.8161856504215941,0.4187827774815925,0.0943950549978757,0.9,0.2,SUCCESS,7.503720863988896,185.9977817889745,10.08786149814938,0.0022729508311673,0.0020725619730386,9.410020832941017,157.44383505733285
T. cristatus,4,200,0.898046834139467,8,1.932456293809772,0.8161856504215941,0.4187827774815925,0.0943950549978757,0.9,0.2,SUCCESS,5.424726767643232,136.8774157051609,3.962560693456467,0.0014576399121093,0.0009812421357839,6.786718086028032,172.94954876256782
T. cristatus,3,800,0.2506189393946848,8,1.422182976998262,0.7561359245726862,0.4998875675838674,0.1212551955490179,0.9,0.2,SUCCESS,3.9649369474553824,106.99659979839122,0.9318489018781406,0.0012968014335233,0.0005251156544925,4.575205671761492,205.87009036993976
T. cristatus,4,800,0.7819950151938568,8,1.422182976998262,0.7561359245726862,0.4998875675838674,0.1212551955490179,0.9,0.2,SUCCESS,5.279261541821819,152.11513608457233,4.724315020908534,0.0081568777242462,0.0032784180453709,6.893230961328818,160.19681254497272
T. cristatus,6,200,1.0818012358220517,8,1.932456293809772,0.8161856504215941,0.4187827774815925,0.0943950549978757,0.9,0.2,SUCCESS,4.243249433000159,112.28783312579266,3.840493701427612,0.0012756979071634,0.0010679062215792,5.231907783505312,222.7874109424854
T. forrestii,1,200,0.8556349101623626,8,2.281661790671401,0.3519372249371659,0.2814788365228409,0.0870707393184862,0.9,0.2,SUCCESS,1.999846578544188,143.67538310982732,3.564347182981564,0.1521652669903948,0.0432325186213874,3.0484024669147582,185.23363748719711
T. forrestii,1,800,1.513820556830298,8,1.8579903761298235,0.1805861262875186,0.1983923977579862,0.0750871088328947,0.9,0.2,SUCCESS,1.7223724148087842,156.37260454764976,7.055111960602758,0.1312128086006977,0.0568445311677773,1.7601594343053029,169.36931516131298
T. forrestii,2,200,0.9929644323843344,8,2.281661790671401,0.3519372249371659,0.2814788365228409,0.0870707393184862,0.9,0.2,SUCCESS,3.1257996749735995,172.33633863098916,3.497865863415541,0.0922939664624385,0.0545785897795735,3.3922858208076314,246.70782661193977
T. cristatus,6,800,0.1769423014408243,8,1.422182976998262,0.7561359245726862,0.4998875675838674,0.1212551955490179,0.9,0.2,SUCCESS,2.1573982161322003,60.52456323282281,0.6726161461904638,0.0007589350883006,0.0003708953169564,2.6030853683611648,201.19157334339224
T. forrestii,2,800,0.5870170235062369,8,1.8579903761298235,0.1805861262875186,0.1983923977579862,0.0750871088328947,0.9,0.2,SUCCESS,2.0609272759156942,164.02215645374574,2.45454593871429,0.1435678532153091,0.0472832038977332,1.7800868240683352,198.1209276738341
T. forrestii,3,200,0.2536310693144281,8,2.281661790671401,0.3519372249371659,0.2814788365228409,0.0870707393184862,0.9,0.2,SUCCESS,2.268427011477572,136.75003434518905,0.8805339420278528,0.1492500605442711,0.0364864311074491,2.7326255958310623,233.99846472410516
T. forrestii,3,800,2.713009351329295,8,1.8579903761298235,0.1805861262875186,0.1983923977579862,0.0750871088328947,0.9,0.2,SUCCESS,1.5213344206230257,115.03002038796195,9.344558742444145,0.1186967073322348,0.0617059661751294,1.2060016177459174,226.31339109800783
T. forrestii,4,200,2.4768158458107887,8,2.281661790671401,0.3519372249371659,0.2814788365228409,0.0870707393184862,0.9,0.2,SUCCESS,2.457441613514291,156.5375349646408,9.512932639322685,0.1372251117391059,0.0526664619677334,3.223741827213117,209.11871566835956
T. forrestii,4,800,0.8729929855214666,8,1.8579903761298235,0.1805861262875186,0.1983923977579862,0.0750871088328947,0.9,0.2,SUCCESS,1.7928611007633457,123.84573164416392,2.897564778892466,0.1257532055968553,0.0555529839121164,1.2629833495298075,249.61556373729664
